effective_id	display_name	match_tier	source	donor_cid	real_prog_count	prog_fp	sample_titles
## ENTERTAINMENT ᴴᴰ/ᴿᴬᵂ ⁶⁰ᶠᵖˢ ##	Entertainment HD/RAW 60fps	dummy			0		
## NOW TV ENTERTAINMENT ᴴᴰ/ᴿᴬᵂ ##	Now TV Entertainment HD/RAW	dummy			0		
## NOW TV SPORT ᴴᴰ/ᴿᴬᵂ ##	Now TV Sport HD/RAW	dummy			0		
## SPECTRUM NETWORK ᴿᴬᵂ ⁶⁰ᶠᵖˢ ##	Spectrum Network RAW 60fps	dummy			0		
### DIREC TV ᴿᴬᵂ ⁶⁰ᶠᵖˢ ###	Direc TV RAW 60fps	norm-name	provider_3	d3820a93-e2a6-43f5-955f-9fdcd7ff0724	23	8ef556a553	U.S. Open Featured Groups 1 | ### DIREC TV ᴿᴬᵂ ⁶⁰ᶠᵖˢ ### | 2026 U.S. Open Golf Championship
### DIREC TV ᶜᶦᵗʸ ᴿᴬᵂ ⁶⁰ᶠᵖˢ ###	Direc TV City RAW 60fps	norm-name	provider_3	d3820a93-e2a6-43f5-955f-9fdcd7ff0724	23	73170ddd49	U.S. Open Featured Groups 1 | ### DIREC TV ᶜᶦᵗʸ ᴿᴬᵂ ⁶⁰ᶠᵖˢ ### | 2026 U.S. Open Golf Championship
### LA LIGA TEAM PPV ###	La Liga Team PPV	dummy			0		
### MATCHROOM PPV ###	Matchroom PPV	dummy			0		
### NBA ATT LIVE EVENTS ###	NBA Att Live Events	dummy			0		
### NBA SLING LIVE EVENTS ###	NBA Sling Live Events	dummy			0		
### SA beIN SP⚽RTS RAW ###	SA beIN Sports RAW	bein-override	bein-epg	beINSports.qa@MENA	57	6a1b2da642	Al Duhail vs Al Wakrah  -  Qatar Stars League 2025/26 | Nimes vs Saint - Raphael | Paris vs Aix  -  LNH Division 1
### SA beIN SP⚽RTS ᴴᴰ ###	SA beIN Sports HD	bein-override	bein-epg	beINSports.qa@MENA	57	6a1b2da642	Al Duhail vs Al Wakrah  -  Qatar Stars League 2025/26 | Nimes vs Saint - Raphael | Paris vs Aix  -  LNH Division 1
### SERIE A TEAM PPV ###	Serie A Team PPV	dummy			0		
### UEFA CHAMPIONS LEAGUE ⚽ ###	UEFA Champions League	dummy			0		
### UK CINEMA HEVC/4K ###	UK Cinema HEVC/4K	dummy			0		
### UK CINEMA HEVC/HD ###	UK Cinema HEVC/HD	dummy			0		
### UK DOCUMENTARY HEVC/4K ###	UK Documentary HEVC/4K	dummy			0		
### UK DOCUMENTARY HEVC/HD ###	UK Documentary HEVC/HD	dummy			0		
### UK GENERAL HEVC/4K ###	UK General HEVC/4K	dummy			0		
### UK GENERAL HEVC/HD ###	UK General HEVC/HD	dummy			0		
### UK NEWS HEVC/4K ###	UK News HEVC/4K	dummy			0		
### UK NEWS HEVC/HD ###	UK News HEVC/HD	dummy			0		
### UK SPORT HEVC/4K ###	UK Sport HEVC/4K	dummy			0		
### UK SPORT HEVC/HD ###	UK Sport HEVC/HD	dummy			0		
### beIN SP⚽RTS 4K 3840P ###	beIN Sports 4K 3840p	bein-override	bein-epg	beINSports.qa@MENA	57	6a1b2da642	Al Duhail vs Al Wakrah  -  Qatar Stars League 2025/26 | Nimes vs Saint - Raphael | Paris vs Aix  -  LNH Division 1
### beIN SP⚽RTS ᴿᴬᵂ ###	beIN Sports RAW	bein-override	bein-epg	beINSports.qa@MENA	57	6a1b2da642	Al Duhail vs Al Wakrah  -  Qatar Stars League 2025/26 | Nimes vs Saint - Raphael | Paris vs Aix  -  LNH Division 1
#### AMAZON PPV ####	Amazon PPV	dummy			0		
#### APPLE TV F1 PPV ####	Apple TV F1 PPV	dummy			0		
#### BBC IPLAYER ᴿᴬᵂ ####	BBC iPlayer RAW	dummy			0		
#### DAZN MENA PPV #####	DAZN MENA PPV	dummy			0		
#### DISCOVERY+ #####	Discovery+	norm-name	provider_3	4d2c2d58-cb18-44fe-8f9b-96637b1aac60	118	dfa6fb2540	Contraband: Seized at the Border | 120 Hours Behind Bars | In the Eye of the Storm
#### DISCOVERY+ HD/4K ####	Discovery+ HD/4K	norm-name	provider_3	4d2c2d58-cb18-44fe-8f9b-96637b1aac60	118	dfa6fb2540	Contraband: Seized at the Border | 120 Hours Behind Bars | In the Eye of the Storm
#### DOCUMENTARY HD/4K ####	Documentary HD/4K	norm-name	provider_3	d2d0ba03-cbf0-40ec-a604-010a95390a9e	106	f384a5d7d3	Alter Egos | Bear Guardians | Breakaway
#### GENERAL HD/4K ####	General HD/4K	dummy			0		
#### SKY CINEMA HD/4K ####	Sky Cinema HD/4K	dummy			0		
#### THMANYAH ᴿᴬᵂ ####	Thmanyah RAW	dummy			0		
#### WORLD OF COOKING 4K ####	World Of Cooking 4K	dummy			0		
##### ABC ᴴᴰ/ᴿᴬᵂ ⁶⁰ᶠᵖˢ #####	ABC HD/RAW 60fps	dummy			0		
##### ACTORS 4K #####	Actors 4K	dummy			0		
##### AFRICA ᴿᴬᵂ #####	Africa RAW	dummy			0		
##### ALWAN SPORT #####	Alwan Sport	dummy			0		
##### CBS ᴴᴰ/ᴿᴬᵂ ⁶⁰ᶠᵖˢ #####	CBS HD/RAW 60fps	dummy			0		
##### CW ᴴᴰ/ᴿᴬᵂ ⁶⁰ᶠᵖˢ #####	CW HD/RAW 60fps	dummy			0		
##### EFL IFOLLOW REPLAY ᴿᴬᵂ #####	Efl Ifollow Replay RAW	dummy			0		
##### EFL-L1 REPLAYS ᴿᴬᵂ #####	Efl-L1 Replays RAW	dummy			0		
##### EFL-L2 REPLAYS ᴿᴬᵂ #####	Efl-L2 Replays RAW	dummy			0		
##### FORMULA 1 #####	Formula 1	dummy			0		
##### FOX ᴴᴰ/ᴿᴬᵂ ⁶⁰ᶠᵖˢ #####	FOX HD/RAW 60fps	dummy			0		
##### LALIGA REPLAY ᴿᴬᵂ #####	Laliga Replay RAW	dummy			0		
##### LIGUE 1 PPV #####	Ligue 1 PPV	dummy			0		
##### LIVE FOOTBALL PPV #####	Live Football PPV	dummy			0		
##### NATIONAL LEAGUE REPLAY ᴿᴬᵂ #####	National League Replay RAW	dummy			0		
##### NBA PASS PPV ⁸ᴷ #####	NBA Pass PPV 8K	dummy			0		
##### NCAAF #####	NCAAF	dummy			0		
##### NETHERLAND ᴿᴬᵂ #####	Netherland RAW	dummy			0		
##### NEW ZEALAND ᴿᴬᵂ #####	New Zealand RAW	dummy			0		
##### NEWS ᴴᴰ/ᴿᴬᵂ ⁶⁰ᶠᵖˢ #####	News HD/RAW 60fps	dummy			0		
##### NFL LIVE EVENTS #####	NFL Live Events	dummy			0		
##### OSN PLATINUM ᴿᴬᵂ #####	OSN Platinum RAW	dummy			0		
##### SERIEA REPLAY ᴿᴬᵂ #####	Seriea Replay RAW	dummy			0		
##### SINGAPORE ᴿᴬᵂ #####	Singapore RAW	dummy			0		
##### SPFL REPLAY ᴿᴬᵂ #####	SPFL Replay RAW	dummy			0		
##### SPORTS PPV ᴺᴹ #####	Sports PPV NM	dummy			0		
##### SPORTS ᴿᴬᵂ #####	Sports RAW	dummy			0		
##### TENNIS PPV #####	Tennis PPV	dummy			0		
##### THMANYAH ᴴᴰ #####	Thmanyah HD	dummy			0		
##### UNITED KINGDOM ᴿᴬᵂ #####	United Kingdom RAW	dummy			0		
##### beIN SP⚽RTS 4K ◉ #####	beIN Sports 4K	bein-override	bein-epg	beINSports.qa@MENA	57	6a1b2da642	Al Duhail vs Al Wakrah  -  Qatar Stars League 2025/26 | Nimes vs Saint - Raphael | Paris vs Aix  -  LNH Division 1
##### beIN SP⚽RTS MAX FM #####	beIN Sports MAX FM	dummy			0		
##### beIN SP⚽RTS MAX ᴺᴹ #####	beIN Sports MAX NM	dummy			0		
##### beIN SP⚽RTS MAX ⁸ᴷ #####	beIN Sports MAX 8K	dummy			0		
##### beIN SP⚽RTS ʰᵉᵛᶜ #####	beIN Sports HEVC	bein-override	bein-epg	beINSports.qa@MENA	57	6a1b2da642	Al Duhail vs Al Wakrah  -  Qatar Stars League 2025/26 | Nimes vs Saint - Raphael | Paris vs Aix  -  LNH Division 1
##### beIN SP⚽RTS ᴴᴰ #####	beIN Sports HD	bein-override	bein-epg	beINSports.qa@MENA	57	6a1b2da642	Al Duhail vs Al Wakrah  -  Qatar Stars League 2025/26 | Nimes vs Saint - Raphael | Paris vs Aix  -  LNH Division 1
###### BAHRAIN TV ######	Bahrain TV	norm-name	provider_4	BahrainTV.bh@SD	303	044b066603	Mahattat | Qesah Wa Ebrah | Al Fajr Prayer
###### DOCUMENTARY TV ######	Documentary TV	dummy			0		
###### MBC 4K TV ######	MBC 4K TV	dummy			0		
###### MLB -1 PPV ######	MLB -1 PPV	dummy			0		
###### NHL HD/4K ######	NHL HD/4K	dummy			0		
###### PPV EVENT ⁽ᴮᴷ⁾ ######	PPV Event	dummy			0		
###### PPV HD/4K ######	PPV HD/4K	dummy			0		
###### ROTANA & ART TV ######	Rotana & ART TV	dummy			0		
###### SHAHID. VIP ######	Shahid. VIP	dummy			0		
###### SPORT 4K ######	Sport 4K	dummy			0		
###### SPORT ᴴᴰ/ᴿᴬᵂ ⁶⁰ᶠᵖˢ ######	Sport HD/RAW 60fps	dummy			0		
###### THE MASTERS PPV ######	The Masters PPV	dummy			0		
###### UFC PPV #######	UFC PPV	dummy			0		
####### DAZN PPV MA #######	DAZN PPV Ma	dummy			0		
####### DAZN PPV US #######	DAZN PPV Us	dummy			0		
####### ESPN+ PPV ⱽᴵᴾ #######	ESPN+ PPV VIP	dummy			0		
####### FIFA+ PPV #######	Fifa+ PPV	dummy			0		
####### GOBX #######	GOBX	dummy			0		
####### GOLF PPV #######	Golf PPV	dummy			0		
####### ITV X VIP #######	ITV X VIP	dummy			0		
####### NBC ᴴᴰ/ᴿᴬᵂ ⁶⁰ᶠᵖˢ #######	NBC HD/RAW 60fps	dummy			0		
####### NCAAB PPV #######	NCAAB PPV	dummy			0		
####### NETFLIX PPV #######	Netflix PPV	dummy			0		
####### NEWS #######	News	dummy			0		
####### PPV #######	PPV	dummy			0		
####### SHAHID PPV #######	Shahid PPV	dummy			0		
####### SKY SPORTS ᴿᴬᵂ #######	Sky Sports RAW	rescue-token	provider_13	skysportsplus.uk	34	e04342cc68	ICC Women's T20 World Cup | World Cup Matchday | World Cup Report
####### SKY SPORTS ᴿᴬᵂ ʰᵉᵛᶜ #######	Sky Sports RAW HEVC	rescue-token	provider_13	skysportsplus.uk	34	e04342cc68	ICC Women's T20 World Cup | World Cup Matchday | World Cup Report
####### SKY SPORTS ⁴ᵏ & ³⁸⁴⁰ᴾ #######	Sky Sports 4K & 3840p	norm-name	provider_5	SkySportsMainEvent.uk@SD	0		
####### TNT SPORT ᴿᴬᵂ #######	TNT Sport RAW	dummy			0		
####### TNT SPORT ᴿᴬᵂ ʰᵉᵛᶜ #######	TNT Sport RAW HEVC	dummy			0		
####### TNT SPORT ᴿᴬᵂ ᴿᴬᵂ #######	TNT Sport RAW RAW	dummy			0		
####### TNT SPORT ᴿᴬᵂ ⁵⁰ FPS #######	TNT Sport RAW 50 Fps	dummy			0		
####### TNT SPORTS EVENT #######	TNT Sports Event	dummy			0		
####### UEFA PPV #######	UEFA PPV	dummy			0		
4Seven.uk	4SEVEN [UK]	direct	provider_13	4Seven.uk	49	ee64e72aff	A Place in the Sun | Chateau DIY | Come Dine with Me
4seven.uk	London Live [UK]	direct	provider_13	4seven.uk	98	671a9ced85	Gypsy Rose: Life After Lock Up | The Dog House | Invasion of the Parakeets
5Action.uk	5 Action HD [UK]	direct	provider_13	5Action.uk	55	e6e11e9353	Entertainment News on 5 | Red Sundown | The Proud Ones
5star.uk	5 Star [UK]	direct	provider_13	5star.uk	52	1c40d79776	Police Interceptors | Call the Bailiffs | Home and Away
8K: STC THMANYAH ᴴᴰ	Stc Thmanyah HD [8K]	dummy			0		
8K: THMANYAH 1 ᴴᴰ	Thmanyah 1 HD [8K]	dummy			0		
8K: THMANYAH 1 ᴿᴬᵂ	Thmanyah 1 RAW [8K]	dummy			0		
8K: THMANYAH 2 ᴴᴰ	Thmanyah 2 HD [8K]	dummy			0		
8K: THMANYAH 2 ᴿᴬᵂ	Thmanyah 2 RAW [8K]	dummy			0		
8K: THMANYAH 3 ᴴᴰ	Thmanyah 3 HD [8K]	dummy			0		
8K: THMANYAH 3 ᴿᴬᵂ	Thmanyah 3 RAW [8K]	dummy			0		
8K: THMANYAH MINASA 1 MULTI AUDIO ᴴᴰ	Thmanyah Minasa 1 Multi Audio HD [8K]	dummy			0		
8K: THMANYAH MINASA 1 ᴴᴰ	Thmanyah Minasa 1 HD [8K]	dummy			0		
8K: THMANYAH MINASA 2 MULTI AUDIO ᴴᴰ	Thmanyah Minasa 2 Multi Audio HD [8K]	dummy			0		
8K: THMANYAH MINASA 2 ᴴᴰ	Thmanyah Minasa 2 HD [8K]	dummy			0		
8K: THMANYAH MINASA 3 MULTI AUDIO ᴴᴰ	Thmanyah Minasa 3 Multi Audio HD [8K]	dummy			0		
8K: THMANYAH MINASA 3 ᴴᴰ	Thmanyah Minasa 3 HD [8K]	dummy			0		
8K: beIN MAX ⁴ᴷ ³⁸⁴⁰ᵖ (EVENT ONLY)	beIN MAX 4K 3840p (Event Only) [8K]	dummy			0		
8K: beIN SP⚽RTS 3 ʰᵉᵛᶜ	beIN Sports 3 HEVC [8K]	bein-override	bein-epg	beINSports3.qa@MENA	51	2f76910d0a	Atlético de Madrid vs Rayo Vallecano  -  Spanish LaLiga 2025/26 | Blooming (BOL) vs River Plate (ARG)  -  Conmebol Sudamericana Group Stage | Barcelona (ECU) vs Argentinos Juniors (ARG)  -  Copa Libertadores 2026
8K: beIN SP⚽RTS 4 XTRA ᴴᴰ	beIN Sports 4 Xtra HD [8K]	dup-feed-scrub	provider_1	7A8040D9-7BAF-477E-B9F7-8BAB88F677E8	0		
8K: beIN SP⚽RTS 4 XTRA ᴿᴬᵂ	beIN Sports 4 Xtra RAW [8K]	dup-feed-scrub	provider_1	7A8040D9-7BAF-477E-B9F7-8BAB88F677E8	0		
8K: beIN SP⚽RTS 5 XTRA ᴴᴰ	beIN Sports 5 Xtra HD [8K]	dup-feed-scrub	provider_1	51D28C47-7B79-4007-81A3-BFDF9BC65A3B	0		
8K: beIN SP⚽RTS 5 XTRA ᴿᴬᵂ	beIN Sports 5 Xtra RAW [8K]	dup-feed-scrub	provider_1	51D28C47-7B79-4007-81A3-BFDF9BC65A3B	0		
8K: beIN SP⚽RTS 6 XTRA ᴴᴰ	beIN Sports 6 Xtra HD [8K]	dup-feed-scrub	provider_1	9ABD32F9-C6D9-4DD5-B936-2C7E6546292E	0		
8K: beIN SP⚽RTS 6 XTRA ᴿᴬᵂ	beIN Sports 6 Xtra RAW [8K]	dup-feed-scrub	provider_1	9ABD32F9-C6D9-4DD5-B936-2C7E6546292E	0		
8K: beIN SP⚽RTS 7 XTRA ᴴᴰ	beIN Sports 7 Xtra HD [8K]	dup-feed-scrub	provider_1	1752F091-A114-4629-BED4-46E0BB488A24	0		
8K: beIN SP⚽RTS 7 XTRA ᴿᴬᵂ	beIN Sports 7 Xtra RAW [8K]	dup-feed-scrub	provider_1	1752F091-A114-4629-BED4-46E0BB488A24	0		
8K: beIN SP⚽RTS 8 XTRA ᴴᴰ	beIN Sports 8 Xtra HD [8K]	dup-feed-scrub	provider_1	CD634732-20D1-4137-94E7-939DE93D056D	0		
8K: beIN SP⚽RTS 8 XTRA ᴿᴬᵂ	beIN Sports 8 Xtra RAW [8K]	dup-feed-scrub	provider_1	CD634732-20D1-4137-94E7-939DE93D056D	0		
8K: beIN SP⚽RTS 9 XTRA ᴴᴰ	beIN Sports 9 Xtra HD [8K]	dup-feed-scrub	provider_1	522050CE-EBD3-43EA-B636-42B034FDC05C	0		
8K: beIN SP⚽RTS 9 XTRA ᴿᴬᵂ	beIN Sports 9 Xtra RAW [8K]	dup-feed-scrub	provider_1	522050CE-EBD3-43EA-B636-42B034FDC05C	0		
8K: beIN SP⚽RTS MAX 1 AR ʰᵉᵛᶜ	beIN Sports MAX 1 Arabic HEVC [8K]	bein-override	bein-epg	beINSportsMax1.qa@MENA	80	9d0a792eb6	🔴 LIVE: Countdown | 🔴 LIVE: Ghana vs Panama  -  FIFA World Cup 2026 | England vs Croatia  -  FIFA World Cup 2026
8K: beIN SP⚽RTS MAX 1 AR ᴴᴰ	beIN Sports MAX 1 Arabic HD [8K]	bein-override	bein-epg	beINSportsMax1.qa@MENA	80	9d0a792eb6	🔴 LIVE: Countdown | 🔴 LIVE: Ghana vs Panama  -  FIFA World Cup 2026 | England vs Croatia  -  FIFA World Cup 2026
8K: beIN SP⚽RTS MAX 1 AR ᴿᴬᵂ	beIN Sports MAX 1 Arabic RAW [8K]	bein-override	bein-epg	beINSportsMax1.qa@MENA	80	9d0a792eb6	🔴 LIVE: Countdown | 🔴 LIVE: Ghana vs Panama  -  FIFA World Cup 2026 | England vs Croatia  -  FIFA World Cup 2026
8K: beIN SP⚽RTS MAX 2 AR ʰᵉᵛᶜ	beIN Sports MAX 2 Arabic HEVC [8K]	bein-override	bein-epg	beINSportsMax2.qa@MENA	72	6c5ce251d4	🔴 LIVE: England vs Croatia  -  FIFA World Cup 2026 | Austria vs Jordan  -  FIFA World Cup 2026 | Portugal vs DR Congo  -  FIFA World Cup 2026
8K: beIN SP⚽RTS MAX 2 AR ᴴᴰ	beIN Sports MAX 2 Arabic HD [8K]	bein-override	bein-epg	beINSportsMax2.qa@MENA	72	6c5ce251d4	🔴 LIVE: England vs Croatia  -  FIFA World Cup 2026 | Austria vs Jordan  -  FIFA World Cup 2026 | Portugal vs DR Congo  -  FIFA World Cup 2026
8K: beIN SP⚽RTS MAX 2 AR ᴿᴬᵂ	beIN Sports MAX 2 Arabic RAW [8K]	bein-override	bein-epg	beINSportsMax2.qa@MENA	72	6c5ce251d4	🔴 LIVE: England vs Croatia  -  FIFA World Cup 2026 | Austria vs Jordan  -  FIFA World Cup 2026 | Portugal vs DR Congo  -  FIFA World Cup 2026
8K: beIN SP⚽RTS MAX 3 AR ʰᵉᵛᶜ	beIN Sports MAX 3 Arabic HEVC [8K]	bein-override	bein-epg	beINSportsMax3.qa@MENA	45	de11716588	🔴 LIVE: Ghana vs Panama  -  FIFA World Cup 2026 | MD Plus | France vs Senegal  -  FIFA World Cup 2026
8K: beIN SP⚽RTS MAX 3 AR ᴴᴰ	beIN Sports MAX 3 Arabic HD [8K]	bein-override	bein-epg	beINSportsMax3.qa@MENA	45	de11716588	🔴 LIVE: Ghana vs Panama  -  FIFA World Cup 2026 | MD Plus | France vs Senegal  -  FIFA World Cup 2026
8K: beIN SP⚽RTS MAX 3 AR ᴿᴬᵂ	beIN Sports MAX 3 Arabic RAW [8K]	bein-override	bein-epg	beINSportsMax3.qa@MENA	45	de11716588	🔴 LIVE: Ghana vs Panama  -  FIFA World Cup 2026 | MD Plus | France vs Senegal  -  FIFA World Cup 2026
8K: beIN SP⚽RTS MAX 4 AR ʰᵉᵛᶜ	beIN Sports MAX 4 Arabic HEVC [8K]	bein-override	bein-epg	beINSportsMax4.qa@MENA	50	759919163b	🔴 LIVE: England vs Croatia  -  FIFA World Cup 2026 | 🔴 LIVE: Live Host City View | 🔴 LIVE: Uzbekistan vs Colombia  -  FIFA World Cup 2026
8K: beIN SP⚽RTS MAX 4 AR ᴴᴰ	beIN Sports MAX 4 Arabic HD [8K]	bein-override	bein-epg	beINSportsMax4.qa@MENA	50	759919163b	🔴 LIVE: England vs Croatia  -  FIFA World Cup 2026 | 🔴 LIVE: Live Host City View | 🔴 LIVE: Uzbekistan vs Colombia  -  FIFA World Cup 2026
8K: beIN SP⚽RTS MAX 4 AR ᴿᴬᵂ	beIN Sports MAX 4 Arabic RAW [8K]	bein-override	bein-epg	beINSportsMax4.qa@MENA	50	759919163b	🔴 LIVE: England vs Croatia  -  FIFA World Cup 2026 | 🔴 LIVE: Live Host City View | 🔴 LIVE: Uzbekistan vs Colombia  -  FIFA World Cup 2026
8K: beIN SP⚽RTS MAX 5 EN ʰᵉᵛᶜ	beIN Sports MAX 5 English HEVC [8K]	bein-override	bein-epg	beINSportsMax5.qa@MENA	46	1b5d78197a	🔴 LIVE: England vs Croatia  -  FIFA World Cup 2026 | 🔴 LIVE: Ghana vs Panama  -  FIFA World Cup 2026 | 🔴 LIVE: Uzbekistan vs Colombia  -  FIFA World Cup 2026
8K: beIN SP⚽RTS MAX 5 EN ᴴᴰ	beIN Sports MAX 5 English HD [8K]	bein-override	bein-epg	beINSportsMax5.qa@MENA	46	1b5d78197a	🔴 LIVE: England vs Croatia  -  FIFA World Cup 2026 | 🔴 LIVE: Ghana vs Panama  -  FIFA World Cup 2026 | 🔴 LIVE: Uzbekistan vs Colombia  -  FIFA World Cup 2026
8K: beIN SP⚽RTS MAX 5 EN ᴿᴬᵂ	beIN Sports MAX 5 English RAW [8K]	bein-override	bein-epg	beINSportsMax5.qa@MENA	46	1b5d78197a	🔴 LIVE: England vs Croatia  -  FIFA World Cup 2026 | 🔴 LIVE: Ghana vs Panama  -  FIFA World Cup 2026 | 🔴 LIVE: Uzbekistan vs Colombia  -  FIFA World Cup 2026
8K: beIN SP⚽RTS SOLO MAX AR ᴴᴰ	beIN Sports Solo MAX Arabic HD [8K]	dummy			0		
:Golf 09	Golf 09	dummy			0		
:Golf 10	Golf 10	dummy			0		
:NCAAB 01	NCAAB 01	dummy			0		
:NCAAB 02	NCAAB 02	dummy			0		
:NCAAB 03	NCAAB 03	dummy			0		
:NCAAB 04	NCAAB 04	dummy			0		
:NCAAB 05	NCAAB 05	dummy			0		
:NCAAB 06	NCAAB 06	dummy			0		
:NCAAB 07	NCAAB 07	dummy			0		
:NCAAB 08	NCAAB 08	dummy			0		
:NCAAB 09	NCAAB 09	dummy			0		
:NCAAB 10	NCAAB 10	dummy			0		
:NCAAB 100	NCAAB 100	dummy			0		
:NCAAB 101	NCAAB 101	dummy			0		
:NCAAB 11	NCAAB 11	dummy			0		
:NCAAB 12	NCAAB 12	dummy			0		
:NCAAB 13	NCAAB 13	dummy			0		
:NCAAB 14	NCAAB 14	dummy			0		
:NCAAB 15	NCAAB 15	dummy			0		
:NCAAB 16	NCAAB 16	dummy			0		
:NCAAB 17	NCAAB 17	dummy			0		
:NCAAB 18	NCAAB 18	dummy			0		
:NCAAB 19	NCAAB 19	dummy			0		
:NCAAB 20	NCAAB 20	dummy			0		
:NCAAB 21	NCAAB 21	dummy			0		
:NCAAB 22	NCAAB 22	dummy			0		
:NCAAB 23	NCAAB 23	dummy			0		
:NCAAB 24	NCAAB 24	dummy			0		
:NCAAB 25	NCAAB 25	dummy			0		
:NCAAB 26	NCAAB 26	dummy			0		
:NCAAB 27	NCAAB 27	dummy			0		
:NCAAB 28	NCAAB 28	dummy			0		
:NCAAB 29	NCAAB 29	dummy			0		
:NCAAB 30	NCAAB 30	dummy			0		
:NCAAB 31	NCAAB 31	dummy			0		
:NCAAB 32	NCAAB 32	dummy			0		
:NCAAB 33	NCAAB 33	dummy			0		
:NCAAB 34	NCAAB 34	dummy			0		
:NCAAB 35	NCAAB 35	dummy			0		
:NCAAB 36	NCAAB 36	dummy			0		
:NCAAB 37	NCAAB 37	dummy			0		
:NCAAB 38	NCAAB 38	dummy			0		
:NCAAB 39	NCAAB 39	dummy			0		
:NCAAB 40	NCAAB 40	dummy			0		
:NCAAB 41	NCAAB 41	dummy			0		
:NCAAB 42	NCAAB 42	dummy			0		
:NCAAB 43	NCAAB 43	dummy			0		
:NCAAB 44	NCAAB 44	dummy			0		
:NCAAB 45	NCAAB 45	dummy			0		
:NCAAB 46	NCAAB 46	dummy			0		
:NCAAB 47	NCAAB 47	dummy			0		
:NCAAB 48	NCAAB 48	dummy			0		
:NCAAB 49	NCAAB 49	dummy			0		
:NCAAB 50	NCAAB 50	dummy			0		
:NCAAB 51	NCAAB 51	dummy			0		
:NCAAB 52	NCAAB 52	dummy			0		
:NCAAB 53	NCAAB 53	dummy			0		
:NCAAB 54	NCAAB 54	dummy			0		
:NCAAB 55	NCAAB 55	dummy			0		
:NCAAB 56	NCAAB 56	dummy			0		
:NCAAB 57	NCAAB 57	dummy			0		
:NCAAB 58	NCAAB 58	dummy			0		
:NCAAB 59	NCAAB 59	dummy			0		
:NCAAB 60	NCAAB 60	dummy			0		
:NCAAB 61	NCAAB 61	dummy			0		
:NCAAB 62	NCAAB 62	dummy			0		
:NCAAB 63	NCAAB 63	dummy			0		
:NCAAB 64	NCAAB 64	dummy			0		
:NCAAB 65	NCAAB 65	dummy			0		
:NCAAB 66	NCAAB 66	dummy			0		
:NCAAB 67	NCAAB 67	dummy			0		
:NCAAB 68	NCAAB 68	dummy			0		
:NCAAB 69	NCAAB 69	dummy			0		
:NCAAB 70	NCAAB 70	dummy			0		
:NCAAB 71	NCAAB 71	dummy			0		
:NCAAB 72	NCAAB 72	dummy			0		
:NCAAB 73	NCAAB 73	dummy			0		
:NCAAB 74	NCAAB 74	dummy			0		
:NCAAB 75	NCAAB 75	dummy			0		
:NCAAB 76	NCAAB 76	dummy			0		
:NCAAB 77	NCAAB 77	dummy			0		
:NCAAB 78	NCAAB 78	dummy			0		
:NCAAB 79	NCAAB 79	dummy			0		
:NCAAB 80	NCAAB 80	dummy			0		
:NCAAB 81	NCAAB 81	dummy			0		
:NCAAB 82	NCAAB 82	dummy			0		
:NCAAB 83	NCAAB 83	dummy			0		
:NCAAB 84	NCAAB 84	dummy			0		
:NCAAB 85	NCAAB 85	dummy			0		
:NCAAB 86	NCAAB 86	dummy			0		
:NCAAB 87	NCAAB 87	dummy			0		
:NCAAB 88	NCAAB 88	dummy			0		
:NCAAB 89	NCAAB 89	dummy			0		
:NCAAB 90	NCAAB 90	dummy			0		
:NCAAB 91	NCAAB 91	dummy			0		
:NCAAB 92	NCAAB 92	dummy			0		
:NCAAB 93	NCAAB 93	dummy			0		
:NCAAB 94	NCAAB 94	dummy			0		
:NCAAB 95	NCAAB 95	dummy			0		
:NCAAB 96	NCAAB 96	dummy			0		
:NCAAB 97	NCAAB 97	dummy			0		
:NCAAB 98	NCAAB 98	dummy			0		
:NCAAB 99	NCAAB 99	dummy			0		
:Tennis 27	Tennis 27	dummy			0		
:Tennis 28	Tennis 28	dummy			0		
:Tennis 29	Tennis 29	dummy			0		
:Tennis 30	Tennis 30	dummy			0		
:Tennis 31	Tennis 31	dummy			0		
:Tennis 32	Tennis 32	dummy			0		
:Tennis 33	Tennis 33	dummy			0		
:Tennis 34	Tennis 34	dummy			0		
:Tennis 35	Tennis 35	dummy			0		
:Tennis 36	Tennis 36	dummy			0		
:Tennis 37	Tennis 37	dummy			0		
:Tennis 38	Tennis 38	dummy			0		
:Tennis 39	Tennis 39	dummy			0		
:Tennis 40	Tennis 40	dummy			0		
:Tennis 41	Tennis 41	dummy			0		
:Tennis 42	Tennis 42	dummy			0		
:Tennis 43	Tennis 43	dummy			0		
:Tennis 44	Tennis 44	dummy			0		
:Tennis 45	Tennis 45	dummy			0		
:Tennis 46	Tennis 46	dummy			0		
:Tennis 47	Tennis 47	dummy			0		
:Tennis 48	Tennis 48	dummy			0		
:Tennis 49	Tennis 49	dummy			0		
:Tennis 50	Tennis 50	dummy			0		
ABCNewsLive.us	ABC News [US]	direct	provider_13	ABCNewsLive.us	72	5e95a0aeb9	ABC News Live First | ABC News Live | ABC News Live Reports
ACCNetwork.us	Acc Network HD [US]	direct	provider_13	ACCNetwork.us	59	a0f0eb4690	All ACC | ACC Network Basketball Podcast | US: ACC NETWORK HD
AF: CANAL+ SPORT 1 ᴿᴬᵂ	Canal+ Sport 1 RAW [AF]	dummy			0		
AF: CANAL+ SPORT 2 ᴿᴬᵂ	Canal+ Sport 2 RAW [AF]	dummy			0		
AF: CANAL+ SPORT 3 ᴿᴬᵂ	Canal+ Sport 3 RAW [AF]	dummy			0		
AF: CANAL+ SPORT 4 ᴿᴬᵂ	Canal+ Sport 4 RAW [AF]	dummy			0		
AF: CANAL+ SPORT 5 ᴿᴬᵂ	Canal+ Sport 5 RAW [AF]	dummy			0		
AF: CANAL+ SPORT ᴿᴬᵂ	Canal+ Sport RAW [AF]	dummy			0		
AF: CRTV SPORTS ᴿᴬᵂ	Crtv Sports RAW [AF]	dummy			0		
AF: EUROSPORT 1 ᴿᴬᵂ	Eurosport 1 RAW [AF]	dummy			0		
AF: EUROSPORT 2 ᴿᴬᵂ	Eurosport 2 RAW [AF]	dummy			0		
AF: INFO SPORT AFR ᴿᴬᵂ	Info Sport Afr RAW [AF]	dummy			0		
AF: NBA TV ᴿᴬᵂ	NBA TV RAW [AF]	token	provider_3	5cb6a6db-9440-40c2-8759-6f3475f9b6ea	100	4a5fa4b01b	The Association | AF: NBA TV ᴿᴬᵂ | Basketcast
AF: SUPER FOOTBALL PLUS ᴿᴬᵂ	Super Football Plus RAW [AF]	dummy			0		
AF: SUPER FOOTBALL ᴿᴬᵂ	Super Football RAW [AF]	dummy			0		
AF: SUPER LA LIGA ᴿᴬᵂ	Super La Liga RAW [AF]	dummy			0		
AF: SUPER PREMIER LEAGUE ᴿᴬᵂ	Super Premier League RAW [AF]	dummy			0		
AF: W SPORT ᴿᴬᵂ	W Sport RAW [AF]	dummy			0		
AFNSports.us	Afn Sport HD [US]	direct	provider_13	AFNSports.us	24	1a9cec7853	MLB Baseball | FIFA World Cup Live | FIFA World Cup 2026
AMC.uk	AMC 4K [UK]	dummy			0		
AMC.us	AMC HD [US]	direct	provider_13	AMC.us	28	46f4dd1b77	Natural Blood Pressure Management | The Three Stooges | 50 First Dates
AR:	Arabic	dummy			0		
AR: 1	1 [AR]	dummy			0		
AR: 100	100 [AR]	dummy			0		
AR: 2	2 [AR]	dummy			0		
AR: 2020	2020 [AR]	dup-feed-scrub	provider_3	0ceb396e-86d0-417f-99a2-5de1f3366743	0		
AR: 25	25 [AR]	dummy			0		
AR: 3	3 [AR]	dummy			0		
AR: 303	303 [AR]	dummy			0		
AR: 350	350 [AR]	dummy			0		
AR: 4	4 [AR]	dummy			0		
AR: 44	44 [AR]	dummy			0		
AR: 45	45 [AR]	dummy			0		
AR: 5	5 [AR]	dummy			0		
AR: 6	6 [AR]	dummy			0		
AR: 60	60 [AR]	dummy			0		
AR: 8	8 [AR]	dummy			0		
AR: ART America	ART America [AR]	norm-name	provider_11	ARTAmerica.sa@SD	0		
AR: ART LEBANON HD	ART Lebanon HD [AR]	dummy			0		
AR: ART MASR 2 HD	ART Masr 2 HD [AR]	dummy			0		
AR: ART MASR HD	ART Masr HD [AR]	dummy			0		
AR: ART MIXTA HD	ART Mixta HD [AR]	dummy			0		
AR: ART Movies	ART Movies [AR]	dummy			0		
AR: ART SYRIA HD	ART Syria HD [AR]	dummy			0		
AR: ART TURKI HD	ART Turki HD [AR]	dummy			0		
AR: ART Tarab	ART Tarab [AR]	dummy			0		
AR: Al Wathaeqya 4K	Al Wathaeqya 4K [AR]	dup-feed-scrub	AE1	Al.Wathaeqya.ae	0		
AR: Al Wathaeqya HD	Al Wathaeqya HD [AR]	dup-feed-scrub	AE1	Al.Wathaeqya.ae	0		
AR: Almajd Documentary	Almajd Documentary [AR]	dummy			0		
AR: Bahrain 4K	Bahrain 4K [AR]	dummy			0		
AR: Bahrain International 4K	Bahrain International 4K [AR]	norm-name	AE1	Bahrain.International.ae	177	c886c6f2f5	Outside Of The Box | Elham's Kitchen | Al Dorwazah
AR: CGTN Arabic Documentary	Cgtn Arabic Documentary [AR]	dummy			0		
AR: CGTN English Documentary	Cgtn English Documentary [AR]	dummy			0		
AR: DISCOVERY+ 1 ᴬʳᵃᵇᶦᶜ ᴿᴬᵂ	Discovery+ 1 Arabic RAW [AR]	token	UK1	Discovery+1.uk	115	d86158a200	Wild & Weird America | Deadliest Catch | The Last Woodsmen
AR: DISCOVERY+ 2 ᴬʳᵃᵇᶦᶜ ᴿᴬᵂ	Discovery+ 2 Arabic RAW [AR]	dummy			0		
AR: DISCOVERY+ 3 ᴬʳᵃᵇᶦᶜ ᴿᴬᵂ	Discovery+ 3 Arabic RAW [AR]	dummy			0		
AR: DISCOVERY+ 4 ᴬʳᵃᵇᶦᶜ ᴿᴬᵂ	Discovery+ 4 Arabic RAW [AR]	dummy			0		
AR: DISCOVERY+ 5 ᴬʳᵃᵇᶦᶜ ᴿᴬᵂ	Discovery+ 5 Arabic RAW [AR]	dummy			0		
AR: DNA	Dna [AR]	dummy			0		
AR: LuaLua TV	Lualua TV [AR]	dup-feed-scrub	AE1	LuaLua.TV.HD.ae	0		
AR: MBC ANAKEED 4K	MBC Anakeed 4K [AR]	dummy			0		
AR: MBC DOCUMENTARY 4K	MBC Documentary 4K [AR]	dummy			0		
AR: MBC DRAMA USA 4K	MBC Drama USA 4K [AR]	token	provider_8	MBCPlusDrama.sa@SD	153	d654b55a81	Parineetii | Al Hasnaa Wa Al Asi | Mamnou' Al Tajawwol
AR: MBC Drama+ HD	MBC Drama+ HD [AR]	norm-name	provider_4	MBCDrama.ae@SD	137	c2f06c783d	A'la Nesbet Moshahda | Omm Haroun | Crystal
AR: MBC ELIFE 4K	MBC Elife 4K [AR]	dummy			0		
AR: MBC FM 4K	MBC FM 4K [AR]	dummy-forced			0		
AR: MBC FM HD	MBC FM HD [AR]	dummy-forced			0		
AR: MBC GEOGRAPHIC 4K	MBC Geographic 4K [AR]	dummy			0		
AR: MBC MASR DRAMA 4K	MBC Masr Drama 4K [AR]	norm-name	provider_4	MBCMasrDrama.sa@SD	75	83f58b9532	Al Keif | LE'ABET EL NESIAN Season 1 Episode 30 | Saherat Al Janoub Season 2 Episode 30
AR: MBC MASR DRAMA HD	MBC Masr Drama HD [AR]	norm-name	provider_4	MBCMasrDrama.sa@SD	75	83f58b9532	Al Keif | LE'ABET EL NESIAN Season 1 Episode 30 | Saherat Al Janoub Season 2 Episode 30
AR: MBC PANORAMA FM 4K	MBC Panorama FM 4K [AR]	dummy-forced			0		
AR: MBC PANORAMA FM HD	MBC Panorama FM HD [AR]	dummy-forced			0		
AR: MBC PERSIA 4K ◉	MBC Persia 4K [AR]	norm-name	provider_10	MBCPersia.ae@SD	178	8aec69dbf7	Dil Bole Hadippa | Shootout At Lokhandwala | The Last Samurai
AR: MBC PERSIA HD	MBC Persia HD [AR]	norm-name	provider_10	MBCPersia.ae@SD	178	8aec69dbf7	Dil Bole Hadippa | Shootout At Lokhandwala | The Last Samurai
AR: MBC POWER+ 4K	MBC Power+ 4K [AR]	dummy			0		
AR: MBC SYRIA DRAMA 4K	MBC Syria Drama 4K [AR]	token	provider_8	MBCPlusDrama.sa@SD	153	d654b55a81	Parineetii | Al Hasnaa Wa Al Asi | Mamnou' Al Tajawwol
AR: MBC TOON 4K	MBC Toon 4K [AR]	dummy			0		
AR: MBC TOONS 1 4K	MBC Toons 1 4K [AR]	dummy			0		
AR: MBC TOONS 2 4K	MBC Toons 2 4K [AR]	dummy			0		
AR: MBC VIRATY HD	MBC Viraty HD [AR]	dummy			0		
AR: MBC+ POWER 4K ◉	Mbc+ Power 4K [AR]	dummy			0		
AR: MBC+ POWER SPORT 4K ◉	Mbc+ Power Sport 4K [AR]	dummy			0		
AR: Nature 4K	Nature 4K [AR]	dummy			0		
AR: Rotana Clip 4K	Rotana Clip 4K [AR]	dup-feed-scrub	AE1	Rotana.Clip.ae	0		
AR: Rotana Clip HD	Rotana Clip HD [AR]	dup-feed-scrub	AE1	Rotana.Clip.ae	0		
AR: Rotana Drama	Rotana Drama [AR]	norm-name	provider_4	RotanaDrama.sa@SD	24	5d0e6ba1a5	Sawaq Wshaghala | Al Sabea | Adam wa Hawaa
AR: Rotana Drama 4K ◉	Rotana Drama 4K [AR]	norm-name	provider_4	RotanaDrama.sa@SD	24	5d0e6ba1a5	Sawaq Wshaghala | Al Sabea | Adam wa Hawaa
AR: Rotana Drama HD	Rotana Drama HD [AR]	norm-name	provider_4	RotanaDrama.sa@SD	24	5d0e6ba1a5	Sawaq Wshaghala | Al Sabea | Adam wa Hawaa
AR: Rotana M+ 4K	Rotana M+ 4K [AR]	dummy			0		
AR: STC /	Stc / [AR]	dummy			0		
AR: STC-TV 1 Cinema HD	Stc-TV 1 Cinema HD [AR]	dummy			0		
AR: TEN TV	Ten TV [AR]	dummy			0		
AR: TOD TV 4K	TOD TV 4K [AR]	dummy			0		
AR: WWE SHAHID VIP PPV	Wwe Shahid VIP PPV [AR]	dummy			0		
AR: Wanasah 4K	Wanasah 4K [AR]	norm-name	provider_8	Wanasah.ae@SD	74	50ce632b82	TV guide is not available | MBC Mood
AR: Wanasah HD	Wanasah HD [AR]	norm-name	provider_8	Wanasah.ae@SD	74	50ce632b82	TV guide is not available | MBC Mood
AR: Zee Aflam	Zee Aflam [AR]	rescue-token	AE1	Zee.Aflam.ae	42	027886c139	Toofan | Vaada | Vedaa
AR: Zee Alwan	Zee Alwan [AR]	token	AE1	Zee.Alwan.ae	190	54882464b8	A Woman's Youth | Kaleerein | Radha Mohan
ARTAflam1.sa	ART Aflam 1 [AR]	dummy			0		
ARTAflam2.sa	ART Aflam 2 [AR]	dummy			0		
ARTCinema.sa	ART Cinema [AR]	dummy			0		
AWealthofEntertainment.us	Awe HD [US]	direct	provider_13	AWealthofEntertainment.us	82	f2f9a40b65	Behind the Gates | A Taste of Travel | Dream Cruises
AXSTV.us	Axs TV HD [US]	direct	provider_13	AXSTV.us	81	ef0282c28d	Hair Growth Secrets! | Rock & Roll Road Trip With Sammy Hagar | The Top Ten Revealed
AandE.us	A&E HD [US]	direct	provider_13	AandE.us	81	9f6ca947c5	Storage Wars | My Strange Arrest | Swamp Patrol
AlJazeeraDocumentary.qa	Al Jazeera Documentary 4K [AR]	dup-feed-scrub	AE1	Al.Jazeera.Documentary.HD.ae	0		
AlJazeeraEnglish.uk	Al Jazeera English HD [UK]	direct	provider_13	AlJazeeraEnglish.uk	76	9aa50298e1	Newshour | News | Counting the Cost
AlKassFive.qa	Al Kass 5 4K (Live Event Only) [SPO]	direct	provider_13	AlKassFive.qa	33	2ec0e1a030	Jarayd | tawasol | Doha Bank Stars League Al Ahli vs Al Rayyan
AlKassFour.qa	Al Kass 4 HD [SPO]	direct	provider_13	AlKassFour.qa	45	13b558596d	Jarayed | Almaghreb | Al Tariq Ela 2026
AlKassOne.qa	Al Kass 1 4K [SPO]	rescue-token	provider_13	alkassone.qa	47	aef7b0b9ec	Algaza'er | Akhbar | Dawry Nojom Qatar
AlKassSportsChannel.qa	Al Kass 1 HD [SPO]	rescue-token	provider_13	alkassone.qa	47	aef7b0b9ec	Algaza'er | Akhbar | Dawry Nojom Qatar
AlKassThree.qa	Al Kass 3 HD [SPO]	direct	provider_13	AlKassThree.qa	44	c6b0846290	Jarayed | Dawrat Al Alaab Al Khalijia | Botolat Al Shaqab Al Dawlya Lel Forosya
AlKassTwo.qa	Al Kass 2 HD [SPO]	direct	provider_13	AlKassTwo.qa	47	6fc295f637	Jarayed | Tawasol | Dawry Nojom Qatar
Alibi.uk	Alibi 4K [UK]	alias	UK1	U.and.alibi.HD.uk	91	303579ee8c	Hudson & Rex | Murdoch Mysteries | Teleshopping
AltitudeSports.us	Altitude Sports HD [US]	direct	provider_13	AltitudeSports.us	62	bde1632fb4	RateEscape: Stop Overpaying For Cellular | Moser, Lombardi & Kane on Altitude Radio 92.5 | Golf at Altitude
AnimalPlanet.uk	Animal Planet 4K [UK]	direct	provider_13	AnimalPlanet.uk	55	052739b1a4	Pit Bulls & Parolees | My Cat From Hell | Lone Star Law
AntennaTV.us	Antenna TV [US]	direct	provider_13	AntennaTV.us	94	0cdfb7bfb9	Barney Miller | The Partridge Family | Hazel
Arenasport3.rs	Arena Sport 3 RAW [SR]	direct	provider_13	Arenasport3.rs	32	74125f419d	Lyon - Strasbourg | Pregled 13. kola | Bundesliga specijal: Tim Kleindienst
Arenasport4.rs	Arena Sport 4 RAW [SR]	direct	provider_13	Arenasport4.rs	26	5902c06aa0	Crvena zvezda - FCSB | Tottenham - Copenhagen | Liga Evrope, pregled sezone
Arenasport5.rs	Arena Sport 5 RAW [SR]	scrubbed-lang	provider_13	Arenasport5.rs	0		
AriseNews.uk	Arise News [UK]	direct	provider_13	AriseNews.uk	40	b39f0f8f0e	Global Business Report | ARISE 360 | The World
AspireTV.us	Aspire HD [US]	direct	provider_13	AspireTV.us	83	2dfcaaade9	Twisted Dish | Love Will Find a Way | Love Dodoma
BBC1.uk	Cbbc 4K [UK]	direct	provider_13	BBC1.uk	44	0aeadc93e9	Policing Paradise | Scam Interceptors | Escape to the Country
BBC1Yorkshire.uk	BBC One Yorks [UK]	direct	provider_13	BBC1Yorkshire.uk	44	de1c7dea2c	Policing Paradise | Scam Interceptors | Escape to the Country
BBC2.uk	BBC 2 HD [UK]	direct	provider_13	BBC2.uk	39	4677c054d9	Richard Osman's House of Games | Great Continental Railway Journeys | Cricket
BBC2NI.uk	BBC Two Northern Ireland [UK]	direct	provider_13	BBC2NI.uk	39	4677c054d9	Richard Osman's House of Games | Great Continental Railway Journeys | Cricket
BBC4.uk	BBC 4 / Cbeebies 4K [UK]	direct	provider_13	BBC4.uk	31	db620a6ad0	..programmes start at 7.00pm | This is BBC Four | University Challenge
BBCAlba.uk	BBC Alba [UK]	direct	provider_13	BBCAlba.uk	38	0902d4a73f	Dan & Gran | Beathaichean a’ Bocadaich | Losgannan / Froglets
BBCAmerica.us	BBC America HD [US]	direct	provider_13	BBCAmerica.us	28	db5b2b9336	Black Hawk Down | G.I. Jane | The Patriot
BBCNews.uk	BBC News HD [UK]	direct	provider_13	BBCNews.uk	92	0cf646f2d0	BBC News Now | Business Today - NYSE Opening Bell | Verified Live
BBCOneEastMidland.uk	BBC One East W [UK]	direct	provider_13	BBCOneEastMidland.uk	44	9b8cc0482d	Policing Paradise | Scam Interceptors | Escape to the Country
BBCOneNorthWest.uk	BBC One North West [UK]	direct	provider_13	BBCOneNorthWest.uk	44	53d340b224	Policing Paradise | Scam Interceptors | Escape to the Country
BBCOneNorthernIreland.uk	BBC One North East& Cam [UK]	direct	provider_13	BBCOneNorthernIreland.uk	46	18db655619	Policing Paradise | Scam Interceptors | Escape to the Country
BBCOneOxford.uk	BBC One London 4K [UK]	direct	provider_13	BBCOneOxford.uk	44	28cd3fe6e3	Policing Paradise | Scam Interceptors | Escape to the Country
BBCOneScotland.uk	BBC One Scot HD [UK]	direct	provider_13	BBCOneScotland.uk	44	748d3df3ac	Policing Paradise | Politics Scotland | Escape to the Country
BBCOneSouthEast.uk	BBC One South East [UK]	direct	provider_13	BBCOneSouthEast.uk	44	9e8e5fa6da	Policing Paradise | Scam Interceptors | Escape to the Country
BBCOneWales.uk	BBC One Wales HD [UK]	direct	provider_13	BBCOneWales.uk	45	4eeed02c80	Policing Paradise | Scam Interceptors | Escape to the Country
BBCOneWestMidland.uk	BBC One West [UK]	direct	provider_13	BBCOneWestMidland.uk	44	f5c4ca53e0	Policing Paradise | Scam Interceptors | Escape to the Country
BBCParliament.uk	BBC Parlament [UK]	direct	provider_13	BBCParliament.uk	20	7d84fa7d9d	House of Lords | Prime Minister's Questions | Lords Questions
BBCScotland.uk	BBC Scotland HD [UK]	direct	provider_13	BBCScotland.uk	23	72e0541f2f	This is BBC Scotland | Reporting Scotland | Food Fest Scotland
BBCTwoWales.uk	BBC Two Wales HD [UK]	direct	provider_13	BBCTwoWales.uk	39	7bcca3458d	Richard Osman's House of Games | Great Continental Railway Journeys | Cricket
BBCWorldNews.uk	BBC World News HD [UK]	rescue-token	provider_13	bbcworldnews.nz	108	bf25bc7587	BBC News Now | Business Today - NYSE Opening Bell | Verified Live
BE: beIN MAX ⁴ᴷ ³⁸⁴⁰ᵖ (EVENT ONLY)	beIN MAX 4K 3840p (Event Only) [BE]	dummy			0		
BE: beIN SP⚽RTS 1 ENG ᴴᴰ	beIN Sports 1 Eng HD [BE]	bein-override	bein-epg	beINSports1.qa@MENA	61	7bdbcac730	Ligue 1  -  Film of the Season : Destiny | Paris Saint - Germain vs Arsenal | PSG Arrival To Paris After Won UCL 2026
BE: beIN SP⚽RTS 1 ʰᵉᵛᶜ	beIN Sports 1 HEVC [BE]	bein-override	bein-epg	beINSports1.qa@MENA	61	ae467e621a	Ligue 1  -  Film of the Season : Destiny | Paris Saint - Germain vs Arsenal | PSG Arrival To Paris After Won UCL 2026
BE: beIN SP⚽RTS 1 ᴴᴰ	beIN Sports 1 HD [BE]	bein-override	bein-epg	beINSports1.qa@MENA	61	ae467e621a	Ligue 1  -  Film of the Season : Destiny | Paris Saint - Germain vs Arsenal | PSG Arrival To Paris After Won UCL 2026
BE: beIN SP⚽RTS 1 ᴿᴬᵂ	beIN Sports 1 RAW [BE]	bein-override	bein-epg	beINSports1.qa@MENA	61	ae467e621a	Ligue 1  -  Film of the Season : Destiny | Paris Saint - Germain vs Arsenal | PSG Arrival To Paris After Won UCL 2026
BE: beIN SP⚽RTS 2 ʰᵉᵛᶜ	beIN Sports 2 HEVC [BE]	bein-override	bein-epg	beINSports2.qa@MENA	60	3acf758643	Brentford vs Manchester United  -  English Premier League 2025/2026 Week 6 | Manchester City vs Burnley  -  English Premier League 2025/2026 Week 6 | Crystal Palace vs Liverpool  -  English Premier League 2025/2026 Week 6
BE: beIN SP⚽RTS 2 ᴴᴰ	beIN Sports 2 HD [BE]	bein-override	bein-epg	beINSports2.qa@MENA	60	3acf758643	Brentford vs Manchester United  -  English Premier League 2025/2026 Week 6 | Manchester City vs Burnley  -  English Premier League 2025/2026 Week 6 | Crystal Palace vs Liverpool  -  English Premier League 2025/2026 Week 6
BE: beIN SP⚽RTS 2 ᴿᴬᵂ	beIN Sports 2 RAW [BE]	bein-override	bein-epg	beINSports2.qa@MENA	60	3acf758643	Brentford vs Manchester United  -  English Premier League 2025/2026 Week 6 | Manchester City vs Burnley  -  English Premier League 2025/2026 Week 6 | Crystal Palace vs Liverpool  -  English Premier League 2025/2026 Week 6
BE: beIN SP⚽RTS 3 ʰᵉᵛᶜ	beIN Sports 3 HEVC [BE]	bein-override	bein-epg	beINSports3.qa@MENA	51	2f76910d0a	Atlético de Madrid vs Rayo Vallecano  -  Spanish LaLiga 2025/26 | Blooming (BOL) vs River Plate (ARG)  -  Conmebol Sudamericana Group Stage | Barcelona (ECU) vs Argentinos Juniors (ARG)  -  Copa Libertadores 2026
BE: beIN SP⚽RTS 3 ᴴᴰ	beIN Sports 3 HD [BE]	bein-override	bein-epg	beINSports3.qa@MENA	51	2f76910d0a	Atlético de Madrid vs Rayo Vallecano  -  Spanish LaLiga 2025/26 | Blooming (BOL) vs River Plate (ARG)  -  Conmebol Sudamericana Group Stage | Barcelona (ECU) vs Argentinos Juniors (ARG)  -  Copa Libertadores 2026
BE: beIN SP⚽RTS 3 ᴿᴬᵂ	beIN Sports 3 RAW [BE]	bein-override	bein-epg	beINSports3.qa@MENA	51	2f76910d0a	Atlético de Madrid vs Rayo Vallecano  -  Spanish LaLiga 2025/26 | Blooming (BOL) vs River Plate (ARG)  -  Conmebol Sudamericana Group Stage | Barcelona (ECU) vs Argentinos Juniors (ARG)  -  Copa Libertadores 2026
BE: beIN SP⚽RTS 4 ʰᵉᵛᶜ	beIN Sports 4 HEVC [BE]	bein-override	bein-epg	beINSports4.qa@MENA	73	9f6e31d7d9	Strasbourg vs Brest  -  French Ligue 1 2025/2026 Week 14 | Lorient vs Nice  -  French Ligue 1 2025/2026 Week 14 | World Cup 2026 Amazing Facts  -  Group C (#3)
BE: beIN SP⚽RTS 4 ᴴᴰ	beIN Sports 4 HD [BE]	bein-override	bein-epg	beINSports4.qa@MENA	73	9f6e31d7d9	Strasbourg vs Brest  -  French Ligue 1 2025/2026 Week 14 | Lorient vs Nice  -  French Ligue 1 2025/2026 Week 14 | World Cup 2026 Amazing Facts  -  Group C (#3)
BE: beIN SP⚽RTS 4 ᴿᴬᵂ	beIN Sports 4 RAW [BE]	bein-override	bein-epg	beINSports4.qa@MENA	73	9f6e31d7d9	Strasbourg vs Brest  -  French Ligue 1 2025/2026 Week 14 | Lorient vs Nice  -  French Ligue 1 2025/2026 Week 14 | World Cup 2026 Amazing Facts  -  Group C (#3)
BE: beIN SP⚽RTS 5 ʰᵉᵛᶜ	beIN Sports 5 HEVC [BE]	bein-override	bein-epg	beINSports5.qa@MENA	64	30a8fc3454	Gamba Osaka (JPN) vs Eastern FC (HKG)  -  AFC Champions League Two 2025/2026 | Nam Dinh FC (VIE) vs Ratchaburi FC (THA)  -  AFC Champions League Two 2025/2026 | Al Muharraq SC (BHR) vs Al Wehdat (JOR)  -  AFC Champions League Two 2025/2026
BE: beIN SP⚽RTS 5 ᴴᴰ	beIN Sports 5 HD [BE]	bein-override	bein-epg	beINSports5.qa@MENA	64	30a8fc3454	Gamba Osaka (JPN) vs Eastern FC (HKG)  -  AFC Champions League Two 2025/2026 | Nam Dinh FC (VIE) vs Ratchaburi FC (THA)  -  AFC Champions League Two 2025/2026 | Al Muharraq SC (BHR) vs Al Wehdat (JOR)  -  AFC Champions League Two 2025/2026
BE: beIN SP⚽RTS 5 ᴿᴬᵂ	beIN Sports 5 RAW [BE]	bein-override	bein-epg	beINSports5.qa@MENA	64	30a8fc3454	Gamba Osaka (JPN) vs Eastern FC (HKG)  -  AFC Champions League Two 2025/2026 | Nam Dinh FC (VIE) vs Ratchaburi FC (THA)  -  AFC Champions League Two 2025/2026 | Al Muharraq SC (BHR) vs Al Wehdat (JOR)  -  AFC Champions League Two 2025/2026
BE: beIN SP⚽RTS 6 ʰᵉᵛᶜ	beIN Sports 6 HEVC [BE]	norm-name	provider_1	beINSports6.qa@MENA	62	efeb0041ed	Al Hilal SC (SUD) vs Mamelodi Sundowns FC (RSA) - CAF Champions League 2025/26 MD4 | Young Africans (TAN) vs Al Ahly FC (EGY) - CAF Champions League 2025/26 MD4 | Atlético Petroleos (ANG) vs Stade Malien (MLI) - CAF Champions League 2025/26 MD4
BE: beIN SP⚽RTS 6 ᴴᴰ	beIN Sports 6 HD [BE]	norm-name	provider_1	beINSports6.qa@MENA	62	efeb0041ed	Al Hilal SC (SUD) vs Mamelodi Sundowns FC (RSA) - CAF Champions League 2025/26 MD4 | Young Africans (TAN) vs Al Ahly FC (EGY) - CAF Champions League 2025/26 MD4 | Atlético Petroleos (ANG) vs Stade Malien (MLI) - CAF Champions League 2025/26 MD4
BE: beIN SP⚽RTS 6 ᴿᴬᵂ	beIN Sports 6 RAW [BE]	norm-name	provider_1	beINSports6.qa@MENA	62	efeb0041ed	Al Hilal SC (SUD) vs Mamelodi Sundowns FC (RSA) - CAF Champions League 2025/26 MD4 | Young Africans (TAN) vs Al Ahly FC (EGY) - CAF Champions League 2025/26 MD4 | Atlético Petroleos (ANG) vs Stade Malien (MLI) - CAF Champions League 2025/26 MD4
BE: beIN SP⚽RTS 7 ʰᵉᵛᶜ	beIN Sports 7 HEVC [BE]	bein-override	bein-epg	beINSports7.qa@MENA	55	7032fbc95a	Alex De Minaur (AUS) vs Denis Shapovalov (CAN)  -  ATP 500 HSBC Championships 2026 | Adrian Mannarino (FRA) vs Arthur Fery (GBR)  -  ATP 500 HSBC Championships 2026 | Jenson Brooksby (USA) vs Francisco Cerundolo (ARG)  -  ATP 500 HSBC Championships 2026
BE: beIN SP⚽RTS 7 ᴴᴰ	beIN Sports 7 HD [BE]	bein-override	bein-epg	beINSports7.qa@MENA	55	7032fbc95a	Alex De Minaur (AUS) vs Denis Shapovalov (CAN)  -  ATP 500 HSBC Championships 2026 | Adrian Mannarino (FRA) vs Arthur Fery (GBR)  -  ATP 500 HSBC Championships 2026 | Jenson Brooksby (USA) vs Francisco Cerundolo (ARG)  -  ATP 500 HSBC Championships 2026
BE: beIN SP⚽RTS 7 ᴿᴬᵂ	beIN Sports 7 RAW [BE]	bein-override	bein-epg	beINSports7.qa@MENA	55	7032fbc95a	Alex De Minaur (AUS) vs Denis Shapovalov (CAN)  -  ATP 500 HSBC Championships 2026 | Adrian Mannarino (FRA) vs Arthur Fery (GBR)  -  ATP 500 HSBC Championships 2026 | Jenson Brooksby (USA) vs Francisco Cerundolo (ARG)  -  ATP 500 HSBC Championships 2026
BE: beIN SP⚽RTS 8 ʰᵉᵛᶜ	beIN Sports 8 HEVC [BE]	norm-name	provider_1	beINSports8.qa@MENA	69	9d1dc91cde	Race - Session 7 - 2026 FIA World Endurance Championship - 24H Le Mans Round | Race - Session 8 - 2026 FIA World Endurance Championship - 24H Le Mans Round | Main Race - F1 Barcelona - Catalunya Grand Prix - 2026
BE: beIN SP⚽RTS 8 ᴴᴰ	beIN Sports 8 HD [BE]	norm-name	provider_1	beINSports8.qa@MENA	69	9d1dc91cde	Race - Session 7 - 2026 FIA World Endurance Championship - 24H Le Mans Round | Race - Session 8 - 2026 FIA World Endurance Championship - 24H Le Mans Round | Main Race - F1 Barcelona - Catalunya Grand Prix - 2026
BE: beIN SP⚽RTS 8 ᴿᴬᵂ	beIN Sports 8 RAW [BE]	norm-name	provider_1	beINSports8.qa@MENA	69	9d1dc91cde	Race - Session 7 - 2026 FIA World Endurance Championship - 24H Le Mans Round | Race - Session 8 - 2026 FIA World Endurance Championship - 24H Le Mans Round | Main Race - F1 Barcelona - Catalunya Grand Prix - 2026
BE: beIN SP⚽RTS 9 ʰᵉᵛᶜ	beIN Sports 9 HEVC [BE]	norm-name	provider_1	5C08D9D3-C713-4F1F-947E-87C761428B9B	66	7525048932	Longines Global Champions Tour - St Tropez Jumping - Against The Clock With Jump Off | Longines Global Champions Tour - St Tropez Jumping - Grand Prix | Longines Global Champions Tour - Cannes Jumping - Round 1 Competition Team
BE: beIN SP⚽RTS 9 ᴴᴰ	beIN Sports 9 HD [BE]	norm-name	provider_1	5C08D9D3-C713-4F1F-947E-87C761428B9B	66	7525048932	Longines Global Champions Tour - St Tropez Jumping - Against The Clock With Jump Off | Longines Global Champions Tour - St Tropez Jumping - Grand Prix | Longines Global Champions Tour - Cannes Jumping - Round 1 Competition Team
BE: beIN SP⚽RTS 9 ᴿᴬᵂ	beIN Sports 9 RAW [BE]	norm-name	provider_1	5C08D9D3-C713-4F1F-947E-87C761428B9B	66	7525048932	Longines Global Champions Tour - St Tropez Jumping - Against The Clock With Jump Off | Longines Global Champions Tour - St Tropez Jumping - Grand Prix | Longines Global Champions Tour - Cannes Jumping - Round 1 Competition Team
BE: beIN SP⚽RTS XTRA 03 ᴿᴬᵂ	beIN Sports Xtra 03 RAW [BE]	dummy			0		
BE: beIN SP⚽RTS XTRA 1 ᴴᴰ	beIN Sports Xtra 1 HD [BE]	bein-override	bein-epg	beINSportsXtra1.qa@MENA	96	567f14bb15	beIN SPORTS XTRA For Live And Exclusive Coverage of Premium Sporting Events  -  JUN
BE: beIN SP⚽RTS XTRA 1 ᴿᴬᵂ	beIN Sports Xtra 1 RAW [BE]	bein-override	bein-epg	beINSportsXtra1.qa@MENA	96	567f14bb15	beIN SPORTS XTRA For Live And Exclusive Coverage of Premium Sporting Events  -  JUN
BE: beIN SP⚽RTS XTRA 2 ᴴᴰ	beIN Sports Xtra 2 HD [BE]	bein-override	bein-epg	beINSportsXtra2.qa@MENA	96	567f14bb15	beIN SPORTS XTRA For Live And Exclusive Coverage of Premium Sporting Events  -  JUN
BE: beIN SP⚽RTS XTRA 2 ᴿᴬᵂ	beIN Sports Xtra 2 RAW [BE]	bein-override	bein-epg	beINSportsXtra2.qa@MENA	96	567f14bb15	beIN SPORTS XTRA For Live And Exclusive Coverage of Premium Sporting Events  -  JUN
BE: beIN SP⚽RTS XTRA 3 ᴴᴰ	beIN Sports Xtra 3 HD [BE]	dup-feed-scrub	provider_1	CDF1A4C8-26DD-4C33-A239-F729A3B09295	0		
BE: beIN ⁴ᴷ ³⁸⁴⁰ᵖ (EVENT ONLY)	beIN 4K 3840p (Event Only) [BE]	dummy			0		
BET.us	Bet HD [US]	direct	provider_13	BET.us	80	d29ca87d27	The Fresh Prince of Bel-Air | Family Matters | Tyler Perry's Meet the Browns
BETGospel.us	Bet Gospel [US]	direct	provider_13	BETGospel.us	54	9e836d7184	Lifted | It's a Mann's World
BETSoul.us	Bet Soul [US]	direct	provider_13	BETSoul.us	36	d26895e0e6	In Rotation | Ascending Soul | The Calming
BETjams.us	Bet Jams HD [US]	direct	provider_13	BETjams.us	48	4254ec9d35	West Coast Wednesday | Music Playlist | Wu Wednesday
BeinSportsExtra1.qa	beIN Sports 1 Xtra HD	bein-override	bein-epg	beINSportsXtra1.qa@MENA	96	567f14bb15	beIN SPORTS XTRA For Live And Exclusive Coverage of Premium Sporting Events  -  JUN
BeinSportsExtra2.qa	beIN Sports 2 Xtra HD	bein-override	bein-epg	beINSportsXtra2.qa@MENA	96	567f14bb15	beIN SPORTS XTRA For Live And Exclusive Coverage of Premium Sporting Events  -  JUN
BeinSportsExtra3.qa	beIN Sports 3 Xtra HD	dup-feed-scrub	provider_1	CDF1A4C8-26DD-4C33-A239-F729A3B09295	0		
BestDirect.uk	Best Direct [UK]	direct	provider_13	BestDirect.uk	14	db660e4050	Best Direct Afternoon Offers | Best Direct Evening Offers | Best Direct Night-Time Offers
BetHer.us	Bet Her HD [US]	direct	provider_13	BetHer.us	57	c2d514ebe1	Morning Glow | Tyler Perry's House of Payne | Favorite Son
BigTenNetwork.us	Big Ten Network HD [US]	direct	provider_13	BigTenNetwork.us	43	61b390bbba	Men's College Lacrosse | Live: B1G Today | B1G Today
Blaze.uk	Blaze 4K [UK]	direct	provider_13	Blaze.uk	66	001a2b2621	Junk & Disorderly | Full Custom Garage | Ancient Aliens 17
BlazeTV.us	Blaze TV [US]	direct	provider_13	BlazeTV.us	32	b0621a580e	Live: Glenn Beck Radio | Live: The Steve Deace Show | Glenn TV
BloombergTV.uk	Bloomberg HD [UK]	direct	provider_13	BloombergTV.uk	36	fc9f4f6a12	Bloomberg Open Interest | Bloomberg Tech | Bloomberg Deals
BounceTV.us	Bounce TV HD [US]	direct	provider_13	BounceTV.us	52	4ff0f81660	Couples Court With the Cutlers | Lauren Lake's Paternity Court | Family Feud Favorites
Boxing 05 : FURY vs HALL 6PM	Boxing 05 : Fury Vs Hall 6PM	dummy			0		
Boxing 1 : FURY vs HALL 6PM	Boxing 1 : Fury Vs Hall 6PM	dummy			0		
Boxing 2 : FURY vs HALL 6PM	Boxing 2 : Fury Vs Hall 6PM	dummy			0		
Boxing 3 : FURY vs HALL 6PM	Boxing 3 : Fury Vs Hall 6PM	dummy			0		
Boxing 4 : FURY vs HALL 6PM	Boxing 4 : Fury Vs Hall 6PM	dummy			0		
Boxing 6: Fury v Makhmudov 19:00	Boxing 6: Fury V Makhmudov 19:00	dummy			0		
Boxing 7: Jake Paul vs Anthony Joshua	Boxing 7: Jake Paul Vs Anthony Joshua	dummy			0		
Boxing 8: Jake Paul vs Anthony Joshua	Boxing 8: Jake Paul Vs Anthony Joshua	dummy			0		
Bravo.us	Bravo [CA]	direct	provider_13	Bravo.us	45	62d1f80f05	The Valley | Las Culturistas Culture Awards | Watch What Happens Live
BrighamYoungUniversity.us	Byu TV [US]	direct	provider_13	BrighamYoungUniversity.us	64	8e180deb6a	Music & the Spoken Word | Highway to Heaven | Holly Hobbie
BuzzrTV.us	Buzzr [US]	direct	provider_13	BuzzrTV.us	84	0975836c8c	The Name's the Same | I've Got a Secret | To Tell the Truth
CBSDrama.uk	CBS Drama [UK]	dummy			0		
CBSJustice.uk	CBS Justice [UK]	direct	provider_13	CBSJustice.uk	35	a5a4541683	Mackenna's Gold | Star Trek - The Original Series | The Six Million Dollar Man
CBSReality.uk	CBS Reality [UK]	dummy			0		
CBSSportsNetwork.us	CBS Sports Network HD [US]	direct	provider_13	CBSSportsNetwork.us	45	9a32bc8503	We Need to Talk | College Bowling | Pushing the Pile
CITV.uk	Citv [UK]	dummy			0		
CITY: ABC KATC BROOKLYN ᴿᴬᵂ	ABC Katc Brooklyn RAW [CITY]	dummy			0		
CITY: ABC KATV HOUSTON ᴿᴬᵂ	ABC Katv Houston RAW [CITY]	dummy			0		
CITY: ABC KDNL COLUMBUS ᴿᴬᵂ	ABC Kdnl Columbus RAW [CITY]	dummy			0		
CITY: ABC KEZI BOULDER ᴿᴬᵂ	ABC Kezi Boulder RAW [CITY]	dummy			0		
CITY: ABC KGO SAN FRANCISCO ᴿᴬᵂ	ABC Kgo San Francisco RAW [CITY]	dummy			0		
CITY: ABC KMGH DENVER ᴿᴬᵂ	ABC Kmgh Denver RAW [CITY]	dummy			0		
CITY: ABC KOMO SEATTLE ᴿᴬᵂ	ABC Komo Seattle RAW [CITY]	dummy			0		
CITY: ABC KTVX PHILADELPHIA ᴿᴬᵂ	ABC Ktvx Philadelphia RAW [CITY]	dummy			0		
CITY: ABC KVHP D2 MARIETTA ᴿᴬᵂ	ABC Kvhp D2 Marietta RAW [CITY]	dummy			0		
CITY: ABC WABC NEW YORK ᴿᴬᵂ	ABC Wabc New York RAW [CITY]	dummy			0		
CITY: ABC WABG TAMPA ᴿᴬᵂ	ABC Wabg Tampa RAW [CITY]	dummy			0		
CITY: ABC WBAY GREENBAY ᴿᴬᵂ	ABC Wbay Greenbay RAW [CITY]	dummy			0		
CITY: ABC WBBJ NASHVILLE ᴿᴬᵂ	ABC Wbbj Nashville RAW [CITY]	dummy			0		
CITY: ABC WCVB BOSTON ᴿᴬᵂ	ABC Wcvb Boston RAW [CITY]	dummy			0		
CITY: ABC WFAA MIAMI ᴿᴬᵂ	ABC Wfaa Miami RAW [CITY]	dummy			0		
CITY: ABC WGGB DETROIT ᴿᴬᵂ	ABC Wggb Detroit RAW [CITY]	dummy			0		
CITY: ABC WGXA D2 SILVER SPRING ᴿᴬᵂ	ABC Wgxa D2 Silver Spring RAW [CITY]	dummy			0		
CITY: ABC WIVT CAMBRIDGE ᴿᴬᵂ	ABC Wivt Cambridge RAW [CITY]	dummy			0		
CITY: ABC WLS CHICAGO ᴿᴬᵂ	ABC Wls Chicago RAW [CITY]	dummy			0		
CITY: ABC WMUR BOSTON ᴿᴬᵂ	ABC Wmur Boston RAW [CITY]	dummy			0		
CITY: ABC WQAD LOS ANGELES ᴿᴬᵂ	ABC Wqad Los Angeles RAW [CITY]	dummy			0		
CITY: ABC WSB ATLANTA ᴿᴬᵂ	ABC Wsb Atlanta RAW [CITY]	dummy			0		
CITY: ABC WTRF D3 CLEVELAND ᴿᴬᵂ	ABC Wtrf D3 Cleveland RAW [CITY]	dummy			0		
CITY: ABC WTVC WASHINGTON ᴿᴬᵂ	ABC Wtvc Washington RAW [CITY]	dummy			0		
CITY: ABC WTVQ PHOENIX ᴿᴬᵂ	ABC Wtvq Phoenix RAW [CITY]	dummy			0		
CITY: CBS KCNC DENVER ᴿᴬᵂ	CBS Kcnc Denver RAW [CITY]	dummy			0		
CITY: CBS KIRO SEATTLE ᴿᴬᵂ	CBS Kiro Seattle RAW [CITY]	dummy			0		
CITY: CBS KLFY BROOKLYN ᴿᴬᵂ	CBS Klfy Brooklyn RAW [CITY]	dummy			0		
CITY: CBS KMOV COLUMBUS ᴿᴬᵂ	CBS Kmov Columbus RAW [CITY]	dummy			0		
CITY: CBS KPIX SAN FRANCISCO ᴿᴬᵂ	CBS Kpix San Francisco RAW [CITY]	dummy			0		
CITY: CBS KSWL LD MARIETTA ᴿᴬᵂ	CBS Kswl Ld Marietta RAW [CITY]	dup-feed-scrub	US_LOCALS1	KSWL-LD.us_locals1	0		
CITY: CBS KTHV HOUSTON ᴿᴬᵂ	CBS Kthv Houston RAW [CITY]	dummy			0		
CITY: CBS KTVT MIAMI ᴿᴬᵂ	CBS Ktvt Miami RAW [CITY]	dummy			0		
CITY: CBS KUTV PHILADELPHIA ᴿᴬᵂ	CBS Kutv Philadelphia RAW [CITY]	dummy-forced			0		
CITY: CBS KVAL BOULDER ᴿᴬᵂ	CBS Kval Boulder RAW [CITY]	dummy			0		
CITY: CBS WBBJ D2 NASHVILLE ᴿᴬᵂ	CBS Wbbj D2 Nashville RAW [CITY]	dummy			0		
CITY: CBS WBBM CHICAGO ᴿᴬᵂ	CBS Wbbm Chicago RAW [CITY]	dummy			0		
CITY: CBS WBNG CAMBRIDGE ᴿᴬᵂ	CBS Wbng Cambridge RAW [CITY]	dummy			0		
CITY: CBS WBZ BOSTON ᴿᴬᵂ	CBS Wbz Boston RAW [CITY]	dummy			0		
CITY: CBS WCBS NEW YORK ᴿᴬᵂ	CBS Wcbs New York RAW [CITY]	dummy			0		
CITY: CBS WDEF WASHINGTON ᴿᴬᵂ	CBS Wdef Washington RAW [CITY]	dummy			0		
CITY: CBS WFRV GREENBAY ᴿᴬᵂ	CBS Wfrv Greenbay RAW [CITY]	dummy			0		
CITY: CBS WHBF LOS ANGELES ᴿᴬᵂ	CBS Whbf Los Angeles RAW [CITY]	dummy			0		
CITY: CBS WKYT PHOENIX ᴿᴬᵂ	CBS Wkyt Phoenix RAW [CITY]	dummy			0		
CITY: CBS WMAZ SILVER SPRING ᴿᴬᵂ	CBS Wmaz Silver Spring RAW [CITY]	dummy			0		
CITY: CBS WSHM LP DETROIT ᴿᴬᵂ	CBS Wshm Lp Detroit RAW [CITY]	dummy			0		
CITY: CBS WTRF CLEVELAND ᴿᴬᵂ	CBS Wtrf Cleveland RAW [CITY]	dummy			0		
CITY: CBS WUPA ATLANTA ᴿᴬᵂ	CBS Wupa Atlanta RAW [CITY]	dummy			0		
CITY: CBS WXVT LD TAMPA ᴿᴬᵂ	CBS Wxvt Ld Tampa RAW [CITY]	rescue-token	US_LOCALS1	WXVT-LD.us_locals1	125	c17a800cff	Funny You Should Ask | 25 Words or Less | Access Daily With Mario & Kit
CITY: CW KDAF MIAMI ᴿᴬᵂ	CW Kdaf Miami RAW [CITY]	dummy			0		
CITY: CW KGCW LOS ANGELES ᴿᴬᵂ	CW Kgcw Los Angeles RAW [CITY]	dummy			0		
CITY: CW KPLC D2 MARIETTA ᴿᴬᵂ	CW Kplc D2 Marietta RAW [CITY]	dummy			0		
CITY: CW KPLR COLUMBUS ᴿᴬᵂ	CW Kplr Columbus RAW [CITY]	dummy			0		
CITY: CW KRON SAN FRANCISCO ᴿᴬᵂ	CW Kron San Francisco RAW [CITY]	token	provider_13	KMAX.us	80	8745a681c0	CBS13 Mornings 6am | Good Day | The Drew Barrymore Show
CITY: CW KUCW PHILADELPHIA ᴿᴬᵂ	CW Kucw Philadelphia RAW [CITY]	dummy			0		
CITY: CW KUNS SEATTLE ᴿᴬᵂ	CW Kuns Seattle RAW [CITY]	dummy			0		
CITY: CW KWGN DENVER ᴿᴬᵂ	CW Kwgn Denver RAW [CITY]	dummy			0		
CITY: CW WBNG D2 CAMBRIDGE ᴿᴬᵂ	CW Wbng D2 Cambridge RAW [CITY]	dummy			0		
CITY: CW WCWF GREENBAY ᴿᴬᵂ	CW Wcwf Greenbay RAW [CITY]	dummy			0		
CITY: CW WFLI WASHINGTON ᴿᴬᵂ	CW Wfli Washington RAW [CITY]	dummy			0		
CITY: CW WGN CHICAGO ᴿᴬᵂ	CW Wgn Chicago RAW [CITY]	dummy			0		
CITY: CW WKYT D2 PHOENIX ᴿᴬᵂ	CW Wkyt D2 Phoenix RAW [CITY]	dummy			0		
CITY: CW WLVI BOSTON ᴿᴬᵂ	CW Wlvi Boston RAW [CITY]	dummy			0		
CITY: CW WPCH ATLANTA ᴿᴬᵂ	CW Wpch Atlanta RAW [CITY]	dummy			0		
CITY: CW WPIX NEW YORK ᴿᴬᵂ	CW Wpix New York RAW [CITY]	dummy			0		
CITY: CW WWLP D2 DETROIT ᴿᴬᵂ	CW Wwlp D2 Detroit RAW [CITY]	dummy			0		
CITY: FOX KADN BROOKLYN ᴿᴬᵂ	FOX Kadn Brooklyn RAW [CITY]	dummy			0		
CITY: FOX KCPQ SEATTLE ᴿᴬᵂ	FOX Kcpq Seattle RAW [CITY]	dummy			0		
CITY: FOX KDFW MIAMI ᴿᴬᵂ	FOX Kdfw Miami RAW [CITY]	dummy			0		
CITY: FOX KDVR DENVER ᴿᴬᵂ	FOX Kdvr Denver RAW [CITY]	dummy			0		
CITY: FOX KLSR BOULDER ᴿᴬᵂ	FOX Klsr Boulder RAW [CITY]	dummy			0		
CITY: FOX KSTU PHILADELPHIA ᴿᴬᵂ	FOX Kstu Philadelphia RAW [CITY]	dummy			0		
CITY: FOX KTVI COLUMBUS ᴿᴬᵂ	FOX Ktvi Columbus RAW [CITY]	dummy			0		
CITY: FOX KTVU SAN FRANCISCO ᴿᴬᵂ	FOX Ktvu San Francisco RAW [CITY]	dummy			0		
CITY: FOX KVHP MARIETTA ᴿᴬᵂ	FOX Kvhp Marietta RAW [CITY]	dummy			0		
CITY: FOX WABG D2 TAMPA ᴿᴬᵂ	FOX Wabg D2 Tampa RAW [CITY]	dummy			0		
CITY: FOX WAGA ATLANTA ᴿᴬᵂ	FOX Waga Atlanta RAW [CITY]	dummy			0		
CITY: FOX WDKY PHOENIX ᴿᴬᵂ	FOX Wdky Phoenix RAW [CITY]	dummy			0		
CITY: FOX WFLD CHICAGO ᴿᴬᵂ	FOX Wfld Chicago RAW [CITY]	dummy			0		
CITY: FOX WFXT BOSTON ᴿᴬᵂ	FOX Wfxt Boston RAW [CITY]	dummy			0		
CITY: FOX WGGB D2 DETROIT ᴿᴬᵂ	FOX Wggb D2 Detroit RAW [CITY]	dummy			0		
CITY: FOX WGXA SILVER SPRING ᴿᴬᵂ	FOX Wgxa Silver Spring RAW [CITY]	dummy			0		
CITY: FOX WICZ CAMBRIDGE ᴿᴬᵂ	FOX Wicz Cambridge RAW [CITY]	dummy			0		
CITY: FOX WJKT NASHVILLE ᴿᴬᵂ	FOX Wjkt Nashville RAW [CITY]	dummy			0		
CITY: FOX WLUK GREENBAY ᴿᴬᵂ	FOX Wluk Greenbay RAW [CITY]	dummy			0		
CITY: FOX WNYW NEW YORK ᴿᴬᵂ	FOX Wnyw New York RAW [CITY]	dummy			0		
CITY: FOX WTOV D2 CLEVELAND ᴿᴬᵂ	FOX Wtov D2 Cleveland RAW [CITY]	dummy			0		
CITY: FOX WTVC D2 WASHINGTON ᴿᴬᵂ	FOX Wtvc D2 Washington RAW [CITY]	dummy			0		
CITY: IND KFAA MIAMI ᴿᴬᵂ	Ind Kfaa Miami RAW [CITY]	dummy			0		
CITY: IND KJZZ PHILADELPHIA ᴿᴬᵂ	Ind Kjzz Philadelphia RAW [CITY]	dummy			0		
CITY: IND KONG SEATTLE ᴿᴬᵂ	Ind Kong Seattle RAW [CITY]	dummy			0		
CITY: IND WANF ATLANTA ᴿᴬᵂ	Ind Wanf Atlanta RAW [CITY]	dummy			0		
CITY: IND WCIU CHICAGO ᴿᴬᵂ	Ind Wciu Chicago RAW [CITY]	dummy			0		
CITY: KICU SAN FRANCISCO ᴿᴬᵂ	Kicu San Francisco RAW [CITY]	dummy			0		
CITY: KPYX SAN FRANCISCO ᴿᴬᵂ	Kpyx San Francisco RAW [CITY]	dummy			0		
CITY: KSTW SEATTLE ᴿᴬᵂ	Kstw Seattle RAW [CITY]	dummy			0		
CITY: KTXA MIAMI ᴿᴬᵂ	Ktxa Miami RAW [CITY]	dummy			0		
CITY: KUPX PHILADELPHIA ᴿᴬᵂ	Kupx Philadelphia RAW [CITY]	dummy			0		
CITY: MNT KARZ HOUSTON ᴿᴬᵂ	Mnt Karz Houston RAW [CITY]	dummy			0		
CITY: MNT KDFI MIAMI ᴿᴬᵂ	Mnt Kdfi Miami RAW [CITY]	dummy			0		
CITY: MNT KTVD DENVER ᴿᴬᵂ	Mnt Ktvd Denver RAW [CITY]	dummy			0		
CITY: MNT KZJO SEATTLE ᴿᴬᵂ	Mnt Kzjo Seattle RAW [CITY]	dummy			0		
CITY: MNT WPWR CHICAGO ᴿᴬᵂ	Mnt Wpwr Chicago RAW [CITY]	dummy			0		
CITY: MNT WTRF D2 CLEVELAND ᴿᴬᵂ	Mnt Wtrf D2 Cleveland RAW [CITY]	dummy			0		
CITY: MNT WWOR NEW YORK ᴿᴬᵂ	Mnt Wwor New York RAW [CITY]	dummy			0		
CITY: MYNET KMYU PHILADELPHIA ᴿᴬᵂ	Mynet Kmyu Philadelphia RAW [CITY]	dummy			0		
CITY: NBC KARK HOUSTON ᴿᴬᵂ	NBC Kark Houston RAW [CITY]	dummy			0		
CITY: NBC KING SEATTLE ᴿᴬᵂ	NBC King Seattle RAW [CITY]	dummy			0		
CITY: NBC KLAF LP BROOKLYN ᴿᴬᵂ	NBC Klaf Lp Brooklyn RAW [CITY]	dummy			0		
CITY: NBC KMTR BOULDER ᴿᴬᵂ	NBC Kmtr Boulder RAW [CITY]	dummy			0		
CITY: NBC KNTV SAN FRANCISCO ᴿᴬᵂ	NBC Kntv San Francisco RAW [CITY]	dummy			0		
CITY: NBC KPLC MARIETTA ᴿᴬᵂ	NBC Kplc Marietta RAW [CITY]	dummy			0		
CITY: NBC KSDK COLUMBUS ᴿᴬᵂ	NBC Ksdk Columbus RAW [CITY]	dummy			0		
CITY: NBC KSL PHILADELPHIA ᴿᴬᵂ	NBC Ksl Philadelphia RAW [CITY]	dummy			0		
CITY: NBC KUSA DENVER ᴿᴬᵂ	NBC Kusa Denver RAW [CITY]	dummy			0		
CITY: NBC KWQC LOS ANGELES ᴿᴬᵂ	NBC Kwqc Los Angeles RAW [CITY]	dummy			0		
CITY: NBC KXAS MIAMI ᴿᴬᵂ	NBC Kxas Miami RAW [CITY]	dummy			0		
CITY: NBC WBGH CD CAMBRIDGE ᴿᴬᵂ	NBC Wbgh Cd Cambridge RAW [CITY]	dup-feed-scrub	US_LOCALS1	WBGH-CD.us_locals1	0		
CITY: NBC WBTS CD BOSTON ᴿᴬᵂ	NBC Wbts Cd Boston RAW [CITY]	dup-feed-scrub	US_LOCALS1	WBTS-CD.us_locals1	0		
CITY: NBC WGBA GREENBAY ᴿᴬᵂ	NBC Wgba Greenbay RAW [CITY]	dummy			0		
CITY: NBC WLEX PHOENIX ᴿᴬᵂ	NBC Wlex Phoenix RAW [CITY]	dummy			0		
CITY: NBC WMAQ CHICAGO ᴿᴬᵂ	NBC Wmaq Chicago RAW [CITY]	dummy			0		
CITY: NBC WMGT SILVER SPRING ᴿᴬᵂ	NBC Wmgt Silver Spring RAW [CITY]	dummy			0		
CITY: NBC WNBC NEW YORK ᴿᴬᵂ	NBC Wnbc New York RAW [CITY]	dummy			0		
CITY: NBC WNBD LP TAMPA ᴿᴬᵂ	NBC Wnbd Lp Tampa RAW [CITY]	dummy			0		
CITY: NBC WNBJ LD NASHVILLE ᴿᴬᵂ	NBC Wnbj Ld Nashville RAW [CITY]	dup-feed-scrub	US_LOCALS1	WNBJ-LD.us_locals1	0		
CITY: NBC WRCB WASHINGTON ᴿᴬᵂ	NBC Wrcb Washington RAW [CITY]	dummy			0		
CITY: NBC WTOV CLEVELAND ᴿᴬᵂ	NBC Wtov Cleveland RAW [CITY]	dummy			0		
CITY: NBC WWLP DETROIT ᴿᴬᵂ	NBC Wwlp Detroit RAW [CITY]	dummy			0		
CITY: NBC WXIA ATLANTA ᴿᴬᵂ	NBC Wxia Atlanta RAW [CITY]	dummy			0		
CITY: PBS KBDI DENVER ᴿᴬᵂ	Pbs Kbdi Denver RAW [CITY]	dummy			0		
CITY: PBS KBTC SEATTLE ᴿᴬᵂ	Pbs Kbtc Seattle RAW [CITY]	dummy			0		
CITY: PBS KCTS SEATTLE ᴿᴬᵂ	Pbs Kcts Seattle RAW [CITY]	dummy			0		
CITY: PBS KEPB BOULDER ᴿᴬᵂ	Pbs Kepb Boulder RAW [CITY]	dummy			0		
CITY: PBS KERA MIAMI ᴿᴬᵂ	Pbs Kera Miami RAW [CITY]	dummy			0		
CITY: PBS KETC COLUMBUS ᴿᴬᵂ	Pbs Ketc Columbus RAW [CITY]	dummy			0		
CITY: PBS KETS HOUSTON ᴿᴬᵂ	Pbs Kets Houston RAW [CITY]	dummy			0		
CITY: PBS KLPB BROOKLYN ᴿᴬᵂ	Pbs Klpb Brooklyn RAW [CITY]	dummy			0		
CITY: PBS KLTL MARIETTA ᴿᴬᵂ	Pbs Kltl Marietta RAW [CITY]	dummy			0		
CITY: PBS KQED SAN FRANCISCO ᴿᴬᵂ	Pbs Kqed San Francisco RAW [CITY]	dummy			0		
CITY: PBS KQIN LOS ANGELES ᴿᴬᵂ	Pbs Kqin Los Angeles RAW [CITY]	dummy			0		
CITY: PBS KRCB SAN FRANCISCO ᴿᴬᵂ	Pbs Krcb San Francisco RAW [CITY]	dummy			0		
CITY: PBS KRMA DENVER ᴿᴬᵂ	Pbs Krma Denver RAW [CITY]	dummy			0		
CITY: PBS KUED PHILADELPHIA ᴿᴬᵂ	Pbs Kued Philadelphia RAW [CITY]	dummy			0		
CITY: PBS WABE ATLANTA ᴿᴬᵂ	Pbs Wabe Atlanta RAW [CITY]	dummy			0		
CITY: PBS WENH BOSTON ᴿᴬᵂ	Pbs Wenh Boston RAW [CITY]	dummy			0		
CITY: PBS WGBH BOSTON ᴿᴬᵂ	Pbs Wgbh Boston RAW [CITY]	dummy			0		
CITY: PBS WGBY DETROIT ᴿᴬᵂ	Pbs Wgby Detroit RAW [CITY]	dummy			0		
CITY: PBS WGTV ATLANTA ᴿᴬᵂ	Pbs Wgtv Atlanta RAW [CITY]	dummy			0		
CITY: PBS WKLE PHOENIX ᴿᴬᵂ	Pbs Wkle Phoenix RAW [CITY]	dummy			0		
CITY: PBS WLJT NASHVILLE ᴿᴬᵂ	Pbs Wljt Nashville RAW [CITY]	dummy			0		
CITY: PBS WMAO TAMPA ᴿᴬᵂ	Pbs Wmao Tampa RAW [CITY]	dummy			0		
CITY: PBS WMUM SILVER SPRING ᴿᴬᵂ	Pbs Wmum Silver Spring RAW [CITY]	dummy			0		
CITY: PBS WNET NEW YORK ᴿᴬᵂ	Pbs Wnet New York RAW [CITY]	dummy			0		
CITY: PBS WNJN NEW YORK ᴿᴬᵂ	Pbs Wnjn New York RAW [CITY]	dummy			0		
CITY: PBS WPNE GREENBAY ᴿᴬᵂ	Pbs Wpne Greenbay RAW [CITY]	dummy			0		
CITY: PBS WQPT LOS ANGELES ᴿᴬᵂ	Pbs Wqpt Los Angeles RAW [CITY]	dummy			0		
CITY: PBS WSKG CAMBRIDGE ᴿᴬᵂ	Pbs Wskg Cambridge RAW [CITY]	dummy			0		
CITY: PBS WTCI WASHINGTON ᴿᴬᵂ	Pbs Wtci Washington RAW [CITY]	dummy			0		
CITY: PBS WTTW CHICAGO ᴿᴬᵂ	Pbs Wttw Chicago RAW [CITY]	dummy			0		
CITY: PBS WYIN CHICAGO ᴿᴬᵂ	Pbs Wyin Chicago RAW [CITY]	dummy			0		
CITY: TMO KDEN DENVER ᴿᴬᵂ	Tmo Kden Denver RAW [CITY]	dummy			0		
CITY: TMO KSTS SAN FRANCISCO ᴿᴬᵂ	Tmo Ksts San Francisco RAW [CITY]	dummy			0		
CITY: TMO KTMW PHILADELPHIA ᴿᴬᵂ	Tmo Ktmw Philadelphia RAW [CITY]	dummy			0		
CITY: TMO KXTX MIAMI ᴿᴬᵂ	Tmo Kxtx Miami RAW [CITY]	dummy			0		
CITY: TMO WNEU BOSTON ᴿᴬᵂ	Tmo Wneu Boston RAW [CITY]	dummy			0		
CITY: TMO WNJU NEW YORK ᴿᴬᵂ	Tmo Wnju New York RAW [CITY]	dummy			0		
CITY: TMO WSNS CHICAGO ᴿᴬᵂ	Tmo Wsns Chicago RAW [CITY]	dummy			0		
CITY: UNIVISION KDTV SAN FRANCISCO ᴿᴬᵂ	Univision Kdtv San Francisco RAW [CITY]	dummy			0		
CITY: UNIVISION KUVN MIAMI ᴿᴬᵂ	Univision Kuvn Miami RAW [CITY]	dummy			0		
CITY: UNIVISION WGBO CHICAGO ᴿᴬᵂ	Univision Wgbo Chicago RAW [CITY]	dummy			0		
CITY: UNIVISION WUVG ATLANTA ᴿᴬᵂ	Univision Wuvg Atlanta RAW [CITY]	dummy			0		
CITY: UNIVISION WXTV NEW YORK ᴿᴬᵂ	Univision Wxtv New York RAW [CITY]	dummy			0		
CITY: WLNY NEW YORK ᴿᴬᵂ	Wlny New York RAW [CITY]	dummy			0		
CITY: WSBK BOSTON ᴿᴬᵂ	Wsbk Boston RAW [CITY]	dummy			0		
CMT.us	Cmt HD [US]	direct	provider_13	CMT.us	84	8297ab30f5	Roseanne | Reba | The King of Queens
CNBC.uk	Cnbc [UK]	direct	provider_13	CNBC.uk	91	412949ee7e	US Squawk Box | Squawk on the Street | Halftime Report
CNBC.us	Cnbc HD [US]	direct	provider_13	CNBC.us	44	cd47968627	Live: Squawk on the Street | Live: Halftime Report | Live: The Exchange
CNBCWorld.us	Cnbc World HD [US]	direct	provider_13	CNBCWorld.us	62	d1e3165b1d	Marketing Media Money | CNBC Meets | The Brave Ones
Challenge.uk	Challenge [UK]	direct	provider_13	Challenge.uk	115	4c049a2cc7	The Chase | Bullseye | Teleshopping 2026
Channel4.uk	Channel 4 [UK]	direct	provider_13	Channel4.uk	63	813aa8bc15	Countdown | A Place in the Sun | Narrow Escapes
Channel5.uk	Channel 5 4K [UK]	direct	provider_13	Channel5.uk	93	1f4d4ffbab	Vanessa | Castle | Love Nature
ChargeTV.us	Charge! [US]	direct	provider_13	ChargeTV.us	59	0199c50bbf	National News Desk | The District | CSI: NY
CheddarBusiness.us	Cheddar Business HD [US]	dummy			0		
CheddarNews.us	Cheddar Big News 4K [US]	direct	provider_13	CheddarNews.us	88	bd88931e57	NYC Revealed | Cheddar's Opening Bell | Stock Standouts
CleoTV.us	Cleo TV 4K [US]	direct	provider_13	CleoTV.us	98	c1421dba16	One on One | Girlfriends | Half & Half
ComcastSportsnet.us	Sportsnet New York HD [US]	rescue-token	provider_3	78673916-6fd6-45cd-b5f2-fdad66eb8288	137	2371ee015e	Canyon of Heroes | DraftKings Casino Report | The Putback: Knicks Championship Parade
ComedyCentral.uk	Comedy Central 4K [UK]	direct	provider_13	ComedyCentral.uk	171	e50619c6e1	South Park | Teachers | The Pep Talk
ComedyCentral.us	Comedy Central HD [US]	direct	provider_13	ComedyCentral.us	93	0aad67feb3	South Park | Family Guy | The Daily Show
Comet.us	Comet HD [US]	direct	provider_13	Comet.us	54	cd54f7a6bb	Tales From the Darkside | The Outer Limits | Stargate SG-1
CookingChannel.us	Cooking Channel HD [US]	direct	provider_13	CookingChannel.us	73	395533452b	Cheap Eats | Burgers, Brew & 'Que | Bizarre Foods: Delicious Destinations
CourtTV.uk	Court TV [UK]	direct	provider_13	CourtTV.uk	48	caa1d627ad	Victim To Verdict Popcorn Murder | Court TV LIVE | Vinnie Politan Investigates
CourtTV.us	Court TV HD [US]	direct	provider_13	CourtTV.us	51	9b0f99eeb7	It Takes a Killer | VPI: Vinnie Politan Investigates | Court TV Live
CoziTV.us	Cozi [US]	direct	provider_13	CoziTV.us	92	4e3108ef0e	Malcolm & Eddie | The Steve Harvey Show | Hangin' With Mr. Cooper
CraftExtra.uk	Craft Extra [UK]	dummy			0		
CreateCraft.uk	Create And Craft 4K [UK]	dummy			0		
CrimeInvestigation.uk	Crime Investigation HEVC HD [UK]	alias	UK1	Crime+Inv.HD.uk	114	61b85e26ec	The Real Murders Of Atlanta | Crime In Progress | Imperfect Murder
CrimeInvestigation.us	Crime & Investigation HD [US]	direct	provider_13	CrimeInvestigation.us	52	31b1f1836e	I Survived | Cold Case Files | The Aging Brain
Dave.uk	Dave 4K [UK]	alias	UK1	U.and.Dave.HD.uk	105	2020a5ac1a	Would I Lie To You? | QI XL | Dave Gorman: Modern Life Is Goodish
Daystar.us	Daystar TV [CA]	direct	provider_13	Daystar.us	35	177cb2a1bb	Southern Smiles of Sylacauga | Bonanza | Daytime
Decades.us	Decades [US]	dummy			0		
DestinationAmerica.us	Destination America HD [US]	direct	provider_13	DestinationAmerica.us	81	106f6a5717	Food Paradise | House Hunters | Beachfront Bargain Hunt
DiscoveryChannel.uk	Discovery+ 4K [UK]	direct	provider_13	DiscoveryChannel.uk	58	dae46711ad	Crikey! It's the Irwins | How Do They Do It? | The Last Alaskans
DiscoveryChannel.us	Discovery HD [US]	direct	provider_13	DiscoveryChannel.us	47	a6065d2bc9	Expedition X | Expedition Unknown | Expedition Files
DiscoveryDMAX.uk	Dmax [UK]	direct	provider_13	DiscoveryDMAX.uk	53	0f383e608c	Expedition Unknown | Alaska | Outback Opal Hunters
DiscoveryFamily.us	Discovery Family HD [US]	direct	provider_13	DiscoveryFamily.us	90	dd379b0bf6	Batwheels | The Smurfs | Pound Puppies
DiscoveryHistory.uk	Discovery History [UK]	direct	provider_13	DiscoveryHistory.uk	52	8255380c30	Aliens In Alaska | Expedition Unknown | Expedition X
DiscoveryLife.us	Discovery Life HD [US]	direct	provider_13	DiscoveryLife.us	37	51761d17d9	Mystery Diagnosis | Sex Sent Me to the E.R. | Skin Tight
DiscoveryScience.uk	Discovery Science [UK]	direct	provider_13	DiscoveryScience.uk	59	d32416b398	Dino Hunters | How the Universe Works | How It's Made
DiscoveryTurbo.uk	Discovery Turbo [UK]	direct	provider_13	DiscoveryTurbo.uk	62	6927b04856	Ant Anstead | Incredible Engineering Blunders Fixed | Salvage Hunters
DogTV.us	Dog TV HD [US]	direct	provider_13	DogTV.us	48	cdd602e571	Live: Relaxation For Dogs | Live: Stimulation for Dogs | Live: Exposure for Dogs
Drama.uk	Drama [UK]	alias	UK1	U.and.Drama.uk	90	912a2b21f1	Lovejoy | Monsieur Spade (BSL) | Teleshopping
DubaiRacing.ae	Dubai Racing 1 TV 4K [SPO]	rescue-token	AE1	Dubai.Racing.1.HD.ae	46	86ba16f5f2	Race From Sky Sports Racing | Last Furlong | Al Ain Races
DubaiSports1.ae	Dubai Sport 1 4K [SPO]	rescue-token	provider_13	DubaiSports1En.ae	43	6fb3625e81	Argentinian Football League | Mundial Cafe | ADNOC Pro League
DubaiSports1En.ae	Dubai Sport 1 HD [SPO]	direct	provider_13	DubaiSports1En.ae	43	6fb3625e81	Argentinian Football League | Mundial Cafe | ADNOC Pro League
DubaiSports2.ae	Dubai Sport 2 4K [SPO]	dummy			0		
E4.uk	E4 4K [UK]	direct	provider_13	E4.uk	73	29f2a21d9d	The Simpsons | Brooklyn Nine-Nine | Modern Family
EEntertainment.uk	E! Entertainment [UK]	rescue-token	provider_13	EEntertainment.ca	63	dddd2d471c	Transplant | The Social | TMZ
EEntertainment.us	E! Entertainment West HD [US]	direct	provider_13	EEntertainment.us	46	8e74f143f9	The High Note | How I Met Your Mother | There's Something About Mary
ENDED | TARANAKI MOUNTAINAIRS VS. SOUTHLAND SHARKS (ROUND 11) | Thu 18 Jun 03:00 EDT (U~a0b9edfa	Ended | Taranaki Mountainairs Vs. Southland Sharks (Round 11) | Thu 18 Jun 03:00 Edt | 8K Exclusive | Us: ESPN+ PPV 1	dummy			0		
ESPN.us	ESPN USA HD [US]	direct	provider_13	ESPN.us	35	6b26972b08	Live: First Take | Live: The Pat McAfee Show | Live: 2026 Men's College World Series
ESPNNews.us	ESPN News HD [US]	direct	provider_13	ESPNNews.us	53	867122f51a	SportsCenter | Get Up | First Take
EWTN.us	Ewtn Catholic [US]	direct	provider_13	EWTN.us	78	cfcadbd10d	Catholic Canada | Scripture and Tradition With Fr. Mitch Pacwa | Mother Angelica Live Classics
Eden.uk	Eden 4K [UK]	alias	UK1	U.and.Eden.uk	103	4e853b6c87	Hornby: A Model World | Villages By The Sea | Teleshopping
End | Australia vs. Malawi | FIFA Women's Series | 2026-04-11 | 11:00 (GMT) | 8K EXCLUS~6ae3cdc5	End | Australia Vs. Malawi | Fifa Women'S Series | 2026-04-11 | 11:00 (Gmt) | 8K Exclusive | Ma: DAZN PPV 1	dummy			0		
End | Nasukawa vs. Estrada (en Español): Full Event Replay | Nasukawa v Estrada | 2026-~5aaaac73	End | Nasukawa Vs. Estrada (English EspaÑOl): Full Event Replay | Nasukawa V Estrada | 2026-04-11 | 09:00 (Gmt) | 8K Exclusive | Ma: DAZN PPV 5	dummy			0		
End | Nasukawa vs. Estrada: Full Event Replay | Nasukawa v Estrada | 2026-04-11 | 09:00~d2d0d232	End | Nasukawa Vs. Estrada: Full Event Replay | Nasukawa V Estrada | 2026-04-11 | 09:00 (Gmt) | 8K Exclusive | Ma: DAZN PPV 4	dummy			0		
End | Sebring - Trofeo Pirelli & Coppa Shell Races 1 | Ferrari Challenge North America~4c333337	End | Sebring - Trofeo Pirelli & Coppa Shell Races 1 | Ferrari Challenge North America | 2026-04-11 | 17:45 (Gmt) | 8K Exclusive | Ma: DAZN PPV 2	dummy			0		
End | Sint-Truiden vs. Club Brugge | Jupiler Pro League | 2026-04-11 | 18:45 (GMT) | 8K~71346e54	End | Sint-Truiden Vs. Club Brugge | Jupiler Pro League | 2026-04-11 | 18:45 (Gmt) | 8K Exclusive | Ma: DAZN PPV 3	dummy			0		
End | Sylve vs. Diaz: Press Conference | MF Pro | 2026-06-18 | 00:00 (GMT) | 8K EXCLUSI~19817a51	End | Sylve Vs. Diaz: Press Conference | Mf Pro | 2026-06-18 | 00:00 (Gmt) | 8K Exclusive | Us: DAZN PPV 1	dummy			0		
EuroNews.uk	Euronews [UK]	direct	provider_13	EuroNews.uk	156	6321e2a07f	Euronews Now | Europe Conversation | News
Euronews.us	Euronews [US]	dummy			0		
Eurosport1.uk	Eurosport 1 HD [VIP]	dummy			0		
Eurosport2.uk	Eurosport 2 HD [VIP]	dummy			0		
F1: ALEXANDER ALBON | WILLIAMS | ALB	Alexander Albon | Williams | Alb [F1]	dummy			0		
F1: ANDREA KIMI ANTONELLI | MERCEDES | ANT	Andrea Kimi Antonelli | Mercedes | Ant [F1]	dummy			0		
F1: ARVID LINDBLAD | RACING BULLS | LIN	Arvid Lindblad | Racing Bulls | Lin [F1]	dummy			0		
F1: CARLOS SAINZ | WILLIAMS | SAI	Carlos Sainz | Williams | Sai [F1]	dummy			0		
F1: CHARLES LECLERC | FERRARI | LEC	Charles Leclerc | Ferrari | Lec [F1]	dummy			0		
F1: ESTEBAN OCON | HAAS F1 TEAM | OCO	Esteban Ocon | Haas F1 Team | Oco [F1]	dummy			0		
F1: F1-DATA	F1-Data [F1]	dummy			0		
F1: F1-TRACKER	F1-Tracker [F1]	dummy			0		
F1: F1-TV	F1-TV [F1]	dummy			0		
F1: F1-TV TEMPORERY	F1-TV Temporery [F1]	dummy			0		
F1: FERNANDO ALONSO | ASTON MARTIN | ALO	Fernando Alonso | Aston Martin | Alo [F1]	dummy			0		
F1: GABRIEL BORTOLETO | AUDI | BOR	Gabriel Bortoleto | Audi | Bor [F1]	dummy			0		
F1: ISACK HADJAR | RED BULL RACING | HAD	Isack Hadjar | Red Bull Racing | Had [F1]	dummy			0		
F1: LANCE STROLL | ASTON MARTIN | STR	Lance Stroll | Aston Martin | Str [F1]	dummy			0		
F1: LEWIS HAMILTON | FERRARI | HAM	Lewis Hamilton | Ferrari | Ham [F1]	dummy			0		
F1: LIAM LAWSON | RACING BULLS | LAW	Liam Lawson | Racing Bulls | Law [F1]	dummy			0		
F1: MAX VERSTAPPEN | RED BULL RACING | VER	MAX Verstappen | Red Bull Racing | Ver [F1]	dummy			0		
F1: NICO HULKENBERG | AUDI | HUL	Nico Hulkenberg | Audi | Hul [F1]	dummy			0		
F1: OLIVER BEARMAN | HAAS F1 TEAM | BEA	Oliver Bearman | Haas F1 Team | Bea [F1]	dummy			0		
F1: OSCAR PIASTRI | MCLAREN | PIA	Oscar Piastri | Mclaren | Pia [F1]	dummy			0		
F1: PIERRE GASLY | ALPINE | GAS	Pierre Gasly | Alpine | Gas [F1]	dummy			0		
F1: VALTTERI BOTTAS | CADILLAC | BOT	Valtteri Bottas | Cadillac | Bot [F1]	dummy			0		
F: ALWAN F1 ᴴᴰ	Alwan F1 HD [F]	dummy			0		
F: ALWAN SPORT 1 ᴴᴰ	Alwan Sport 1 HD [F]	dummy			0		
F: ALWAN SPORT 1 ᴿᴬᵂ	Alwan Sport 1 RAW [F]	dummy			0		
F: ALWAN SPORT 10 ᴿᴬᵂ	Alwan Sport 10 RAW [F]	dummy			0		
F: ALWAN SPORT 2 ᴴᴰ	Alwan Sport 2 HD [F]	dummy			0		
F: ALWAN SPORT 2 ᴿᴬᵂ	Alwan Sport 2 RAW [F]	dummy			0		
F: ALWAN SPORT 3 ᴴᴰ	Alwan Sport 3 HD [F]	dummy			0		
F: ALWAN SPORT 3 ᴿᴬᵂ	Alwan Sport 3 RAW [F]	dummy			0		
F: ALWAN SPORT 4 ᴴᴰ	Alwan Sport 4 HD [F]	dummy			0		
F: ALWAN SPORT 4 ᴿᴬᵂ	Alwan Sport 4 RAW [F]	dummy			0		
F: ALWAN SPORT 5 ᴴᴰ	Alwan Sport 5 HD [F]	dummy			0		
F: ALWAN SPORT 5 ᴿᴬᵂ	Alwan Sport 5 RAW [F]	dummy			0		
F: ALWAN SPORT 6 ᴴᴰ	Alwan Sport 6 HD [F]	dummy			0		
F: ALWAN SPORT 6 ᴿᴬᵂ	Alwan Sport 6 RAW [F]	dummy			0		
F: ALWAN SPORT 7 ᴿᴬᵂ	Alwan Sport 7 RAW [F]	dummy			0		
F: ALWAN SPORT 8 ᴿᴬᵂ	Alwan Sport 8 RAW [F]	dummy			0		
F: ALWAN SPORT 9 ᴿᴬᵂ	Alwan Sport 9 RAW [F]	dummy			0		
F: ALWAN UFC ᴴᴰ	Alwan UFC HD [F]	dummy			0		
F: ALWAN WWE ᴴᴰ	Alwan Wwe HD [F]	dummy			0		
F: beIN SP⚽RTS 1 ENGLISH ᴴᴰ	beIN Sports 1 English HD [F]	bein-override	bein-epg	beINSports1En.qa@MENA	121	8f22f4b6a0	EN French Ligue 1 Highlights 2025/26 Season Review | This is Paris 2025/26 Ep.40 | 🔴 LIVE: TOR vs BOS  -  MLB
F: beIN SP⚽RTS 1 ENGLISH ᴿᴬᵂ	beIN Sports 1 English RAW [F]	bein-override	bein-epg	beINSports1En.qa@MENA	121	8f22f4b6a0	EN French Ligue 1 Highlights 2025/26 Season Review | This is Paris 2025/26 Ep.40 | 🔴 LIVE: TOR vs BOS  -  MLB
F: beIN SP⚽RTS 1 XTRA ᴴᴰ	beIN Sports 1 Xtra HD [F]	bein-override	bein-epg	beINSportsXtra1.qa@MENA	96	567f14bb15	beIN SPORTS XTRA For Live And Exclusive Coverage of Premium Sporting Events  -  JUN
F: beIN SP⚽RTS 1 XTRA ᴿᴬᵂ	beIN Sports 1 Xtra RAW [F]	bein-override	bein-epg	beINSportsXtra1.qa@MENA	96	567f14bb15	beIN SPORTS XTRA For Live And Exclusive Coverage of Premium Sporting Events  -  JUN
F: beIN SP⚽RTS 1 ᴴᴰ	beIN Sports 1 HD [F]	bein-override	bein-epg	beINSports1.qa@MENA	61	ae467e621a	Ligue 1  -  Film of the Season : Destiny | Paris Saint - Germain vs Arsenal | PSG Arrival To Paris After Won UCL 2026
F: beIN SP⚽RTS 1 ᴿᴬᵂ	beIN Sports 1 RAW [F]	bein-override	bein-epg	beINSports1.qa@MENA	61	ae467e621a	Ligue 1  -  Film of the Season : Destiny | Paris Saint - Germain vs Arsenal | PSG Arrival To Paris After Won UCL 2026
F: beIN SP⚽RTS 2 ENGLISH ᴴᴰ	beIN Sports 2 English HD [F]	bein-override	bein-epg	beINSports2En.qa@MENA	78	c0661a58dc	Zizou Bergs (BEL) vs Taylor Fritz (USA)  -  ATP 500 Terra Wortmann Open 2026 | Ben Shelton (USA) vs Lorenzo Sonego (ITA)  -  ATP 500 Terra Wortmann Open 2026 | Learner Tien (USA) vs Félix Auger - Aliassime (CAN)
F: beIN SP⚽RTS 2 ENGLISH ᴿᴬᵂ	beIN Sports 2 English RAW [F]	bein-override	bein-epg	beINSports2En.qa@MENA	78	c0661a58dc	Zizou Bergs (BEL) vs Taylor Fritz (USA)  -  ATP 500 Terra Wortmann Open 2026 | Ben Shelton (USA) vs Lorenzo Sonego (ITA)  -  ATP 500 Terra Wortmann Open 2026 | Learner Tien (USA) vs Félix Auger - Aliassime (CAN)
F: beIN SP⚽RTS 2 XTRA ᴴᴰ	beIN Sports 2 Xtra HD [F]	bein-override	bein-epg	beINSportsXtra2.qa@MENA	96	567f14bb15	beIN SPORTS XTRA For Live And Exclusive Coverage of Premium Sporting Events  -  JUN
F: beIN SP⚽RTS 2 XTRA ᴿᴬᵂ	beIN Sports 2 Xtra RAW [F]	bein-override	bein-epg	beINSportsXtra2.qa@MENA	96	567f14bb15	beIN SPORTS XTRA For Live And Exclusive Coverage of Premium Sporting Events  -  JUN
F: beIN SP⚽RTS 2 ᴴᴰ	beIN Sports 2 HD [F]	bein-override	bein-epg	beINSports2.qa@MENA	60	3acf758643	Brentford vs Manchester United  -  English Premier League 2025/2026 Week 6 | Manchester City vs Burnley  -  English Premier League 2025/2026 Week 6 | Crystal Palace vs Liverpool  -  English Premier League 2025/2026 Week 6
F: beIN SP⚽RTS 2 ᴿᴬᵂ	beIN Sports 2 RAW [F]	bein-override	bein-epg	beINSports2.qa@MENA	60	3acf758643	Brentford vs Manchester United  -  English Premier League 2025/2026 Week 6 | Manchester City vs Burnley  -  English Premier League 2025/2026 Week 6 | Crystal Palace vs Liverpool  -  English Premier League 2025/2026 Week 6
F: beIN SP⚽RTS 3 XTRA ᴴᴰ	beIN Sports 3 Xtra HD [F]	norm-name	provider_13	beINSportsXtra3.qa	48	f30a4a8977	beIN SPORTS XTRA For Live And Exclusive Coverage of Premium Sporting Events - JUN - 2026
F: beIN SP⚽RTS 3 XTRA ᴿᴬᵂ	beIN Sports 3 Xtra RAW [F]	norm-name	provider_13	beINSportsXtra3.qa	48	f30a4a8977	beIN SPORTS XTRA For Live And Exclusive Coverage of Premium Sporting Events - JUN - 2026
F: beIN SP⚽RTS 3 ᴴᴰ	beIN Sports 3 HD [F]	bein-override	bein-epg	beINSports3.qa@MENA	51	2f76910d0a	Atlético de Madrid vs Rayo Vallecano  -  Spanish LaLiga 2025/26 | Blooming (BOL) vs River Plate (ARG)  -  Conmebol Sudamericana Group Stage | Barcelona (ECU) vs Argentinos Juniors (ARG)  -  Copa Libertadores 2026
F: beIN SP⚽RTS 3 ᴿᴬᵂ	beIN Sports 3 RAW [F]	bein-override	bein-epg	beINSports3.qa@MENA	51	2f76910d0a	Atlético de Madrid vs Rayo Vallecano  -  Spanish LaLiga 2025/26 | Blooming (BOL) vs River Plate (ARG)  -  Conmebol Sudamericana Group Stage | Barcelona (ECU) vs Argentinos Juniors (ARG)  -  Copa Libertadores 2026
F: beIN SP⚽RTS 4 ᴴᴰ	beIN Sports 4 HD [F]	bein-override	bein-epg	beINSports4.qa@MENA	73	9f6e31d7d9	Strasbourg vs Brest  -  French Ligue 1 2025/2026 Week 14 | Lorient vs Nice  -  French Ligue 1 2025/2026 Week 14 | World Cup 2026 Amazing Facts  -  Group C (#3)
F: beIN SP⚽RTS 4 ᴿᴬᵂ	beIN Sports 4 RAW [F]	bein-override	bein-epg	beINSports4.qa@MENA	73	9f6e31d7d9	Strasbourg vs Brest  -  French Ligue 1 2025/2026 Week 14 | Lorient vs Nice  -  French Ligue 1 2025/2026 Week 14 | World Cup 2026 Amazing Facts  -  Group C (#3)
F: beIN SP⚽RTS 5 ᴴᴰ	beIN Sports 5 HD [F]	bein-override	bein-epg	beINSports5.qa@MENA	64	30a8fc3454	Gamba Osaka (JPN) vs Eastern FC (HKG)  -  AFC Champions League Two 2025/2026 | Nam Dinh FC (VIE) vs Ratchaburi FC (THA)  -  AFC Champions League Two 2025/2026 | Al Muharraq SC (BHR) vs Al Wehdat (JOR)  -  AFC Champions League Two 2025/2026
F: beIN SP⚽RTS 5 ᴿᴬᵂ	beIN Sports 5 RAW [F]	bein-override	bein-epg	beINSports5.qa@MENA	64	30a8fc3454	Gamba Osaka (JPN) vs Eastern FC (HKG)  -  AFC Champions League Two 2025/2026 | Nam Dinh FC (VIE) vs Ratchaburi FC (THA)  -  AFC Champions League Two 2025/2026 | Al Muharraq SC (BHR) vs Al Wehdat (JOR)  -  AFC Champions League Two 2025/2026
F: beIN SP⚽RTS 6 ᴴᴰ	beIN Sports 6 HD [F]	norm-name	provider_1	beINSports6.qa@MENA	62	efeb0041ed	Al Hilal SC (SUD) vs Mamelodi Sundowns FC (RSA) - CAF Champions League 2025/26 MD4 | Young Africans (TAN) vs Al Ahly FC (EGY) - CAF Champions League 2025/26 MD4 | Atlético Petroleos (ANG) vs Stade Malien (MLI) - CAF Champions League 2025/26 MD4
F: beIN SP⚽RTS 6 ᴿᴬᵂ	beIN Sports 6 RAW [F]	norm-name	provider_1	beINSports6.qa@MENA	62	efeb0041ed	Al Hilal SC (SUD) vs Mamelodi Sundowns FC (RSA) - CAF Champions League 2025/26 MD4 | Young Africans (TAN) vs Al Ahly FC (EGY) - CAF Champions League 2025/26 MD4 | Atlético Petroleos (ANG) vs Stade Malien (MLI) - CAF Champions League 2025/26 MD4
F: beIN SP⚽RTS 7 ᴴᴰ	beIN Sports 7 HD [F]	bein-override	bein-epg	beINSports7.qa@MENA	55	7032fbc95a	Alex De Minaur (AUS) vs Denis Shapovalov (CAN)  -  ATP 500 HSBC Championships 2026 | Adrian Mannarino (FRA) vs Arthur Fery (GBR)  -  ATP 500 HSBC Championships 2026 | Jenson Brooksby (USA) vs Francisco Cerundolo (ARG)  -  ATP 500 HSBC Championships 2026
F: beIN SP⚽RTS 7 ᴿᴬᵂ	beIN Sports 7 RAW [F]	bein-override	bein-epg	beINSports7.qa@MENA	55	7032fbc95a	Alex De Minaur (AUS) vs Denis Shapovalov (CAN)  -  ATP 500 HSBC Championships 2026 | Adrian Mannarino (FRA) vs Arthur Fery (GBR)  -  ATP 500 HSBC Championships 2026 | Jenson Brooksby (USA) vs Francisco Cerundolo (ARG)  -  ATP 500 HSBC Championships 2026
F: beIN SP⚽RTS 8 ᴴᴰ	beIN Sports 8 HD [F]	norm-name	provider_1	beINSports8.qa@MENA	69	9d1dc91cde	Race - Session 7 - 2026 FIA World Endurance Championship - 24H Le Mans Round | Race - Session 8 - 2026 FIA World Endurance Championship - 24H Le Mans Round | Main Race - F1 Barcelona - Catalunya Grand Prix - 2026
F: beIN SP⚽RTS 8 ᴿᴬᵂ	beIN Sports 8 RAW [F]	norm-name	provider_1	beINSports8.qa@MENA	69	9d1dc91cde	Race - Session 7 - 2026 FIA World Endurance Championship - 24H Le Mans Round | Race - Session 8 - 2026 FIA World Endurance Championship - 24H Le Mans Round | Main Race - F1 Barcelona - Catalunya Grand Prix - 2026
F: beIN SP⚽RTS 9 ᴴᴰ	beIN Sports 9 HD [F]	norm-name	provider_1	5C08D9D3-C713-4F1F-947E-87C761428B9B	66	7525048932	Longines Global Champions Tour - St Tropez Jumping - Against The Clock With Jump Off | Longines Global Champions Tour - St Tropez Jumping - Grand Prix | Longines Global Champions Tour - Cannes Jumping - Round 1 Competition Team
F: beIN SP⚽RTS 9 ᴿᴬᵂ	beIN Sports 9 RAW [F]	norm-name	provider_1	5C08D9D3-C713-4F1F-947E-87C761428B9B	66	7525048932	Longines Global Champions Tour - St Tropez Jumping - Against The Clock With Jump Off | Longines Global Champions Tour - St Tropez Jumping - Grand Prix | Longines Global Champions Tour - Cannes Jumping - Round 1 Competition Team
F: beIN SP⚽RTS GLOBAL ᴴᴰ	beIN Sports Global HD [F]	norm-name	provider_13	beINSports.qa	28	340a42bf16	Paris vs Aix - LNH Division 1 - French Handball Starligue | T100 Triathlon Aspin 2026 – San Francisco Round | Poitiers vs Ajaccio - Marmara Spike ligue Volleyball - 2026
F: beIN SP⚽RTS NBA ᴴᴰ	beIN Sports NBA HD [F]	norm-name	provider_1	beINSportsNBA.qa@SD	0		
F: beIN SP⚽RTS NEWS ᴴᴰ	beIN Sports News HD [F]	norm-name	provider_1	beINSportsNews.qa@SD	166	2375e71f5f	World Cup 2026 Review Show | World Cup 2026 Preview Show | Al Jawla - Live Studio
FL: V SPORT MOTOR ᴿᴬᵂ	V Sport Motor RAW [FL]	dummy			0		
FL: VIASAT SPORT 1 SUOMI ᴿᴬᵂ	Viasat Sport 1 Suomi RAW [FL]	dummy-forced			0		
FL: VIASAT SPORT 2 SUOMI ᴿᴬᵂ	Viasat Sport 2 Suomi RAW [FL]	dummy			0		
FM: beIN SP⚽RTS MAX 1 AR ʰᵉᵛᶜ	beIN Sports MAX 1 Arabic HEVC [FM]	bein-override	bein-epg	beINSportsMax1.qa@MENA	80	9d0a792eb6	🔴 LIVE: Countdown | 🔴 LIVE: Ghana vs Panama  -  FIFA World Cup 2026 | England vs Croatia  -  FIFA World Cup 2026
FM: beIN SP⚽RTS MAX 1 AR ᴴᴰ	beIN Sports MAX 1 Arabic HD [FM]	bein-override	bein-epg	beINSportsMax1.qa@MENA	80	9d0a792eb6	🔴 LIVE: Countdown | 🔴 LIVE: Ghana vs Panama  -  FIFA World Cup 2026 | England vs Croatia  -  FIFA World Cup 2026
FM: beIN SP⚽RTS MAX 1 AR ᴿᴬᵂ	beIN Sports MAX 1 Arabic RAW [FM]	bein-override	bein-epg	beINSportsMax1.qa@MENA	80	9d0a792eb6	🔴 LIVE: Countdown | 🔴 LIVE: Ghana vs Panama  -  FIFA World Cup 2026 | England vs Croatia  -  FIFA World Cup 2026
FM: beIN SP⚽RTS MAX 2 AR ʰᵉᵛᶜ	beIN Sports MAX 2 Arabic HEVC [FM]	bein-override	bein-epg	beINSportsMax2.qa@MENA	72	6c5ce251d4	🔴 LIVE: England vs Croatia  -  FIFA World Cup 2026 | Austria vs Jordan  -  FIFA World Cup 2026 | Portugal vs DR Congo  -  FIFA World Cup 2026
FM: beIN SP⚽RTS MAX 2 AR ᴴᴰ	beIN Sports MAX 2 Arabic HD [FM]	bein-override	bein-epg	beINSportsMax2.qa@MENA	72	6c5ce251d4	🔴 LIVE: England vs Croatia  -  FIFA World Cup 2026 | Austria vs Jordan  -  FIFA World Cup 2026 | Portugal vs DR Congo  -  FIFA World Cup 2026
FM: beIN SP⚽RTS MAX 2 AR ᴿᴬᵂ	beIN Sports MAX 2 Arabic RAW [FM]	bein-override	bein-epg	beINSportsMax2.qa@MENA	72	6c5ce251d4	🔴 LIVE: England vs Croatia  -  FIFA World Cup 2026 | Austria vs Jordan  -  FIFA World Cup 2026 | Portugal vs DR Congo  -  FIFA World Cup 2026
FM: beIN SP⚽RTS MAX 3 AR ʰᵉᵛᶜ	beIN Sports MAX 3 Arabic HEVC [FM]	bein-override	bein-epg	beINSportsMax3.qa@MENA	45	de11716588	🔴 LIVE: Ghana vs Panama  -  FIFA World Cup 2026 | MD Plus | France vs Senegal  -  FIFA World Cup 2026
FM: beIN SP⚽RTS MAX 3 AR ᴴᴰ	beIN Sports MAX 3 Arabic HD [FM]	bein-override	bein-epg	beINSportsMax3.qa@MENA	45	de11716588	🔴 LIVE: Ghana vs Panama  -  FIFA World Cup 2026 | MD Plus | France vs Senegal  -  FIFA World Cup 2026
FM: beIN SP⚽RTS MAX 3 AR ᴿᴬᵂ	beIN Sports MAX 3 Arabic RAW [FM]	bein-override	bein-epg	beINSportsMax3.qa@MENA	45	de11716588	🔴 LIVE: Ghana vs Panama  -  FIFA World Cup 2026 | MD Plus | France vs Senegal  -  FIFA World Cup 2026
FM: beIN SP⚽RTS MAX 4 AR ʰᵉᵛᶜ	beIN Sports MAX 4 Arabic HEVC [FM]	bein-override	bein-epg	beINSportsMax4.qa@MENA	50	759919163b	🔴 LIVE: England vs Croatia  -  FIFA World Cup 2026 | 🔴 LIVE: Live Host City View | 🔴 LIVE: Uzbekistan vs Colombia  -  FIFA World Cup 2026
FM: beIN SP⚽RTS MAX 4 AR ᴴᴰ	beIN Sports MAX 4 Arabic HD [FM]	bein-override	bein-epg	beINSportsMax4.qa@MENA	50	759919163b	🔴 LIVE: England vs Croatia  -  FIFA World Cup 2026 | 🔴 LIVE: Live Host City View | 🔴 LIVE: Uzbekistan vs Colombia  -  FIFA World Cup 2026
FM: beIN SP⚽RTS MAX 4 AR ᴿᴬᵂ	beIN Sports MAX 4 Arabic RAW [FM]	bein-override	bein-epg	beINSportsMax4.qa@MENA	50	759919163b	🔴 LIVE: England vs Croatia  -  FIFA World Cup 2026 | 🔴 LIVE: Live Host City View | 🔴 LIVE: Uzbekistan vs Colombia  -  FIFA World Cup 2026
FM: beIN SP⚽RTS MAX 5 EN ʰᵉᵛᶜ	beIN Sports MAX 5 English HEVC [FM]	bein-override	bein-epg	beINSportsMax5.qa@MENA	46	1b5d78197a	🔴 LIVE: England vs Croatia  -  FIFA World Cup 2026 | 🔴 LIVE: Ghana vs Panama  -  FIFA World Cup 2026 | 🔴 LIVE: Uzbekistan vs Colombia  -  FIFA World Cup 2026
FM: beIN SP⚽RTS MAX 5 EN ᴴᴰ	beIN Sports MAX 5 English HD [FM]	bein-override	bein-epg	beINSportsMax5.qa@MENA	46	1b5d78197a	🔴 LIVE: England vs Croatia  -  FIFA World Cup 2026 | 🔴 LIVE: Ghana vs Panama  -  FIFA World Cup 2026 | 🔴 LIVE: Uzbekistan vs Colombia  -  FIFA World Cup 2026
FM: beIN SP⚽RTS MAX 5 EN ᴿᴬᵂ	beIN Sports MAX 5 English RAW [FM]	bein-override	bein-epg	beINSportsMax5.qa@MENA	46	1b5d78197a	🔴 LIVE: England vs Croatia  -  FIFA World Cup 2026 | 🔴 LIVE: Ghana vs Panama  -  FIFA World Cup 2026 | 🔴 LIVE: Uzbekistan vs Colombia  -  FIFA World Cup 2026
FOXSports.us	FOX Sports Detroit HD [US]	dummy			0		
FX.us	FX West HD [US]	direct	provider_13	FX.us	31	dc902a1804	True Lies | Never Been Kissed | Free Guy
FXX.us	Fxx HD [US]	direct	provider_13	FXX.us	69	86d2aceac2	Barbarian | Poltergeist | The Simpsons
FamilyEntertainment.us	Fetv [US]	direct	provider_13	FamilyEntertainment.us	68	11da0e599a	Car 54, Where Are You? | Hazel | Leave It to Beaver
FanDuelMidwestIndiana.us	Fanduel Midwest [US]	dummy			0		
Film4.uk	Film 4 HEVC HD [UK]	direct	provider_13	Film4.uk	20	ca18fa90f3	The Enemy Below | The Lavender Hill Mob | Dad's Army
FiveUSA.uk	5 USA [UK]	direct	provider_13	FiveUSA.uk	52	a07b07cb72	Law & Order | Entertainment News on 5 | NCIS
FoodNetwork.uk	Food Network [UK]	direct	provider_13	FoodNetwork.uk	78	263e5c0558	James Martin | Hairy Bikers Comfort Food | The Pioneer Woman
FoodNetwork.us	Food Network HD [US]	direct	provider_13	FoodNetwork.us	57	e58a1f41e9	Alex vs. America | Guy's Grocery Games | 100 Cooks
FoxBusiness.us	FOX Business Network HD [US]	direct	provider_13	FoxBusiness.us	60	80543ed1a6	Live: Varney & Company | Live: The Big Money Show | Live: Making Money With Charles Payne
FoxDeportes.us	FOX Deportes [US]	rescue-token	US2	Fox.Deportes.HD.us2	108	4b97380fc8	Punto final | Live: Total Sports 360 | Programa pagado
FoxNews.us	FOX News HD [US]	direct	provider_13	FoxNews.us	48	00eabc726c	Live: America's Newsroom | Live: The Faulkner Focus | Live: Outnumbered
FoxSoccerPlus.us	FOX Soccer Plus HD [US]	direct	provider_13	FoxSoccerPlus.us	41	983890e5ca	FIFA World Cup 2026 | Football's Greatest Stage | Football Nation
FoxSports1.us	FOX Sports 1 4K [US]	direct	provider_13	FoxSports1.us	31	22cc7f12b3	Live: First Things First | Live: The Herd With Colin Cowherd | First Things First
FoxSports2.us	FOX Sports 2 4K [US]	direct	provider_13	FoxSports2.us	30	8a8b72d8bb	FIFA World Cup 2026 | Best of EVO | Bassmaster Elite Series
FoxWeather.us	FOX Weather HD [US]	direct	provider_13	FoxWeather.us	12	e6a23feb73	Live: America's Weather Center | Live: FOX Weather Now | Live: FOX Weather Live
Freeform.us	Freeform West HD [US]	direct	provider_13	Freeform.us	54	6d53fbe617	Boy Meets World | The 700 Club | 700 Club Interactive
FuboSportsNetwork.us	Fubo Sports 1 HD [US]	direct	provider_13	FuboSportsNetwork.us	37	69424343d1	United Fight Alliance | The Contenders | The Fantasy Life Show
FuseTV.us	Fuse HD [US]	direct	provider_13	FuseTV.us	64	3a9ab335e3	Life's Funniest Moments | Fatal Addiction: Michael Jackson | Michael Jackson: Chase the Truth
GBNews.uk	Gb News 4K [UK]	direct	provider_13	GBNews.uk	22	cdf3eeee00	Martin Daubney | Dewbs & Co | Farage
GO: 20/20	20/20 [GO]	dummy			0		
GO: 50 CENT ACTION CHANNEL	50 Cent Action Channel [GO]	token	provider_3	fc7ce5c3-e076-4ef7-ba8d-148abf978c18	65	d51ccb070a	Black Water | Cartels | Paradise City
GO: A&E	A&E [GO]	dummy			0		
GO: ABC LOCALISH	ABC Localish [GO]	token	provider_3	ad9ce34d-98c0-45a4-8368-d58549960c7c	238	3885949d6b	Localish Chicago | Best of Localish | Localish Central California
GO: ABC NEWS LIVE	ABC News Live [GO]	dummy			0		
GO: ABC-WABC	ABC-Wabc [GO]	dummy			0		
GO: ACC DIGITAL NETWORK	Acc Digital Network [GO]	token	provider_3	8f5ed95b-f56d-4fa6-a231-4823486a971b	58	5000a95096	Football Replay | Basketball Replay | College Basketball
GO: ACC NETWORK	Acc Network [GO]	token	provider_13	ACCNetwork.us	59	17b6de7cff	All ACC | ACC Network Basketball Podcast | GO: ACC NETWORK
GO: ACCUWEATHER	Accuweather [GO]	dummy			0		
GO: ALWAYS FUNNY	Always Funny [GO]	token	provider_3	06963d58-2ceb-4d2a-b386-96eea710ce77	238	78eb88162c	World's Funniest Videos: Top 10 Countdown | Vintage Videos | Always Funny Top 25
GO: ALWAYS FUNNY: PRANKS & FAILS	Always Funny: Pranks & Fails [GO]	token	provider_3	06963d58-2ceb-4d2a-b386-96eea710ce77	238	78eb88162c	World's Funniest Videos: Top 10 Countdown | Vintage Videos | Always Funny Top 25
GO: AMC	AMC [GO]	dummy			0		
GO: AMERICA'S GOT TALENT	America'S Got Talent [GO]	rescue-token	provider_3	24a3f97c-f708-47b4-a285-44c9bd116913	84	0d0a40066e	Beyond the AGT Spotlight | AGT's Bizarre Acts | Musicians Who Rocked AGT
GO: AMERICA'S TEST KITCHEN	America'S Test Kitchen [GO]	rescue-token	provider_3	d2c29c81-ef23-4218-9098-942d46d2a209	242	042ebcf103	Cook's Country | America's Test Kitchen | Julia at Home
GO: AMERICAN CRIMES	American Crimes [GO]	rescue-token	US2	American.Crimes.us2	116	f402b7d84f	Lockup: New Mexico: Extended Stay | Lockup: Charleston: Extended Stay | American Greed
GO: AMERICAN HEROES	American Heroes [GO]	token	provider_3	bca90090-7f85-4e55-ba11-ae184874a02d	121	2885de0167	Inside Secret Societies | UFOs: Uncovering the Truth | Codes and Conspiracies
GO: ANGER MANAGEMENT	Anger Management [GO]	token	provider_3	441ad820-0396-45b8-bc3f-1ea2be87bf6c	283	14bede951a	Anger Management
GO: ANIMAL PLANET	Animal Planet [GO]	dummy			0		
GO: ARE WE THERE YET	Are We There Yet [GO]	token	provider_3	8a26be7e-df40-4be0-9a0c-50f2013c03a2	296	a4bb2725ce	Are We There Yet?
GO: ASPIRE	Aspire [GO]	dummy			0		
GO: AX MEN	Ax Men [GO]	token	provider_3	16853a87-5925-44a9-a45a-e780c3a6cc5c	141	2134ece2a9	Ax Men
GO: AXS TV	Axs TV [GO]	token	provider_3	44483b11-87ac-4da6-a420-538a462f45e0	203	1bb9a1ed58	UNLOCK OMEGA XL's POWER with JOHN WALSH | The Very Very Best of the '70s | The Top Ten Revealed
GO: BABY FIRST	Baby First [GO]	token	provider_13	BabyFirstTV.us	96	0ddae007d9	Mama & Me: Tot School | Breakfast Club | Thoughtful Wednesday Discoveries
GO: BBC AMERICA	BBC America [GO]	token	provider_3	e6daa895-a3e0-4584-bcf5-a639ef703013	89	3c18b74123	Chasing the Rains | The Guardian | Point Break
GO: BBC NEWS	BBC News [GO]	rescue-token	UK1	BBC.NEWS.HD.uk	166	4c2ef130ec	BBC News | Tech Now | Newsday
GO: BEACH DAY	Beach Day [GO]	token	provider_3	a546b6ea-66b0-41c1-bdef-f85a070d5777	291	7d0c9ddf7b	Beachfront Bargain Hunt | Hawaii Life
GO: BEIN SPORTS XTRA	beIN Sports Xtra [GO]	token	provider_3	be076527-86af-4537-a165-56839e0eea0b	146	fc5d34cb03	Premier Padel Tennis | Going Pro | ABSA Cape Epic
GO: BET	Bet [GO]	dummy			0		
GO: BET HER	Bet Her [GO]	token	provider_13	BetHer.us	57	c2d514ebe1	Morning Glow | Tyler Perry's House of Payne | Favorite Son
GO: BIG 12	Big 12 [GO]	token	provider_3	bcb689af-ff7b-48fa-bd72-3cadd3c89ad8	70	2c8ed62f45	Big 12 Today | Across the Conference | Big 12 Men's College Football Replay
GO: BIG TEN	Big Ten [GO]	dummy			0		
GO: BIG TEN NETWORK OVERFLOW 2	Big Ten Network Overflow 2 [GO]	dup-feed-scrub	provider_3	c62eb2bb-9bf9-4a14-a7c6-488c000257ff	0		
GO: BIG TEN NETWORK OVERFLOW 3	Big Ten Network Overflow 3 [GO]	dup-feed-scrub	provider_3	31586baa-0f1e-482a-a6e6-b055cf02c106	0		
GO: BIG TEN NETWORK OVERFLOW 4	Big Ten Network Overflow 4 [GO]	dup-feed-scrub	provider_3	622d354a-dd46-4cb5-904d-f5d81bb4f2bc	0		
GO: BIZARRE FOODS WITH ANDREW ZIMMERN	Bizarre Foods With Andrew Zimmern [GO]	token	provider_3	72febb98-29b7-4254-b909-9521218e9be5	161	d3275eaac0	Bizarre Foods With Andrew Zimmern | Bizarre Foods: Delicious Destinations | Bizarre World
GO: BLOOMBERG TV	Bloomberg TV [GO]	rescue-token	provider_3	9d556827-6bb0-4e70-b843-1ae390321e74	131	9a57ca89d7	Bloomberg Surveillance | Bloomberg Open Interest | Bloomberg Tech
GO: BOB ROSS CHANNEL	Bob Ross Channel [GO]	token	provider_3	bf1a99c3-b0cb-4eae-92a1-1714086a64f7	206	0851e7c083	The Joy of Painting with Bob Ross
GO: BOOMERANG	Boomerang [GO]	dummy			0		
GO: BOUNCETV	Bouncetv [GO]	dummy			0		
GO: BRAVO	Bravo [GO]	dummy			0		
GO: BRAVO VAULT	Bravo Vault [GO]	token	provider_3	df40034e-34cf-48a3-afe2-53140915973b	148	1f2646dfd5	Married to Medicine | Below Deck | Below Deck Mediterranean
GO: BUZZR	Buzzr [GO]	dummy			0		
GO: C-SPAN	C-Span [GO]	dummy			0		
GO: C-SPAN2	C-SPAN2 [GO]	dummy			0		
GO: CARTOON NETWORK	Cartoon Network [GO]	dummy			0		
GO: CBS SPORTS NETWORK	CBS Sports Network [GO]	token	provider_3	bacabf02-88d4-489a-bd0a-a356730aeed0	96	509bc3c0fb	Boomer and Gio | Watercross | World of Outlaws
GO: CBS-WCBS	CBS-Wcbs [GO]	dummy			0		
GO: CHEDDAR NEWS	Cheddar News [GO]	token	provider_13	CheddarNews.us	88	bd88931e57	NYC Revealed | Cheddar's Opening Bell | Stock Standouts
GO: CLEO TV	Cleo TV [GO]	token	provider_13	CleoTV.us	98	c1421dba16	One on One | Girlfriends | Half & Half
GO: CMT	Cmt [GO]	dummy			0		
GO: CNBC	Cnbc [GO]	dummy			0		
GO: CNBC WORLD	Cnbc World [GO]	token	provider_3	cbc01bc2-bd52-4380-8b7e-f991a03b65f1	147	84a173ebdc	Marketing Media Money | CNBC Meets | The Brave Ones
GO: CNN	Cnn [GO]	dummy			0		
GO: CNNI EAST	Cnni East [GO]	dummy			0		
GO: COLD CASE FILES	Cold Case Files [GO]	token	provider_3	2c6c500b-89fe-4d0e-aaa8-71f181b8575c	141	cb227b3ab0	Cold Case Files
GO: COMEDY CENTRAL	Comedy Central [GO]	dummy			0		
GO: COMEDY DYNAMICS	Comedy Dynamics [GO]	token	provider_3	c0562e14-c7b8-48a7-8cd8-b587629ccebc	104	c2bda92931	Gabriel Iglesias: I'm Not Fat... I'm Fluffy | Moody McCarthy: The Good Jew | Peppermint: So-SIGH-ety Effects
GO: COMEDY TV	Comedy TV [GO]	dummy			0		
GO: COOKING CHANNEL	Cooking Channel [GO]	token	provider_3	9d882605-20d3-4ff3-b6e1-03139d4f1e11	186	2ca6ca22bb	Food Paradise | Man's Greatest Food | Carnival Eats
GO: COSMIC FRONTIERS	Cosmic Frontiers [GO]	token	provider_3	539834dd-b156-4cde-bb2d-04152dc009f9	160	a45f72f2db	The Great Wall of Japan | TechTalk | The Truth About Stem Cells
GO: COURT TV	Court TV [GO]	rescue-token	provider_3	202c9e76-c1ca-40f0-ace1-89b626ae1ca2	148	e4295b0ea7	Someone They Knew With Tamron Hall | VPI: Vinnie Politan Investigates | Court TV Live
GO: COZI TV	Cozi TV [GO]	token	provider_3	c725c691-7980-4353-8580-c261fb6900b8	212	d739dc4315	Malcolm & Eddie | The Steve Harvey Show | Hangin' With Mr. Cooper
GO: CRIME 360	Crime 360 [GO]	token	provider_3	56e7cb5d-eb7c-42a6-b584-099f8380bc09	213	e37f09616c	Court Cam | Live PD Presents: Women on Patrol | Live PD: Police Patrol
GO: CURIOSITY NOW	Curiosity Now [GO]	token	provider_3	5be021ad-db5c-4d09-945f-9f6852648dbe	181	9484cf1a9e	Dog Whisperer | Find Me a Classic | Suppressed Science
GO: CW-WPIX	CW-Wpix [GO]	dummy			0		
GO: DANGER TV	Danger TV [GO]	token	provider_3	bf9fb7ff-a761-44d6-8c7a-288f7fd928c4	218	4424516f68	Danger Decoded | Air Rescue | Chopper Squad
GO: DATELINE 24/7	Dateline 24/7 [GO]	token	provider_3	0e77933e-f60b-4e10-b546-03aa4e2d5ef7	106	4512a29d2f	Dateline NBC
GO: DAYSTAR	Daystar [GO]	dummy			0		
GO: DEAL ZONE	Deal Zone [GO]	token	provider_3	0bc3e62a-7fc8-41dc-97a3-09279d6c1a52	227	d10db21cd9	American Pickers | Pawn Stars
GO: DECLASSIFIED	Declassified [GO]	dummy			0		
GO: DESTINATION AMERICA	Destination America [GO]	token	provider_13	DestinationAmerica.us	81	106f6a5717	Food Paradise | House Hunters | Beachfront Bargain Hunt
GO: DISCOVERY	Discovery [GO]	dummy			0		
GO: DISCOVERY FAMILY CHANNEL	Discovery Family Channel [GO]	token	provider_3	429ccc87-fcaf-4a61-8bff-fcb4299eef8d	226	cd45745627	Batwheels | The Smurfs | Pound Puppies
GO: DISCOVERY LIFE	Discovery Life [GO]	token	provider_3	5372d13d-fe7d-4b4f-b1e9-b28435f3a7c7	89	53e4f5b738	My 600-Lb. Life | Dr. Pimple Popper | My Feet Are Killing Me
GO: DISNEY CHANNEL	Disney Channel [GO]	token	US2	Disney.Channel.HD.us2	182	a1f6fedc86	Big City Greens | Kiff | Bluey
GO: DISNEY JUNIOR	Disney Junior [GO]	dummy			0		
GO: DISNEY XD	Disney Xd [GO]	token	provider_3	c424f16f-aadd-414f-a9ba-c40e6a634977	231	175497eac6	Big City Greens | Yu-Gi-Oh! GO RUSH!! | Beyblade X
GO: DOCUMENTARY+	Documentary+ [GO]	dummy			0		
GO: DOG WHISPERER	Dog Whisperer [GO]	token	provider_3	6b0c9b83-a93d-4516-bba9-02bf5d5c06b2	121	a843db3765	Dog Whisperer
GO: DOVE TV	Dove TV [GO]	token	provider_3	197dee36-1b7f-4796-8332-f6565aa389a3	83	0da1f42438	Just for Showmance | Lease on Love | The PA and the Manhattan Prince
GO: DRAFTKINGS	Draftkings [GO]	dummy			0		
GO: DROOL	Drool [GO]	dummy			0		
GO: DUCK DYNASTY	Duck Dynasty [GO]	token	provider_3	45c79610-0f58-4ab3-a9b7-d1b2c2a54bc3	258	d722f8456d	Duck Dynasty
GO: E!	E! [GO]	dummy			0		
GO: E! KEEPING UP	E! Keeping Up [GO]	token	provider_3	1814ce60-55e6-4379-a7dc-01d0d669dcd4	203	b62a3bb5f2	Keeping Up With the Kardashians | Kourtney & Khloé Take Miami | Kourtney and Kim Take New York
GO: EARTH TOUCH	Earth Touch [GO]	token	provider_3	3c8bc69a-ab82-4d66-a699-d111f5006b60	154	b21777699e	Earth Week | Speed Kills | Walking with Elephants
GO: EARTHX	Earthx [GO]	dummy			0		
GO: EBONY TV	Ebony TV [GO]	token	provider_3	4ce170e6-9219-42f3-8b02-ad3a5b851e81	156	9f8929585e	Are We There Yet? | Love Thy Neighbor | Greenleaf
GO: EL REY REBEL	El Rey Rebel [GO]	token	provider_3	1e160544-00bc-4b3c-88df-455fb4af26e2	77	fc5353a75e	Alone in the Dark | Redemption | Chaos
GO: ESPN	ESPN [GO]	dummy			0		
GO: ESPN2	ESPN2 [GO]	dummy			0		
GO: ESPN8: THE OCHO	ESPN8: The Ocho [GO]	token	provider_3	1376d7e8-791b-4e90-a8f9-2719d1933d6d	133	8e2a631776	Great American Events | eSports | Electronic Sports
GO: ESPNEWS	Espnews [GO]	dummy			0		
GO: ESPNU	Espnu [GO]	dummy			0		
GO: FAIL ARMY	Fail Army [GO]	token	provider_3	5b2cc61c-32c8-42db-8c2e-ec527e55f1fa	232	3fd91e860a	World's Most Expensive Fails | FailArmy Trivia | FailFactory
GO: FAMILY ENTERTAINMENT TELEVISION	Family Entertainment Television [GO]	dup-feed-scrub	provider_3	927bdde6-1594-4fd6-9216-b62832020831	0		
GO: FAMILY FEUD (STEVE HARVEY)	Family Feud (Steve Harvey) [GO]	token	provider_3	f4616bcd-507f-4083-8ed3-122a5dec2fcf	133	eeec0f45d2	Fast Money | Compilations | Best of Family Feud
GO: FAMILY MOVIE CLASSICS	Family Movie Classics [GO]	token	provider_3	d4791ed5-5e7e-4596-bbe6-1884f80bf100	81	e47e00d4b8	Wounded Warrior Project featuring Trace Adkins | The Life and Legend of Wyatt Earp | Above and Beyond
GO: FANDUEL TV	Fanduel TV [GO]	token	provider_3	29f35d32-a695-40de-9fbb-56d5c0204822	30	fc21794973	Live Racing! International | Live Racing! East Coast | Live Racing! Coast to Coast
GO: FIGHT NETWORK	Fight Network [GO]	rescue-token	US2	Fight.Network.us2	79	82ae3678a7	OVW TV: Primetime | Invicta FC 57 | Fight Network Recharged
GO: FM	FM [GO]	dummy			0		
GO: FOOD NETWORK	Food Network [GO]	dummy			0		
GO: FOX BUSINESS NETWORK	FOX Business Network [GO]	token	provider_3	84df7371-69e0-49be-a058-bf2f6e8bac84	169	1c7ab324bc	Mornings With Maria Bartiromo | Varney & Company | The Big Money Show
GO: FOX NEWS CHANNEL	FOX News Channel [GO]	token	US2	Fox.News.Channel.HD.us2	96	48f7a20a74	Jesse Watters Primetime | Hannity | Gutfeld!
GO: FOX SOUL	FOX Soul [GO]	token	provider_3	6e4cfd3d-56dd-4463-8f48-9620c2e6ab5d	118	fd3c13f132	The Good Word | Chattin' With Chelsea | Portia
GO: FOX SPORTS 1	FOX Sports 1 [GO]	token	provider_3	f86aec47-ea18-4de2-8f67-38384c91102a	83	49bff643f8	Wake Up Barstool | First Things First | The Herd With Colin Cowherd
GO: FOX SPORTS 2	FOX Sports 2 [GO]	token	provider_3	bfc46e01-73b9-4571-8357-f8298d2b2ced	89	de00a9b49a	AFL Premiership Football | FIFA World Cup 2026 | American Flat Track
GO: FOX WEATHER	FOX Weather [GO]	token	provider_13	FoxWeather.us	12	e6a23feb73	Live: America's Weather Center | Live: FOX Weather Now | Live: FOX Weather Live
GO: FOX-WNYW	FOX-Wnyw [GO]	dummy			0		
GO: FREEFORM	Freeform [GO]	dummy			0		
GO: FUEL TV	Fuel TV [GO]	token	provider_3	cff1891b-b09a-4b79-9d89-28754383976e	248	9939f92e74	Highlights World Supercross Championship 2025 | On Surfari | What's Going On
GO: FUSE	Fuse [GO]	dummy			0		
GO: FX	FX [GO]	dummy			0		
GO: FX MOVIE CHANNEL	FX Movie Channel [GO]	token	provider_3	d7088b74-3db2-4672-825e-6c7cb8ff41ec	58	e9bbff4c58	The Ghost and Mrs. Muir | Three Coins in the Fountain | Love Is a Many Splendored Thing
GO: FXX	Fxx [GO]	dummy			0		
GO: FYI	Fyi [GO]	dummy			0		
GO: GALAVISION	Galavision [GO]	dummy			0		
GO: GEM SHOPPING NETWORK	Gem Shopping Network [GO]	token	provider_3	e499c4cf-6b9b-483f-b1fa-cbd0d79a81bf	21	cb3195dad5	Les Belles Gemmes With Julianna | Chromia Designer Showcase With Stu | Cirari Couture Jewels With Daniel
GO: GET	Get [GO]	dummy			0		
GO: GHOSTS ARE REAL	Ghosts Are Real [GO]	token	provider_3	fb00926e-50d3-48f0-825f-92d0be19713e	143	83322e7e7c	Portals to Hell | Ghosts of Devil's Perch | The Osbournes: Night of Terror
GO: GOLF CHANNEL	Golf Channel [GO]	dummy			0		
GO: GOLFPASS	Golfpass [GO]	dummy			0		
GO: GOTRAVELER	Gotraveler [GO]	dummy			0		
GO: GREAT AMERICAN ADVENTURES	Great American Adventures [GO]	rescue-token	US2	Great.American.Adventures.us2	68	e7e1d7207b	Strong Fathers, Strong Daughters | Dream Wedding | A Charming Valentine
GO: GREAT AMERICAN FAMILY	Great American Family [GO]	token	provider_3	7d74cbcf-0ae9-4981-b7ba-9dde99194efa	70	7cede8c883	Perry Mason | Columbo | Meet Me in the Margins
GO: GRIT	Grit [GO]	dummy			0		
GO: GSN	Gsn [GO]	dummy			0		
GO: GUSTO TV	Gusto TV [GO]	token	provider_3	ea82c4aa-5081-46b9-8328-f9a7501f8f7c	224	3846cd1686	Bring on the Karbs | Everyday Excellent | Holiday Eatz
GO: HALLMARK CHANNEL	Hallmark Channel [GO]	token	provider_3	cb4259f1-c227-41e7-8542-1d08a47cf49d	140	f0edadebe7	Reba | The Golden Girls | Gilmore Girls
GO: HBO EAST	HBO East [GO]	token	provider_3	4fc097f1-e123-4b41-b302-faf4e7d82118	84	e2e1c52f96	Bring Me the Beauties | Real Time With Bill Maher | Earth, Wind & Fire (To Be Celestial vs. That's the Weight of the World)
GO: HBO2 EAST	HBO2 East [GO]	dummy			0		
GO: HEROES & ICONS	Heroes & Icons [GO]	rescue-token	provider_3	6107dde2-4d9f-4c2e-9cb7-75e49ce72ea9	136	47ea8728b5	Cheyenne | The High Chaparral | MacGyver
GO: HERSPHERE	Hersphere [GO]	dummy			0		
GO: HGTV	Hgtv [GO]	dummy			0		
GO: HISTORY	History [GO]	dummy			0		
GO: HISTORY & WARFARE	History & Warfare [GO]	rescue-token	provider_3	6ba0f00a-e4f9-4ad7-8bc0-58c1b1be2d5c	111	19193b6b49	Inside Hitler's Killing Machine | How the Nazis Lost the War | Tony Robinson's History of Britain
GO: HLN	Hln [GO]	dummy			0		
GO: HOME SHOPPING NETWORK	Home Shopping Network [GO]	dup-feed-scrub	provider_3	b4163eb0-abb6-4753-b830-e95334a7c96c	0		
GO: HOW TO	How To [GO]	token	provider_3	605b59bf-b596-44f8-9cc6-ce69d80657e3	289	d18db5c3a7	How It's Made | On the Issues
GO: I24 NEWS	I24 News [GO]	dummy			0		
GO: ICE ROAD TRUCKERS	Ice Road Truckers [GO]	token	provider_3	b6b9e4bb-503a-492c-88f5-4de71aedaae8	141	ec1b2f60a8	Ice Road Truckers
GO: IFC	Ifc [GO]	dummy			0		
GO: INFAST	Infast [GO]	dummy			0		
GO: INVESTIGATION DISCOVERY	Investigation Discovery [GO]	dummy			0		
GO: INWONDER	Inwonder [GO]	dummy			0		
GO: ION EAST	Ion East [GO]	dummy			0		
GO: JAMIE OLIVER	Jamie Oliver [GO]	token	provider_3	26cde0b9-26f2-4b0d-b505-ac7e75f89529	184	e7feee3b35	Jamie's 15 Minute Meals | Jamie Oliver's 15 Minute Meals | Jamie's Quick & Easy Food
GO: JEWELRY TV	Jewelry TV [GO]	dummy			0		
GO: JOEL OSTEEN	Joel Osteen [GO]	token	provider_3	51b72650-121d-42fa-842c-3b87b040b05a	217	1a01130ceb	Joel Osteen Weekly
GO: JUSTICE CENTRAL	Justice Central [GO]	token	provider_3	1d36c051-d7cd-42a5-8a79-5c9ceac2fca8	241	b5412a86d0	Equal Justice With Judge Eboni K. Williams | America's Court With Judge Ross | The Verdict With Judge Hatchett
GO: LET'S MAKE A DEAL	Let'S Make A Deal [GO]	rescue-token	provider_3	6037ae8a-1207-4e0a-8284-da0155266094	150	902f93dc9b	Let's Make a Deal
GO: LIFETIME	Lifetime [GO]	dummy			0		
GO: LIFETIME MOVIE NETWORK	Lifetime Movie Network [GO]	token	provider_13	LifetimeMovieNetwork.us	30	123fceb988	The Venice Murders | Abducted in the Everglades | Trapped in the Rocky Mountains
GO: LOGO	Logo [GO]	dummy			0		
GO: LOOLOO KIDS	Looloo Kids [GO]	token	provider_3	2a20c19d-ae2c-4b15-8b6c-24223a4c4d40	61	cdd8af0dee	ABC -123! | Music Box | Animal Sounds
GO: LOVE NATURE	Love Nature [GO]	dummy			0		
GO: MAGELLANTV WILDEST	Magellantv Wildest [GO]	token	provider_3	3d9c81e7-7124-4de1-a978-a013a4d40947	144	93d7f82617	Secret Life of the Tasmanian Devil | Secret Life of the Wombat | Wildlife Icons
GO: MAGNOLIA NETWORK	Magnolia Network [GO]	token	provider_3	43847d39-8406-487a-b232-8ceea451186e	134	8f0eb64268	Magnolia Table With Joanna Gaines | Fixer Upper | Building Off the Grid
GO: MEATEATER	Meateater [GO]	dummy			0		
GO: METV	Metv [GO]	dummy			0		
GO: METV TOONS	Metv Toons [GO]	token	provider_13	MeTvToons.us	68	6335bcf36c	The Mask | The New Adventures of Captain Planet | Police Academy: The Animated Series
GO: MGM+	Mgm+ [GO]	dummy			0		
GO: MGM+ HITS	Mgm+ Hits [GO]	token	provider_3	94e444e1-e188-46a0-b5d4-913a3945fa7a	69	2e8a644278	The Horse Soldiers | Max 2: White House Hero | Unhuman
GO: MGM+ MARQUEE	Mgm+ Marquee [GO]	token	provider_3	811a9bcb-279f-4362-8a9b-2845fe3eb636	62	ea6568ce71	Mansfield Park | De-Lovely | Dreamgirls
GO: MILITARY HEROES	Military Heroes [GO]	token	provider_3	07e6d416-6d4c-4a0f-8848-e49bb6f8e25f	134	0320caf6d4	Pawn Stars | American Pickers | FDR
GO: MILLION DOLLAR LISTING VAULT	Million Dollar Listing Vault [GO]	token	provider_3	6ab5f785-6071-4a16-80b0-03d0020a2d26	142	5c804c9a69	Million Dollar Listing New York | Million Dollar Listing New York: Ryan's Wedding | Million Dollar Listing: Ryan's Renovation
GO: MLB NETWORK	MLB Network [GO]	token	provider_3	c8e2cc18-4320-4f21-8a59-68c2f33c0c05	95	cc35716af5	Quick Pitch | The Leadoff Spot | MLB Central
GO: MLB NETWORK ALTERNATE	MLB Network Alternate [GO]	token	provider_3	c8e2cc18-4320-4f21-8a59-68c2f33c0c05	95	cc35716af5	Quick Pitch | The Leadoff Spot | MLB Central
GO: MNT-WWOR	Mnt-Wwor [GO]	dummy			0		
GO: MODERN MARVELS	Modern Marvels [GO]	token	provider_3	3113dc10-422a-4139-b6d0-93fceb900d74	138	a0a75dae95	Modern Marvels | Modern Marvels Essentials | Modern Marvels: Then and Now
GO: MOTORTREND	Motortrend [GO]	dummy			0		
GO: MOVIESPHERE	Moviesphere [GO]	dummy			0		
GO: MSG	Msg [GO]	dummy			0		
GO: MSG ALT-1	Msg Alt-1 [GO]	token	provider_3	5e2df6ea-3021-4cd5-a3bb-8710e97fa73f	76	a2a77c1979	VSiN by the Books | Diggin' Deep | Coaches Corner
GO: MSG ALT-2	Msg Alt-2 [GO]	dup-feed-scrub	provider_3	9c6e69b3-e20b-490f-a382-109a9798642c	0		
GO: MSG ALT-3	Msg Alt-3 [GO]	token	provider_3	6e57ff28-45ae-4136-926e-f2bcb4cf4921	43	7dc84083df	SIGN OFF
GO: MSG SPORTSNET 635	Msg Sportsnet 635 [GO]	dummy			0		
GO: MSNBC	Msnbc [GO]	dummy			0		
GO: MTV	Mtv [GO]	dummy			0		
GO: MTV CLASSIC	Mtv Classic [GO]	token	provider_3	d1557f70-9718-4365-aca6-0fdc7b6c94c6	121	c0123e30ca	Total Request Playlist | Artist Spotlight: Blink-182 | House of Pop
GO: MTV2	MTV2 [GO]	dummy			0		
GO: MYTHBUSTERS	Mythbusters [GO]	dummy			0		
GO: NAT GEO WILD	Nat Geo Wild [GO]	dummy			0		
GO: NATIONAL GEOGRAPHIC CHANNEL	National Geographic Channel [GO]	token	provider_13	NatGeo.uk	58	14b771c7a3	Liberation | Pirates | Drain The Oceans
GO: NBA TV	NBA TV [GO]	dummy			0		
GO: NBC NEWS NOW	NBC News Now [GO]	token	provider_3	13037afa-9397-4f2a-b015-069621319ced	116	7fe25d00c8	Morning News NOW | NBC News Daily With Morgan Radford and Vicky Nguyen | NBC News Daily With Kate Snow and Zinhle Essamuah
GO: NBC SPORTS NOW	NBC Sports Now [GO]	token	US2	NBC.Sports.Now.us2	84	ac080a9b3c	Numbers on the Board | Chris Simms Unbuttoned | PFT Live
GO: NBC-WNBC	NBC-Wnbc [GO]	dummy			0		
GO: NET MOVIES	Net Movies [GO]	dummy			0		
GO: NEWSMAX TV	Newsmax TV [GO]	token	provider_3	dd85480a-4cf2-446c-ab67-3deb7ea00581	104	3ec8594031	Wake Up America | National Report | Bianca Across The Nation
GO: NEWSNATION	Newsnation [GO]	dummy			0		
GO: NFL NETWORK	NFL Network [GO]	token	provider_3	8c6223d2-9bf7-4449-8ee6-a9f1cc2cc880	68	d52fc6a6d5	Good Morning Football | NFL Classic Games | America's Game
GO: NHL NETWORK	NHL Network [GO]	token	provider_6	NHLNetwork.us@SD	97	7ed4e530da	Top Shelf: 2026 Playoffs - Plays of the 1st Round | Top Shelf: 2026 Playoffs - Plays of the 2nd Round | Top Shelf: 2026 Playoffs - Plays of the Conference Finals
GO: NICK JR.	Nick Jr [GO]	token	UK1	Nick.Jr..HD.uk	434	645aed72f2	Peppa Pig | Thomas & Friends: All Engines Go! | Gabby's Dollhouse
GO: NICKELODEON EAST	Nickelodeon East [GO]	token	provider_3	3914ef4b-2eb7-48f5-99fb-8216ee8e37ad	196	a81f6dddd3	PAW Patrol | Peppa Pig | Mr. Crocodile
GO: NICKTOONS	Nicktoons [GO]	dummy			0		
GO: NOSEY	Nosey [GO]	dummy			0		
GO: OVATION	Ovation [GO]	dummy			0		
GO: OWN	Own [GO]	dummy			0		
GO: OXYGEN TRUE CRIME	Oxygen True Crime [GO]	token	provider_3	ed5ec2b7-b51a-4bf0-92b0-965232c6c5e0	111	90e3799d56	Philly Homicide | Dateline: Unforgettable | Dateline
GO: OXYGEN TRUE CRIME ARCHIVES	Oxygen True Crime Archives [GO]	token	provider_3	9ebb3bd2-af94-436d-8123-4add71872f98	147	a84b4db5ea	Snapped
GO: PARAMOUNT TV	Paramount TV [GO]	dummy			0		
GO: PBS KIDS	Pbs Kids [GO]	token	provider_3	46c15402-92e9-4aee-9b2d-e8512c33696a	237	072665bc8e	Sesame Street | Phoebe & Jay | Work It Out Wombats!
GO: PBS-WNET	Pbs-Wnet [GO]	dummy			0		
GO: PBS-WNJN	Pbs-Wnjn [GO]	dummy			0		
GO: PICKLEBALL TV	Pickleball TV [GO]	token	provider_3	d351ef21-b01e-434f-acec-712e62b6d093	37	a8139990ce	PPA Tour: Asia Beijing | MLP St. Petersburg | Shock and Awe
GO: PLAYERS TV	Players TV [GO]	token	provider_3	01aead45-ac59-49b6-9ee0-a513c60e373f	172	d129f5253a	Front Office | Cooking Clean With DeAndre Jordan | The Dominant Ones
GO: POKERGO	Pokergo [GO]	dummy			0		
GO: POP	Pop [GO]	dummy			0		
GO: POWERNATION	Powernation [GO]	dummy			0		
GO: PUREFLIX TV	Pureflix TV [GO]	token	provider_3	7e3cd866-061b-410c-86cf-5aa5fc6e6937	74	a7af110f48	Indivisible | Champion | Not Your Romeo & Juliet
GO: PURSUIT CHANNEL	Pursuit Channel [GO]	token	provider_13	PursuitChannel.us	90	3e89409c5e	The Direction | The Bassquatch Hunter Fish Out of Water | TideWe Presents Viejo Creek Outdoors
GO: QVC	Qvc [GO]	dummy			0		
GO: QVC2	QVC2 [GO]	dummy			0		
GO: QVC3	QVC3 [GO]	dummy			0		
GO: RACER NETWORK	Racer Network [GO]	token	provider_3	21e41317-1a4e-4302-b43e-b916fa1e7534	130	25573374ec	RACER Weekly | Lost Classics | My Classic Car
GO: RACING AMERICA	Racing America [GO]	token	provider_3	d8e10041-feec-44fa-983f-dd8ae07323fe	142	49946ec124	Instant Classic | Backstretch Banter with RFK Racing | Trans-Am Racing Series
GO: REAL HOUSEWIVES VAULT	Real Housewives Vault [GO]	token	provider_3	c641c3d4-7d95-4f74-b0f5-703356eef6c2	146	dfcaf52ab8	The Real Housewives of New Jersey | The Real Housewives of Beverly Hills | The Real Housewives of New York City
GO: RECIPETV	Recipetv [GO]	dummy			0		
GO: REELZCHANNEL	Reelzchannel [GO]	dummy			0		
GO: REVOLT	Revolt [GO]	dummy			0		
GO: RFD-TV	Rfd-TV [GO]	token	provider_13	RFDTV.us	66	e0b2289099	Live: Commodity Talk | Live: Market Day Report | Live: Cow Guy Close
GO: RIG TV	Rig TV [GO]	token	provider_3	48e1a675-8d4b-472e-bcde-159312ae7ce5	184	38c63656b5	America's Lost Treasures | Storage Wars: Northern Treasures | Wild Justice
GO: RVTV	Rvtv [GO]	dummy			0		
GO: SAY YES TO THE DRESS	Say Yes To The Dress [GO]	token	provider_3	ebb2a922-67e6-4067-ad83-bba5a293a77c	257	8d0adc51e3	Say Yes to the Dress | Say Yes to the Dress: Since the Big Day | Say Yes to the Dress: Big Bliss
GO: SCIENCE	Science [GO]	dummy			0		
GO: SCIENTOLOGY NETWORK	Scientology Network [GO]	token	provider_3	336feaf4-0c3f-4b91-b903-81d2694ba296	167	6923806409	Dianetics: An Introduction | I Am a Scientologist | Destination Scientology
GO: SCRIPPS NEWS	Scripps News [GO]	token	provider_3	0efea3bb-d064-4de1-b4e0-9b374f028af5	155	aca653ed97	Morning Rush | Scripps News On The Scene | Happening Now in America
GO: SEC NETWORK	Sec Network [GO]	token	US2	SEC.Network.HD.us2	88	67383fc3dc	SEC Rewind | SEC Now | 2026 Men's College World Series
GO: SHOP LC	Shop Lc [GO]	dup-feed-scrub	provider_3	2f0d7833-e695-43a7-8432-82812cdfc532	0		
GO: SHORTS TV	Shorts TV [GO]	token	US2	Shorts.TV.us2	96	73a7859648	World Cup Warm-Up | Unmissable Shorts | Midnight Horror
GO: SMITHSONIAN CHANNEL	Smithsonian Channel [GO]	token	provider_13	SmithsonianChannel.us	48	1132cb84ac	How Did They Build That? | How Did They Fix That? | Disasters Engineered
GO: SNL VAULT	Snl Vault [GO]	token	provider_3	1354ac42-cf21-4578-82df-9e35c0657718	129	f4db9d8385	Saturday Night Live
GO: SOMOS NOVELAS	Somos Novelas [GO]	dummy			0		
GO: SPEEDVISION	Speedvision [GO]	dummy			0		
GO: SPORTSGRID	Sportsgrid [GO]	dummy			0		
GO: SPORTSMAN CHANNEL	Sportsman Channel [GO]	token	US2	Sportsman.Channel.us2	192	c5e1429c85	Wardens | The Given Right | Trekin Outdoors
GO: SPORTSNET NEW YORK 639	Sportsnet New York 639 [GO]	dummy			0		
GO: STADIUM STREAM	Stadium Stream [GO]	token	provider_3	d21c2609-c765-4efd-a9d3-d739d4a42289	57	03173c562e	No Gamble, No Future | Coach and Company | Coach and Bro
GO: START TV	Start TV [GO]	token	provider_13	StartTV.us	52	bdf447f489	Murder, She Wrote | Major Crimes | Rizzoli & Isles
GO: STARZ ENCORE ACTION	Starz Encore Action [GO]	token	US2	Starz.Encore.Action.HD.us2	58	95e589565a	Machine Gun Preacher | Knights of Badassdom | Dinocroc vs. Supergator
GO: STARZ ENCORE BLACK	Starz Encore Black [GO]	token	US2	Starz.Encore.Black.us2	59	6737d56a8d	House of the Rising Sun | Caught on Tape | Things Never Said
GO: STARZ ENCORE CLASSIC	Starz Encore Classic [GO]	token	provider_3	69429991-b95f-4bef-8d71-ff6ba44d1824	70	bd73f3c9da	The Big Bang | Lay the Favorite | Chappaquiddick
GO: STARZ ENCORE EAST	Starz Encore East [GO]	token	provider_3	92f13716-7093-49a7-8f6a-335f0b30e9e4	67	c547dfa0ac	It Could Happen to You | SAS: Red Notice | How Stella Got Her Groove Back
GO: STARZ ENCORE FAMILY	Starz Encore Family [GO]	token	US2	Starz.Encore.Family.SD.us2	63	641d4fbe2a	Bart Got a Room | Unstable Fables: 3 Pigs and a Baby | Unstable Fables: Tortoise vs. Hare
GO: STARZ ENCORE SUSPENSE	Starz Encore Suspense [GO]	token	provider_3	0e89f29b-17a7-4e9e-8edd-bbe2de49cb56	72	22762367b9	The Boy Next Door | Welcome to Sudden Death | Strike Force
GO: STARZ ENCORE WEST	Starz Encore West [GO]	token	provider_13	StarzEncore.us	26	f6c810eb77	Collide | '71 | Casino
GO: STARZ ENCORE WESTERNS	Starz Encore Westerns [GO]	token	US2	Starz.Encore.Westerns.SD.us2	91	f55738ebf1	Angel and the Badman | Canadian Pacific | A Town Called Hell
GO: SUNDANCE TV	Sundance TV [GO]	dummy			0		
GO: SUPERMARKET SWEEP	Supermarket Sweep [GO]	token	provider_3	aac0e9ef-e46b-4207-943f-75519c3d64d9	276	547b2a3b3f	Supermarket Sweep
GO: SURF CINEMA	Surf Cinema [GO]	token	provider_3	01ea1d5d-dd94-4db1-9eef-4a1f5979251b	175	6f14921cea	Lost Atlas | Dear Suburbia | Let's Be Frank
GO: SWEET ESCAPES	Sweet Escapes [GO]	token	provider_3	9007fc14-113d-4e1e-bf32-abc1a8777d1d	166	91fbfebddb	Cupcake Wars | Sweet Genius | Best Baker in America
GO: SWERVE COMBAT	Swerve Combat [GO]	token	provider_3	f90768ab-a273-4808-9460-30818f1839f9	87	2e99332764	Fighter Showcase: Justin Gaethje | Muay Thai For Life 18 | BKFC 25: Adams vs. Cleckler
GO: SYFY	Syfy [GO]	alias	US2	Syfy.HD.us2	50	8fe45acb54	Edward Scissorhands | Sharknado 3: Oh Hell No! | The Twilight Zone
GO: TASTEMADE	Tastemade [GO]	dummy			0		
GO: TASTEMADE HOME	Tastemade Home [GO]	token	provider_3	91732881-6d5e-48c9-bde5-6ae4496e2598	168	fb930e0066	Backyard Builds | Property Brothers | Styled
GO: TASTEMADE TRAVEL	Tastemade Travel [GO]	token	provider_3	08b29152-16a7-4cd4-bd22-f34eec8fea27	126	fc479dabcc	Jamie Oliver Cooks Italy | Extraordinary Places to Eat | Jamie Oliver Cooks the Mediterranean
GO: TBS	Tbs [GO]	dummy			0		
GO: TCM	Tcm [GO]	dummy			0		
GO: TEENNICK	Teennick [GO]	dummy			0		
GO: TENNIS CHANNEL	Tennis Channel [GO]	token	provider_3	cebcc32e-32d6-495d-989b-99f1062b1624	30	ba1e674bc2	Center Court Live | Tennis Channel Live | Center Court
GO: TENNIS CHANNEL 2	Tennis Channel 2 [GO]	token	provider_3	2ad8b4d0-8c6f-4360-84e5-79f5f1874aee	40	8d83c384ff	2026 HSBC Championships Tennis | ATP Tour This Week | ATP Encore
GO: THE DESIGN NETWORK	The Design Network [GO]	token	provider_3	f6dbe792-f9fd-4cb7-a8f2-4e9cc342700e	230	af3d50e986	Home Away From Home | Living to DIY With Rachel Metz | Apartment Therapy
GO: THE FIRST	The First [GO]	token	US2	The.First.us2	96	b550c96e70	The Sean Spicer Show | Bill O'Reilly: No Spin News | The Dana Show
GO: THE JIM ROME SHOW	The Jim Rome Show [GO]	token	provider_3	d72fbe30-8ad9-48b4-8f51-90991572ae1e	81	202be24024	Jim Rome Show | The Jim Rome Podcast
GO: THE PET COLLECTIVE	The Pet Collective [GO]	token	provider_3	1a3d9bbb-6fa6-4db0-9e48-00c80d1fd8c6	216	a7f621cbdc	Animals Unscripted | Best Pets of the Month | TPC That's My Pet
GO: THE PRICE IS RIGHT: DREW CAREY	The Price Is Right: Drew Carey [GO]	token	provider_3	6543ae89-5bf4-4bb8-83b9-916c55a8b59b	149	f0aeb0884b	The Price Is Right
GO: THE PRICE IS RIGHT: THE BARKER ERA	The Price Is Right: The Barker Era [GO]	token	provider_3	b13da9ab-076b-4009-a367-38a282ea78da	137	e7265e120d	The Price Is Right
GO: THE WEATHER CHANNEL	The Weather Channel [GO]	token	US2	The.Weather.Channel.HD.us2	96	38cb4c894a	Highway Thru Hell | Rocky Mountain Wreckers | America's Morning Headquarters
GO: THEGRIO	Thegrio [GO]	dummy			0		
GO: THREE STOOGES	Three Stooges [GO]	token	provider_3	aa7407ef-0ee4-4141-89bb-8e22016507ac	325	4b7228dd77	The Three Stooges | In the Sweet Pie and Pie | Woman Haters
GO: TINY HOUSE NATION	Tiny House Nation [GO]	token	provider_3	45f5b2a9-2318-41e2-a471-e2f2efcdcfa7	165	e718d83f2d	Tiny House Nation | Tiny House Hunting
GO: TLC	TLC [GO]	dummy			0		
GO: TMO-WNJU	Tmo-Wnju [GO]	dummy			0		
GO: TNA	Tna [GO]	dummy			0		
GO: TNT	TNT [GO]	dummy			0		
GO: TODAY ALL DAY	Today All Day [GO]	token	provider_3	8f6ceea8-50d7-46b3-9c25-4b61598f94d9	212	667bf8b53a	#Cooking With Samah Dada | Today | Today 3rd Hour
GO: TOTAL CRIME	Total Crime [GO]	dummy			0		
GO: TRAVEL CHANNEL	Travel Channel [GO]	dummy			0		
GO: TRIBECA FESTIVAL+	Tribeca Festival+ [GO]	token	provider_3	e1cff18d-72d2-4ed5-af15-edfc04661523	127	2ef8bc5777	Maladies | Highland Park | Sparrows Dance
GO: TRUE CRIME NOW	True Crime Now [GO]	token	provider_3	63a853ea-605c-44bc-aecb-7d660282352e	131	692a9150d7	How I Caught the Killer | Fred Dinenage: Murder Casebook | Evil Encounters
GO: TRUTV	Trutv [GO]	dummy			0		
GO: TUDN	Tudn [GO]	dummy			0		
GO: TV LAND	TV Land [GO]	token	provider_3	bab6fd9e-72e5-4a8a-abca-99ecc45f1f6b	217	c1e47c1da4	The Andy Griffith Show | M*A*S*H | Gunsmoke
GO: TV ONE	TV One [GO]	dummy			0		
GO: UNIMAS WEST	Unimas West [GO]	dummy			0		
GO: UNIVERSO	Universo [GO]	dummy			0		
GO: UNIVISION EAST	Univision East [GO]	dummy			0		
GO: UNIVISION-WXTV	Univision-Wxtv [GO]	dummy			0		
GO: UNXPLAINED ZONE	Unxplained Zone [GO]	token	provider_3	ce445d73-10fd-4bdd-a147-18571f90a0bf	137	9d80a7fe5a	Ancient Aliens | The UnXplained
GO: UP	Up [GO]	dummy			0		
GO: USA NETWORK	USA Network [GO]	token	provider_3	00fe3c8a-dade-497c-ba7a-67b32bcddbfa	109	0262540b2c	2026 U.S. Open Golf Championship | Law & Order: Special Victims Unit | Spider-Man: Homecoming
GO: VH1	VH1 [GO]	dummy			0		
GO: VICE	Vice [GO]	dummy			0		
GO: WAYPOINT TV	Waypoint TV [GO]	token	provider_3	6ddbad2d-436e-4d64-8754-16d598c5edb0	252	30b6b528ea	Blair Wiggins Outdoors | The Green Way Outdoors | Spring Thunder
GO: WE TV	We TV [GO]	token	US2	WE.tv.HD.us2	104	0585a4e9e9	S.W.A.T. | Love After Lockup | Protect Your Family From Identity Theft
GO: WILLOW SPORTS	Willow Sports [GO]	token	provider_3	90a0ccfd-61b9-4904-999a-c97a9befe3cc	118	a1f31aeb76	Test Cricket | Cricket Review | Cricket Preview
GO: WLNY	Wlny [GO]	dummy			0		
GO: WOMEN'S SPORTS NETWORK	Women'S Sports Network [GO]	rescue-token	provider_3	812f6dbf-9b5a-4f45-9af8-d1723d847dfe	70	ccdb3f5299	Red Bull Rampage | NWSL Soccer | LPGA Tour Golf
GO: YAHOO FINANCE	Yahoo Finance [GO]	token	provider_3	f4fb0d15-77c9-4ef8-b86c-1500ae958250	211	493fc3a652	Power Players with Brian Sozzi | Morning Brew Daily | Morning Brief
GO: YANKEES ENTERTAINMENT & SPORTS NETWORK	Yankees Entertainment & Sports Network [GO]	dummy			0		
GO: YES NETWORK	Yes Network [GO]	token	US2	Yes.Network.us2	94	8d3996775f	MLB Baseball | The Bare Knuckle Show | CenterStage
GOBX: AL HOSN ᴴᴰ	Al Hosn HD [GOBX]	dummy			0		
GOBX: AL LIQAA MIN AL SIFR ᴴᴰ	Al Liqaa Min Al Sifr HD [GOBX]	dummy			0		
GOBX: AL THAQAFEYA ᴴᴰ	Al Thaqafeya HD [GOBX]	norm-name	provider_8	SaudiThaqafiyaTV.sa@SD	120	3eb2293ca3	Al Thaqafeya HD
GOBX: ANIME ᴴᴰ	Anime HD [GOBX]	dummy			0		
GOBX: ASHARQ DOCUMENTARY ᴴᴰ	Asharq Documentary HD [GOBX]	norm-name	provider_10	AsharqDocumentary.sa@SD	146	c60c73c00e	CRISTIANO RONALDO | Malafat Al Kaenat Al Fada'eya - Episode 4 | Hararat Al Kura Abtal Al Dawri - Episode 4
GOBX: BAB AL-HARA ᴴᴰ	Bab Al-Hara HD [GOBX]	dummy			0		
GOBX: BLIPPI AND FRIENDS ᴴᴰ	Blippi And Friends HD [GOBX]	norm-name	provider_8	206	272	54c88ebb74	ARPO | Antiks | Oddbods: Short
GOBX: DISENY JR ᴴᴰ	Diseny Jr HD [GOBX]	dummy			0		
GOBX: DISENY ᴴᴰ	Diseny HD [GOBX]	dummy			0		
GOBX: FASHIONTV ᴴᴰ	Fashiontv HD [GOBX]	dummy			0		
GOBX: FAYROUZ ᴴᴰ	Fayrouz HD [GOBX]	dummy			0		
GOBX: FIX&FOXI ᴴᴰ	Fix&Foxi HD [GOBX]	dummy			0		
GOBX: GULI-BIL-ARABIC ᴴᴰ	Guli-Bil-Arabic HD [GOBX]	dummy			0		
GOBX: HAKET ᴴᴰ	Haket HD [GOBX]	dummy			0		
GOBX: HORSE ᴴᴰ	Horse HD [GOBX]	dummy			0		
GOBX: INSIGHTTV ᴴᴰ	Insighttv HD [GOBX]	norm-name	US2	Insight.TV.us2	136	b396b35135	Desert Racers | Gymkhana Grid Profiles | MTB Heroes
GOBX: JAM JIM ᴴᴰ	Jam Jim HD [GOBX]	dummy			0		
GOBX: KIDZ ZONE MAX ᴴᴰ	Kidz Zone MAX HD [GOBX]	dummy			0		
GOBX: MBC 1 ᴴᴰ	MBC 1 HD [GOBX]	dup-feed-scrub	provider_8	MBC1.ae@SD	0		
GOBX: MBC 1 ᴿᴬᵂ	MBC 1 RAW [GOBX]	dup-feed-scrub	provider_8	MBC1.ae@SD	0		
GOBX: MBC 2 ᴴᴰ	MBC 2 HD [GOBX]	dup-feed-scrub	provider_4	MBC2.ae@SD	0		
GOBX: MBC 2 ᴿᴬᵂ	MBC 2 RAW [GOBX]	dup-feed-scrub	provider_4	MBC2.ae@SD	0		
GOBX: MBC 3 ᴴᴰ	MBC 3 HD [GOBX]	alias	AE1	MBC.3.ae	140	c3cea1292b	Uncle Grandpa | Laith The King | Ben 10
GOBX: MBC 3 ᴿᴬᵂ	MBC 3 RAW [GOBX]	alias	AE1	MBC.3.ae	140	c3cea1292b	Uncle Grandpa | Laith The King | Ben 10
GOBX: MBC 4 ᴴᴰ	MBC 4 HD [GOBX]	dup-feed-scrub	provider_10	MBC4.ae@SD	0		
GOBX: MBC 4 ᴿᴬᵂ	MBC 4 RAW [GOBX]	dup-feed-scrub	provider_10	MBC4.ae@SD	0		
GOBX: MBC 5 ᴴᴰ	MBC 5 HD [GOBX]	dup-feed-scrub	provider_8	MBC5.ae@SD	0		
GOBX: MBC 5 ᴿᴬᵂ	MBC 5 RAW [GOBX]	dup-feed-scrub	provider_8	MBC5.ae@SD	0		
GOBX: MBC ACTION ᴴᴰ	MBC Action HD [GOBX]	norm-name	provider_4	MBCAction.ae@SD	205	36bae4d0dd	Formula E Flashback Season 2 Episode 4 | Formula E Highlights Season 2024/25 Highlight 5 | Formula E Highlights Season 2024/25 Highlight 6
GOBX: MBC ACTION ᴿᴬᵂ	MBC Action RAW [GOBX]	norm-name	provider_4	MBCAction.ae@SD	205	36bae4d0dd	Formula E Flashback Season 2 Episode 4 | Formula E Highlights Season 2024/25 Highlight 5 | Formula E Highlights Season 2024/25 Highlight 6
GOBX: MBC BOLLYWOOD ᴿᴬᵂ	MBC Bollywood RAW [GOBX]	norm-name	provider_10	MBCBollywood.ae@SD	124	7df66acb6c	Al Hasad Al Morr | Badmaash Company | Lafangey Parindey
GOBX: MBC DRAMA MASR ᴴᴰ	MBC Drama Masr HD [GOBX]	token	provider_4	MBCMasrDrama.sa@SD	75	83f58b9532	Al Keif | LE'ABET EL NESIAN Season 1 Episode 30 | Saherat Al Janoub Season 2 Episode 30
GOBX: MBC DRAMA ᴴᴰ	MBC Drama HD [GOBX]	norm-name	provider_4	MBCDrama.ae@SD	137	c2f06c783d	A'la Nesbet Moshahda | Omm Haroun | Crystal
GOBX: MBC DRAMA ᴿᴬᵂ	MBC Drama RAW [GOBX]	norm-name	provider_4	MBCDrama.ae@SD	137	c2f06c783d	A'la Nesbet Moshahda | Omm Haroun | Crystal
GOBX: MBC DRAMA+ ᴴᴰ	MBC Drama+ HD [GOBX]	norm-name	provider_4	MBCDrama.ae@SD	137	c2f06c783d	A'la Nesbet Moshahda | Omm Haroun | Crystal
GOBX: MBC DRAMA+ ᴿᴬᵂ	MBC Drama+ RAW [GOBX]	norm-name	provider_4	MBCDrama.ae@SD	137	c2f06c783d	A'la Nesbet Moshahda | Omm Haroun | Crystal
GOBX: MBC ELIFE ᴴᴰ	MBC Elife HD [GOBX]	dummy			0		
GOBX: MBC FM ᴴᴰ	MBC FM HD [GOBX]	dummy-forced			0		
GOBX: MBC GAMING ᴴᴰ	MBC Gaming HD [GOBX]	dummy			0		
GOBX: MBC IRAQ ᴴᴰ	MBC Iraq HD [GOBX]	norm-name	provider_8	MBCIraq.iq@SD	158	94522d8676	Intiqam Mashrou' Season 1 Episode 30 | Asal Masmoum | A'elati Tarbah
GOBX: MBC IRAQ ᴿᴬᵂ	MBC Iraq RAW [GOBX]	norm-name	provider_8	MBCIraq.iq@SD	158	94522d8676	Intiqam Mashrou' Season 1 Episode 30 | Asal Masmoum | A'elati Tarbah
GOBX: MBC MASR 1 ᴴᴰ	MBC Masr 1 HD [GOBX]	token	AE1	MBC.1.ae	102	b9535c60a5	Abdel Ghani's Daughters | Our Club | My Masterpiece
GOBX: MBC MASR 1 ᴿᴬᵂ	MBC Masr 1 RAW [GOBX]	token	AE1	MBC.1.ae	102	b9535c60a5	Abdel Ghani's Daughters | Our Club | My Masterpiece
GOBX: MBC MASR 2 ᴴᴰ	MBC Masr 2 HD [GOBX]	token	AE1	MBC.Masr.2.HD.ae	106	7620d8474d	Your Egyptian Morning | From Heart To Heart | The Lawyer Neaama
GOBX: MBC MASR 2 ᴿᴬᵂ	MBC Masr 2 RAW [GOBX]	token	AE1	MBC.Masr.2.HD.ae	106	7620d8474d	Your Egyptian Morning | From Heart To Heart | The Lawyer Neaama
GOBX: MBC MAX ᴴᴰ	MBC MAX HD [GOBX]	norm-name	provider_4	MBCMax.ae@SD	133	648b20fa46	Ocean's Eleven | The Hitman's Bodyguard | Hollywood Buzz
GOBX: MBC VARIETY ᴴᴰ	MBC Variety HD [GOBX]	dummy			0		
GOBX: MBC VARIETY ᴿᴬᵂ	MBC Variety RAW [GOBX]	dummy			0		
GOBX: MOTORVISION ᴴᴰ	Motorvision HD [GOBX]	dummy			0		
GOBX: PUNCH TV ᴴᴰ	Punch TV HD [GOBX]	dummy			0		
GOBX: RED BULL TV ᴴᴰ	Red Bull TV HD [GOBX]	dummy			0		
GOBX: ROTANA + ᴴᴰ	Rotana + HD [GOBX]	norm-name	provider_13	RotanaMusic.eg	0		
GOBX: ROTANA AFLAM + ᴴᴰ	Rotana Aflam + HD [GOBX]	dummy			0		
GOBX: ROTANA CINEMA +US ᴴᴰ	Rotana Cinema +us HD [GOBX]	dummy			0		
GOBX: ROTANA KIDS ᴴᴰ	Rotana Kids HD [GOBX]	dummy			0		
GOBX: ROTANA M+ ᴴᴰ	Rotana M+ HD [GOBX]	dummy			0		
GOBX: SMART ZONE ᴴᴰ	Smart Zone HD [GOBX]	dummy			0		
GOBX: STARZ PLAY SERIES ᴴᴰ	Starz Play Series HD [GOBX]	dummy			0		
GOBX: STC 1 ᴿᴬᵂ	Stc 1 RAW [GOBX]	dummy			0		
GOBX: STC 2 ᴿᴬᵂ	Stc 2 RAW [GOBX]	dummy			0		
GOBX: STC 3 ᴴᴰ	Stc 3 HD [GOBX]	dummy			0		
GOBX: STC 4 ᴴᴰ	Stc 4 HD [GOBX]	dummy			0		
GOBX: STC BIG ᴴᴰ	Stc Big HD [GOBX]	dummy			0		
GOBX: STC DRAMA ᴴᴰ	Stc Drama HD [GOBX]	dummy			0		
GOBX: STC FAMILY ᴴᴰ	Stc Family HD [GOBX]	dummy			0		
GOBX: STC SPORT 1 ᴴᴰ	Stc Sport 1 HD [GOBX]	dummy			0		
GOBX: STC SPORT 2 ᴴᴰ	Stc Sport 2 HD [GOBX]	dummy			0		
GOBX: STC TV CINEMA ᴴᴰ	Stc TV Cinema HD [GOBX]	norm-name	AE1	en:.STC.tv.Cinema.ae	0		
GOBX: STC TV SHABAB AL BOMB ᴴᴰ	Stc TV Shabab Al Bomb HD [GOBX]	dummy			0		
GOBX: STC TV THMANYAH ᴴᴰ	Stc TV Thmanyah HD [GOBX]	dummy			0		
GOBX: TAREB ᴴᴰ	Tareb HD [GOBX]	dummy			0		
GOBX: TRACE SPORT STARS ᴴᴰ	Trace Sport Stars HD [GOBX]	dummy			0		
GOBX: TRACE URBAN ᴴᴰ	Trace Urban HD [GOBX]	dummy			0		
GOBX: TRAVEL XP ᴴᴰ	Travel Xp HD [GOBX]	norm-name	provider_5	Travelxp.in@SD	0		
GOBX: UFC ARABIC ᴴᴰ	UFC Arabic HD [GOBX]	dummy			0		
GOBX: ZOOMOO ᴴᴰ	Zoomoo HD [GOBX]	dummy			0		
GOLD.uk	Gold 4K [UK]	alias	UK1	U.and.GOLD.HD.uk	132	b96714390f	Harry Enfield and Chums | Men Behaving Badly | Hi-de-Hi!
GameShowNetwork.us	Gsn HD [US]	direct	provider_13	GameShowNetwork.us	84	d30fc36770	Catch 21 | Cash Cab | Wheel of Fortune
GemsTV.uk	Gems TV [UK]	dummy			0		
GetTV.us	Get TV [US]	direct	provider_13	GetTV.us	60	c9150d17b2	Discovering the Jewish Jesus With Rabbi Kirt Schneider | Quantum Leap | The Rockford Files
Glastonbury 1 15.45-17.00	Glastonbury 1 15.45-17.00	dummy			0		
Glastonbury 2025 event 1	Glastonbury 2025 Event 1	dummy			0		
Glastonbury 3 19.00-12.30am	Glastonbury 3 19.00-12.30AM	dummy			0		
Glastonbury 4	Glastonbury 4	dummy			0		
GolTVEnglish.us	Gol TV HD [UK]	dummy			0		
Golf 11 :	Golf 11	dummy			0		
Golf 12 :	Golf 12	dummy			0		
Golf 13 :	Golf 13	dummy			0		
Golf 14 :	Golf 14	dummy			0		
Golf 15 :	Golf 15	dummy			0		
Golf 16 :	Golf 16	dummy			0		
Golf 17 :	Golf 17	dummy			0		
Golf 18 :	Golf 18	dummy			0		
Golf 19 :	Golf 19	dummy			0		
Golf 20 :	Golf 20	dummy			0		
GolfChannel.us	Golf Channel HD [US]	direct	provider_13	GolfChannel.us	32	e8d4b83517	Live: Live From the U.S. Open | GOLF Films | PGA TOUR -- The Drop
GreatMovies.uk	Great Movies Action [UK]	direct	provider_13	GreatMovies.uk	64	e66ce6a3b2	Diagnosis Murder | Murder, She Wrote | Sue Thomas
Grit.us	Grit [US]	direct	provider_13	Grit.us	64	6b07459a91	Forsaken | The Rifleman | The Lone Ranger
HBOComedy.us	HBO Comedy HD [US]	direct	provider_13	HBOComedy.us	33	698cadfc44	Prancer: A Christmas Tale | Ice Age: Continental Drift | Alex Edelman: Just for Us
HGTV.uk	Hgtv [UK]	dummy			0		
HLN.us	Hln HD [US]	direct	provider_13	HLN.us	90	39cea1a325	CNN News Central (HLN) | Forensic Files
Hallmark.us	Hallmark HD [US]	direct	provider_13	Hallmark.us	62	c728dac98f	Reba | The Golden Girls | Gilmore Girls
HallmarkDrama.us	Hallmark Drama HD [US]	dummy			0		
HallmarkMoviesMysteries.us	Hallmark Movies/Mysteries 4K [US]	direct	provider_13	HallmarkMoviesMysteries.us	44	f21e2eb917	Diagnosis Murder | Matlock | Hailey Dean Mysteries: Deadly Estate
Hekayat.sa	ART Hekayat 1 [AR]	dummy			0		
Hekayat2.sa	ART Hekayat 2 [AR]	dummy			0		
HeroesAndIconsTV.us	Heroes & Icons [US]	direct	provider_13	HeroesAndIconsTV.us	52	7b3f8508d3	The High Chaparral | MacGyver | The A-Team
HighStreet1.uk	High Street TV 1 [UK]	direct	provider_13	HighStreet1.uk	94	2640763831	Garden Time | Easy Cooking | Everyday Cooking
HighStreet2.uk	High Street TV 2 [UK]	direct	provider_13	HighStreet2.uk	94	3b9eebd9de	Eat Good, Feel Good | Garden Time | Easy Cooking
HighStreet3.uk	High Street TV 3 [UK]	direct	provider_13	HighStreet3.uk	49	b7725f9b0a	Stay Cool with Stylies of Switzerland | Professional Car Cleaning with... | Stain Rescue with Kleeneze
HighStreet4.uk	High Street TV 4 [UK]	dup-feed-scrub	UK1	High.Street.TV.4.uk	0		
HighStreet5.uk	High Street TV 5 [UK]	dummy			0		
HistoryChannel.uk	Sky History +1 [UK]	direct	provider_13	HistoryChannel.uk	56	6791329d1d	Mysteries Unearthed With Danny Trej | Junk & Disorderly:... | American Pickers
HistoryChannel.us	History HD [US]	direct	provider_13	HistoryChannel.us	50	7671cc1253	Alone | 1776 Silver Rarities | 1776 Gold & Silver!
HomeShoppingNetwork.us	Hsn [US]	direct	provider_13	HomeShoppingNetwork.us	48	741dff67d4	Live: HSN Today With Friends | Live: Good Morning, Beauty! with Lesley Ann | Live: Tower Hill by Christie Brinkley Fashions
HopeChannel.us	Hope Channel [US]	direct	provider_13	HopeChannel.us	76	16395c1536	Inverse | Mum's at the Table | Stories of Hope
HorrorChannel.uk	Horror Channel [UK]	dummy			0		
INSP.us	Insp HD [US]	direct	provider_13	INSP.us	57	365970b328	Tales of Wells Fargo | The Big Valley | Laramie
ITV1.uk	ITV 1 HD [UK]	direct	provider_13	ITV1.uk	30	4f76c68659	ITV News London | ITV Racing Royal Ascot | ITV Evening News
ITV2.uk	ITV 2 HD [UK]	direct	provider_13	ITV2.uk	55	375b56e25a	The Floor US | The Only Way is Essex | The Real Housewives of Salt Lake City
ITV3.uk	ITV 3 HD [UK]	direct	provider_13	ITV3.uk	44	9c091c7e95	Midsomer Murders | Classic Emmerdale | Classic Coronation Street
ITV4.uk	ITV 4 HD [UK]	direct	provider_13	ITV4.uk	46	74d8d7618f	Magnum, P.I. | The Saint | Boon
ITVBe.uk	ITV BE HD [UK]	dummy			0		
ITVCentral.uk	ITV Central West [UK]	direct	provider_13	ITVCentral.uk	30	0cf120ff1c	ITV News Central | ITV Racing Royal Ascot | ITV Evening News
ITVGranada.uk	ITV Granada [UK]	direct	provider_13	ITVGranada.uk	30	18b784f03e	ITV News Granada Reports | ITV Racing Royal Ascot | ITV Evening News
ITVWales.uk	ITV Wales [UK]	direct	provider_13	ITVWales.uk	28	7c05955220	ITV News Cymru Wales | ITV Racing Live: Royal Ascot | ITV News Wales at 6
ITVWestcountry.uk	ITV Westcountry West [UK]	direct	provider_13	ITVWestcountry.uk	30	8ba622beb2	ITV News West Country | ITV Racing Royal Ascot | ITV Evening News
IdealWorld.uk	Ideal World 4K [UK]	dummy			0		
IndependentFilmChannel.us	Ifc HD [US]	direct	provider_13	IndependentFilmChannel.us	61	0d7a8d2767	Night Court | Three's Company | Everybody Loves Raymond
IndiePlex.us	Indieplex HD [US]	direct	provider_13	IndiePlex.us	29	9e33bd0738	The Derby Stallion | The Lucky Ones | The Groomsmen
InvestigationDiscovery.uk	Investigation Discovery [UK]	direct	provider_13	InvestigationDiscovery.uk	52	867674ada7	American Monster | Homicide City | Murder Under The Friday Night Lights
JMLDirect.uk	Jml Direct [UK]	dummy			0		
JusticeCentral.us	Justice Central HD [US]	direct	provider_13	JusticeCentral.us	96	c6659e392b	Equal Justice With Judge Eboni K. Williams | America's Court With Judge Ross | The Verdict With Judge Hatchett
KADN.us	FOX 15 (KADN) Lafayette HD [US]	direct	provider_13	KADN.us	68	6c463c9020	News15 Good Day Acadiana | The Big Bang Theory | Family Feud
KALB.us	NBC 5 Alexandria La (KALB) HD [US]	direct	provider_13	KALB.us	64	d26aa30cf9	Today 3rd Hour | Today With Jenna & Sheinelle | Flip Side
KARK.us	NBC 4 Little Rock Arabic (KARK) [US]	direct	provider_13	KARK.us	58	37b55fb88b	Today 3rd Hour | Today With Jenna & Sheinelle | Live with Kelly and Mark
KATV.us	ABC 7 Little Rock Arabic (KATV) [US]	direct	provider_13	KATV.us	60	69d412ea2c	Live: Good Morning Arkansas | The View | Inside Edition
KAUZ.us	CBS 6 (KAUZ) Wichita Falls HD [US]	direct	provider_13	KAUZ.us	63	209e9ba1ca	Family Feud | Ready for a safer shower? Enjoy a one-day bath remodel with Jacuzzi. | The Price Is Right
KBAK.us	CBS 29 (KBAK) Bakersfield HD [US]	direct	provider_13	KBAK.us	61	df76652935	Live: Eyewitness News on KBAK at 6AM | CBS Mornings | Let's Make a Deal
KBCW.us	CW 44 HD [San Francisco] [US]	direct	provider_13	KBCW.us	81	e36d269d58	Almost Unsolved | Mathis Court With Judge Mathis | CBS News Bay Area: Morning Edition 7am
KBOI.us	CBS 2 (KBOI) Boise HD [US]	direct	provider_13	KBOI.us	65	79fd7f1fa9	CBS Mornings | The Price Is Right | The Young and the Restless
KCBA.us	FOX 35 (KCBA) Salinas HD [US]	direct	provider_13	KCBA.us	68	6c39bfc93e	Chicago P.D. | We the People With Judge Lauren Lake | Divorce Court
KCNC.us	CBS 4 (KCNC) Denver HD [US]	direct	provider_13	KCNC.us	69	4199f8f684	CBS Mornings | CBS News Colorado at 9AM | The Price Is Right
KCTV.us	CBS 5 (KCTV) Kansas City HD [US]	direct	provider_13	KCTV.us	63	d78ea32b9c	My KC Live | The Price Is Right | The Young and the Restless
KDKA.us	CBS 2 (KDKA) Pittsburgh HD [US]	direct	provider_13	KDKA.us	64	fea163093f	Pittsburgh Today Live | Let's Make a Deal | The Price Is Right
KDVR.us	FOX 31 (KDVR) Denver HD [US]	direct	provider_13	KDVR.us	60	14a3ba55cb	FOX 31 Morning News at 7:00am | FOX 31 Morning News at 8:00am | FOX 31 Morning News at 9:00am
KETV.us	ABC 7 Omaha Ne (KETV) HD [US]	direct	provider_13	KETV.us	60	56ee46464e	The Jennifer Hudson Show | The View | GMA3
KFOX.us	FOX 14 (KFOX) El Paso HD [US]	direct	provider_13	KFOX.us	52	90509849bc	Live: KFOX14 Morning News 8-9A | Daytime | Live: FIFA World Cup Live
KFSM.us	CBS 5 (KFSM) Fort Smith HD [US]	direct	provider_13	KFSM.us	63	8a1487160f	Jeopardy! | Scrambled Up | The Price Is Right
KFXK.us	FOX 51 (KFXK) Longview HD [US]	direct	provider_13	KFXK.us	58	59b5cc1de5	The 700 Club | Judge Mathis | Live: FIFA World Cup Live
KGPE.us	CBS 47 (KGPE) Fresno HD [US]	direct	provider_13	KGPE.us	63	3463895877	CBS Mornings | The Perfect Line | The Price Is Right
KKTV.us	CBS 11 Colorado Springs Co (KKTV) HD [US]	direct	provider_13	KKTV.us	63	60d8b549e8	CBS Mornings | 11 News at 9am | The Price Is Right
KLJB.us	FOX 18 (KLJB) Davenport HD [US]	direct	provider_13	KLJB.us	58	2a611d5c00	OurQuadCites News at 8am | Sherri | Tamron Hall
KLRT.us	FOX 16 (KLRT) Little Rock HD [US]	direct	provider_13	KLRT.us	58	fe97ce2f1c	The Perfect Line | The Kelly Clarkson Show | Live: FIFA World Cup Live
KMAX.us	CW Sacramento HD [US]	direct	provider_13	KMAX.us	80	8745a681c0	CBS13 Mornings 6am | Good Day | The Drew Barrymore Show
KMGH.us	ABC 7 (KMGH) Denver HD [US]	direct	provider_13	KMGH.us	65	ff7bc66dc1	Good Morning America | Live with Kelly and Mark | The View
KMPH.us	FOX 26 (KMPH) Fresno HD [US]	direct	provider_13	KMPH.us	58	0585e0a382	Live: FIFA World Cup Live | Live: FIFA World Cup 2026 | Live: FIFA World Cup Today
KMSB.us	FOX 11 (KMSB) Tucson HD [US]	direct	provider_13	KMSB.us	59	19f441fb85	25 Words or Less | Family Feud | 13News on FOX11
KMTV.us	CBS 3 (KMTV) Omaha HD [US]	direct	provider_13	KMTV.us	63	0daaf7438d	The Drew Barrymore Show | The Price Is Right | The Young and the Restless
KNXV.us	ABC 15 (KNXV) Phoenix HD [US]	direct	provider_13	KNXV.us	55	2fd43bda93	ABC15 News at 6:00AM | Good Morning America | Sonoran Living
KOBI.us	NBC 5 Medford OR (KOBI) HD [US]	direct	provider_13	KOBI.us	58	99f2e94a38	NBC 5 News at Sunrise | Today | Today 3rd Hour
KOKH.us	FOX 25 (KOKH) Oklahoma City HD [US]	direct	provider_13	KOKH.us	54	8b641df028	Good Day OK at 8A | Live: Living Oklahoma | Live with Kelly and Mark
KOLN.us	CBS 10 (KOLN) Lincoln HD [US]	direct	provider_13	KOLN.us	62	bf3d3dca2c	10/11's Pure Nebraska | 10/11's Pure Nebraska 2 | The Price Is Right
KPHO.us	CBS 5 (KPHO) Phoenix HD [US]	direct	provider_13	KPHO.us	69	13eddfdfeb	Good Morning Arizona at 6am | CBS Mornings | The Price Is Right
KPIX.us	CBS 5 (KPIX) San Francisco HD [US]	direct	provider_13	KPIX.us	69	8ca9a06cda	CBS News Bay Area: Morning Edition 6am | CBS Mornings | Let's Make a Deal
KPSP.us	CBS 2 (KPSP) Palm Springs HD [US]	direct	provider_13	KPSP.us	67	5984066f40	News Channel 3 in the Morning | CBS Mornings | The Perfect Line
KPTV.us	FOX 12 (KPTV) Portland HD [US]	direct	provider_13	KPTV.us	53	a9d9fcde3a	Good Day Oregon at 6am | Good Day Oregon | Live: FIFA World Cup Live
KQCW.us	CW Tampa Bay HD [US]	direct	provider_13	KQCW.us	62	d327542bcf	News On 6 @ 9a | Cutlers Court | Mathis Court With Judge Mathis
KRCG.us	CBS 13 Jefferson City Mo (KRCG) [US]	direct	provider_13	KRCG.us	59	9c18733202	Live: The National News Desk | The Price Is Right | The Young and the Restless
KREM.us	CBS 2 (KREM) Spokane HD [US]	direct	provider_13	KREM.us	53	0643b35f87	CBS Mornings | The 700 Club | The Price Is Right
KRQE.us	CBS 13 (KRQE) Albuquerque HD [US]	direct	provider_13	KRQE.us	65	5deb88e432	CBS Mornings | The Drew Barrymore Show | Let's Make a Deal
KSAS.us	FOX 24 (KSAS) Wichita HD [US]	direct	provider_13	KSAS.us	65	2007542a45	Live: The National Weather Desk | Paid Programming | Live with Kelly and Mark
KSAZ.us	FOX 10 (KSAZ) Phoenix HD [US]	direct	provider_13	KSAZ.us	59	641c891b2a	FOX 10 Arizona Morning at 5:30am | FOX 10 Arizona Morning at 6am | FOX 10 Arizona Morning
KSDK.us	NBC 5 St Louis Mo (KSDK) HD [US]	dummy			0		
KSLA.us	CBS 12 (KSLA) Shreveport HD [US]	direct	provider_13	KSLA.us	65	7ca54f74d1	KSLA News 12 at 9am | Paid Programming | The Price Is Right
KSTU.us	FOX 13 (KSTU) Salt Lake City HD [US]	direct	provider_13	KSTU.us	57	3257ec6d98	FOX13 News: Good Day Utah 7AM | FOX13 News: Good Day Utah 8AM | FOX13 News: Good Day Utah 9AM
KTHV.us	CBS 11 Little Rock Arabic (KTHV) [US]	direct	provider_13	KTHV.us	59	5db696d9ab	The Vine at 9 | The Price Is Right | The Young and the Restless
KTRK.us	ABC 13 (KTRK) Houston HD [US]	direct	provider_13	KTRK.us	62	b80556e63b	Live with Kelly and Mark | The View | 13 Eyewitness News at 11am
KTVI.us	FOX 2 (KTVI) St. Louis HD [US]	dummy			0		
KTVT.us	CBS 11 (KTVT) Fort Worth HD [US]	dummy			0		
KUTV.us	CBS 2 (KUTV) Salt Lake City HD [US]	direct	provider_13	KUTV.us	67	5b4fc3a54b	CBS Mornings | Let's Make a Deal | The Young and the Restless
KVRR.us	FOX 15 (KVRR) Fargo HD [US]	direct	provider_13	KVRR.us	62	cc0128ab10	KVRR Local News at 8 | Family Feud | Family Feud Favorites
KWGN.us	CW 2 (KWGN) Derver [US]	direct	provider_13	KWGN.us	73	3e2a74cac9	Daybreak at 7am | Daybreak at 8am | Great Day Colorado
KWTX.us	CBS 10 (KWTX) Waco HD [US]	direct	provider_13	KWTX.us	65	faf4f82ab1	Tamron Hall | The Price Is Right | The Young and the Restless
KXRM.us	FOX 21 (KXRM) Colorado Springs HD [US]	direct	provider_13	KXRM.us	57	3406cc011f	FOX21 Morning News at 7 | FOX21 Morning News at 8 | Live: Loving Living Local
KYW.us	CBS Philadelphia [US]	direct	provider_13	KYW.us	65	09f1e63a08	Live: Alex Scott: A Stand for Hope Telethon | Let's Make a Deal | The Price Is Right
LIVE EVENT 26 - MAIN STAGE Live From Coachella 2026	Live Event 26 - Main Stage Live From Coachella 2026	dummy			0		
LIVE EVENT 27 - OUTDOOR THEATRE Live From Coachella 2026	Live Event 27 - Outdoor Theatre Live From Coachella 2026	dummy			0		
LIVE EVENT 28 - YUMA Live From Coachella 2026	Live Event 28 - Yuma Live From Coachella 2026	dummy			0		
LIVE EVENT 29 - SAHARA Live From Coachella 2026	Live Event 29 - Sahara Live From Coachella 2026	dummy			0		
LIVE EVENT 30 - MOJAVE Live From Coachella 2026	Live Event 30 - Mojave Live From Coachella 2026	dummy			0		
LIVE EVENT 31 - GOBI Live From Coachella 2026	Live Event 31 - Gobi Live From Coachella 2026	dummy			0		
LIVE EVENT 32 - QUASAR Live From Coachella 2026	Live Event 32 - Quasar Live From Coachella 2026	dummy			0		
LIVE EVENT 33 -	Live Event 33	dummy			0		
LIVE EVENT 34 -	Live Event 34	dummy			0		
LV: EURO SPORT 1 ᴿᴬᵂ	Euro Sport 1 RAW [LV]	dummy-forced			0		
LV: EURO SPORT 2 ᴿᴬᵂ	Euro Sport 2 RAW [LV]	dummy			0		
LV: FIGHT SPORTS ᴿᴬᵂ	Fight Sports RAW [LV]	dummy			0		
LV: GO3 SPORT 1 ᴿᴬᵂ	GO3 Sport 1 RAW [LV]	dummy-forced			0		
LV: GO3 SPORT 2 ᴿᴬᵂ	GO3 Sport 2 RAW [LV]	dummy			0		
LV: GO3 SPORT 3 ᴿᴬᵂ	GO3 Sport 3 RAW [LV]	dummy			0		
LV: GO3 SPORT OPEN ᴿᴬᵂ	GO3 Sport Open RAW [LV]	dummy			0		
LV: NBA ᴿᴬᵂ	NBA RAW [LV]	dummy			0		
LV: SETANTA SPORTS 1 ᴿᴬᵂ	Setanta Sports 1 RAW [LV]	dummy			0		
LV: SETANTA SPORTS 2 ᴿᴬᵂ	Setanta Sports 2 RAW [LV]	dummy			0		
Laff.us	Laff TV HD [US]	direct	provider_13	Laff.us	96	07564d067b	Home Improvement | Bob Hearts Abishola | According to Jim
Legend.uk	Legend [UK]	direct	provider_13	Legend.uk	71	fc05689449	Stratton | Hannie Caulder | ..programmes start at 5.30am
LifetimeMovieNetwork.us	Lifetime Movie Network HD [US]	direct	provider_13	LifetimeMovieNetwork.us	30	123fceb988	The Venice Murders | Abducted in the Everglades | Trapped in the Rocky Mountains
LifetimeNetwork.us	Lifetime HD [US]	direct	provider_13	LifetimeNetwork.us	56	94448ca112	The Closer | The Rookie | Castle
Live Football 01: Charlton Athletic vs Leicester City 12:30pm	Live Football 01: Charlton Athletic Vs Leicester City 12:30PM	dummy			0		
Live Football 02:	Live Football 02	dummy			0		
Live Football 03:	Live Football 03	dummy			0		
Live Football 04:	Live Football 04	dummy			0		
Live Football 05:	Live Football 05	dummy			0		
Live Football 06:	Live Football 06	dummy			0		
Live Football 07:	Live Football 07	dummy			0		
Live Football 08:	Live Football 08	dummy			0		
Live Football 09:	Live Football 09	dummy			0		
Live Football 10:	Live Football 10	dummy			0		
Live Football 11:	Live Football 11	dummy			0		
Live Football 12:	Live Football 12	dummy			0		
Live Football 13:	Live Football 13	dummy			0		
Live Football 14:	Live Football 14	dummy			0		
Live Football 15:	Live Football 15	dummy			0		
Live Football 16:	Live Football 16	dummy			0		
Live Football 17:	Live Football 17	dummy			0		
Live Football 18:	Live Football 18	dummy			0		
Live Football 19:	Live Football 19	dummy			0		
Live Football 20:	Live Football 20	dummy			0		
Live Football 21 :	Live Football 21	dummy			0		
Live Football 22:	Live Football 22	dummy			0		
Live Football 23:	Live Football 23	dummy			0		
Live Football 24:	Live Football 24	dummy			0		
Live Football 25:	Live Football 25	dummy			0		
Live Football 26:	Live Football 26	dummy			0		
Live Football 27:	Live Football 27	dummy			0		
Live Football 28:	Live Football 28	dummy			0		
Live Football 29:	Live Football 29	dummy			0		
Live Football 30:	Live Football 30	dummy			0		
Live Football 31:	Live Football 31	dummy			0		
Live Football 32:	Live Football 32	dummy			0		
Live Football 33:	Live Football 33	dummy			0		
Live Football 34:	Live Football 34	dummy			0		
Live | Canada vs. Zambia | FIFA Women's Series | 8K EXCLUSIVE | MA: DAZN PPV 10	Live | Canada Vs. Zambia | Fifa Women'S Series | 8K Exclusive | Ma: DAZN PPV 10	dummy			0		
Live | Capitals @ Penguins | NHL.TV | 8K EXCLUSIVE | MA: DAZN PPV 11	Live | Capitals @ Penguins | NHL.TV | 8K Exclusive | Ma: DAZN PPV 11	dummy			0		
Live | Toronto - Day 6 | Rock League | 8K EXCLUSIVE | MA: DAZN PPV 7	Live | Toronto - Day 6 | Rock League | 8K Exclusive | Ma: DAZN PPV 7	dummy			0		
Logo.us	Logo HD [US]	direct	provider_13	Logo.us	38	b1fbe5e2eb	RuPaul's Drag Race | RuPaul's Drag Race: All Stars
LoveWorld.us	Love World 4K [UK]	direct	provider_13	LoveWorld.us	76	185ee09273	Guess the | Today on Rhapsody of Realities | Today's Review
MAVTV.us	Mav TV HD [US]	direct	provider_13	MAVTV.us	70	91a8bd2c93	Lost Classics | My Classic Car | Stacey David's GearZ
MBC1.ae	MBC 1 4K [AR]	rescue-token	provider_8	MBC1.ae@SD	198	878e6d7522	The Voice Kids | Banat Abdel Ghani | Nadeena 2026
MBC2.ae	MBC 2 [AR]	dup-feed-scrub	provider_4	MBC2.ae@SD	0		
MBC2En.ae	MBC 2 4K [AR]	alias	AE1	MBC.2.ae	72	46ae7741b6	Making The Movies | Playing For Keeps | Christine
MBC3.ae	MBC 3 HD [AR]	alias	AE1	MBC.3.ae	140	c3cea1292b	Uncle Grandpa | Laith The King | Ben 10
MBC3Ar.ae	MBC 3 [AR]	alias	AE1	MBC.3.ae	140	c3cea1292b	Uncle Grandpa | Laith The King | Ben 10
MBC3En.ae	MBC 3 4K [AR]	direct	provider_13	MBC3En.ae	186	727df5ebbd	Champies | The Guava Juice Show | Star Trek: Prodigy
MBC4.sa	MBC 4 4K [AR]	direct	provider_13	MBC4.sa	52	f68ac2bbbf	No title available
MBC5.ae	MBC 5 4K [AR]	direct	provider_13	MBC5.ae	53	7f7be88c71	No title available
MBCActionEn.sa	MBC Action [AR]	direct	provider_13	MBCActionEn.sa	14	b81ebb28f8	No title available
MBCBollywood.sa	MBC Bollywood HD [AR]	direct	provider_13	MBCBollywood.sa	38	8084a964da	No title available
MBCBollywoodEn.sa	MBC Bollywood 4K [AR]	direct	provider_13	MBCBollywoodEn.sa	39	48325e7abc	No title available
MBCDrama.ae	MBC Drama HD [AR]	rescue-token	provider_4	MBCDrama.ae@SD	152	26f6fd7974	A'la Nesbet Moshahda | Omm Haroun | Crystal
MBCDramaAr.ae	MBC Drama [AR]	rescue-token	provider_4	MBCDrama.ae@SD	152	26f6fd7974	A'la Nesbet Moshahda | Omm Haroun | Crystal
MBCDramaEn.ae	MBC Drama 4K [AR]	direct	provider_13	MBCDramaEn.ae	51	667b6ea78a	Crystal | Al A'ela | A'la Nesbet Moshahda
MBCDramaPlus.ae	MBC Drama+ 4K [AR]	rescue-token	provider_4	MBCDrama.ae@SD	152	26f6fd7974	A'la Nesbet Moshahda | Omm Haroun | Crystal
MBCEgyptAr.eg	MBC Maser HD [AR]	dummy			0		
MBCIraq.iq	MBC Iraq 4K [AR]	direct	provider_13	MBCIraq.iq	48	f48eaef421	No title available
MBCIraqEn.iq	MBC Iraq HD [AR]	direct	provider_13	MBCIraqEn.iq	48	f48eaef421	No title available
MBCMasr2En.eg	MBC Maser 2 4K [AR]	alias	AE1	MBC.Masr.2.HD.ae	106	7620d8474d	Your Egyptian Morning | From Heart To Heart | The Lawyer Neaama
MBCMaxEn.ae	MBC MAX 4K [AR]	direct	provider_13	MBCMaxEn.ae	31	e06cd93f71	Celebrity Scoop | Spotlight | Blackhat
ME: MNE SOPRT 1 ᴿᴬᵂ	Mne Soprt 1 RAW [ME]	dummy			0		
ME: MNE SOPRT 2 ᴿᴬᵂ	Mne Soprt 2 RAW [ME]	dummy			0		
ME: MNE SOPRT 3 ᴿᴬᵂ	Mne Soprt 3 RAW [ME]	dummy			0		
MLB 01 | Blue Jays x Red Sox start:2026-06-18 18:35:00 stop:2026-06-19 01:48:20	MLB 01 | Blue Jays X Red Sox Start:2026-06-18 18:35:00 Stop:2026-06-19 01:48:20	dummy			0		
MLB 02 | Guardians x Brewers start:2026-06-18 19:10:00 stop:2026-06-19 02:23:20	MLB 02 | Guardians X Brewers Start:2026-06-18 19:10:00 Stop:2026-06-19 02:23:20	dummy			0		
MLB 03 | Twins x Rangers start:2026-06-18 19:35:00 stop:2026-06-19 02:48:20	MLB 03 | Twins X Rangers Start:2026-06-18 19:35:00 Stop:2026-06-19 02:48:20	dummy			0		
MLB 04 | Orioles x Mariners start:2026-06-18 21:10:00 stop:2026-06-19 04:23:20	MLB 04 | Orioles X Mariners Start:2026-06-18 21:10:00 Stop:2026-06-19 04:23:20	dummy			0		
MLB 05 | Mets x Phillies start:2026-06-18 23:40:00 stop:2026-06-19 06:53:20	MLB 05 | Mets X Phillies Start:2026-06-18 23:40:00 Stop:2026-06-19 06:53:20	dummy			0		
MLB 06 | White Sox x Yankees start:2026-06-19 00:05:00 stop:2026-06-19 07:18:20	MLB 06 | White Sox X Yankees Start:2026-06-19 00:05:00 Stop:2026-06-19 07:18:20	dummy			0		
MLB 07 | Giants x Braves start:2026-06-19 00:15:00 stop:2026-06-19 07:28:20	MLB 07 | Giants X Braves Start:2026-06-19 00:15:00 Stop:2026-06-19 07:28:20	dummy			0		
MLB 08 | Cardinals x Royals start:2026-06-19 00:40:00 stop:2026-06-19 07:53:20	MLB 08 | Cardinals X Royals Start:2026-06-19 00:40:00 Stop:2026-06-19 07:53:20	dummy			0		
MLB 09 | Angels x Athletics start:2026-06-19 02:40:00 stop:2026-06-19 09:53:20	MLB 09 | Angels X Athletics Start:2026-06-19 02:40:00 Stop:2026-06-19 09:53:20	dummy			0		
MLB 10 | White Sox x Yankees start:2026-06-18 00:05:00 stop:2026-06-18 07:18:20	MLB 10 | White Sox X Yankees Start:2026-06-18 00:05:00 Stop:2026-06-18 07:18:20	dummy			0		
MLB 11 | Giants x Braves start:2026-06-18 00:15:00 stop:2026-06-18 07:28:20	MLB 11 | Giants X Braves Start:2026-06-18 00:15:00 Stop:2026-06-18 07:28:20	dummy			0		
MLB 12 | Guardians x Brewers start:2026-06-18 00:40:00 stop:2026-06-18 07:53:20	MLB 12 | Guardians X Brewers Start:2026-06-18 00:40:00 Stop:2026-06-18 07:53:20	dummy			0		
MLB 13 | Rockies x Cubs start:2026-06-18 01:05:00 stop:2026-06-18 08:18:20	MLB 13 | Rockies X Cubs Start:2026-06-18 01:05:00 Stop:2026-06-18 08:18:20	dummy			0		
MLB 14 | Pirates x Athletics start:2026-06-18 02:40:00 stop:2026-06-18 09:53:20	MLB 14 | Pirates X Athletics Start:2026-06-18 02:40:00 Stop:2026-06-18 09:53:20	dummy			0		
MLB 15 | Orioles x Mariners start:2026-06-18 02:40:00 stop:2026-06-18 09:53:20	MLB 15 | Orioles X Mariners Start:2026-06-18 02:40:00 Stop:2026-06-18 09:53:20	dummy			0		
MLB 16 |	MLB 16	dummy			0		
MLB 17 |	MLB 17	dummy			0		
MLB 18:	MLB 18	dummy			0		
MTV.us	Mtv HD [US]	direct	provider_13	MTV.us	85	2c912be862	Ridiculousness | The Big Bang Theory | The Office
MTV2.us	Mtv 2 HD [US]	direct	provider_13	MTV2.us	67	30a057d433	Love & Hip Hop: Atlanta | Catfish: The TV Show | The Jamie Foxx Show
MTVLive.us	Mtv Live HD [US]	direct	provider_13	MTVLive.us	54	7ec9606056	MTV Live Special | PUSH Showcase: Damiano David | Push Showcase: Jordan Adetunji
MUTV.uk	Mutv RAW [VIP]	direct	provider_13	MUTV.uk	66	26072c0681	La Philosophie de Cantona | What I Wore | Schmeichel
MadisonSquareGarden.us	Msg HD [US]	dummy			0		
MadisonSquareGarden2.us	Msg 2 HD [US]	dummy			0		
MadisonSquareGardenPlus.us	Msg Plus HD [US]	rescue-token	US2	MSG.Plus.us2	61	3bbf309e61	DraftKings Casino Report | Paid Programming | NY Giants Chronicles '25
MagnoliaNetwork.us	Magnolia Network West HD [US]	direct	provider_13	MagnoliaNetwork.us	53	d314e553dc	Restored | Building Off the Grid | Restoring Galveston
Matchroom Event 06:	Matchroom Event 06	dummy			0		
Matchroom Event 07:	Matchroom Event 07	dummy			0		
MbcMasr2.eg	MBC Maser 4K [AR]	alias	AE1	MBC.Masr.HD.ae	86	4d3287a648	Khaled Nour And His Son Nour Khaled | Golden Boy | Esh Esh
MeTVPlus.us	Metv Plus (WZME) HD [US]	direct	provider_13	MeTVPlus.us	46	25c154b21b	Hunter | T.J. Hooker | Mod Squad
MilitaryHistory.us	Military History [US]	direct	provider_13	MilitaryHistory.us	44	87038b1cf8	Modern Marvels | Battle History of the Coast Guard | Shootout!
MonumentalSportsNetwork.us	Monumental Sports Network HD [US]	direct	provider_13	MonumentalSportsNetwork.us	44	f06692052e	Live: BMitch & Finlay | The Stanley Pup | WNBA Basketball
More4.uk	More 4 HEVC HD [UK]	direct	provider_13	More4.uk	56	3efcd6668b	Come Dine with Me | Four in a Bed | Location, Location, Location
MotorTrend.us	Motortrend HD [US]	direct	provider_13	MotorTrend.us	48	f58915b949	Roadkill | FantomWorks | Junkyard Empire
Movies4Men.uk	MOVIES4MEN [UK]	dummy			0		
NBA 01 : San Antonio Spurs @ New York Knicks // UK Tue 9 Jun 12:15am // ET Mon 8 Jun 7:15pm	NBA 01 : San Antonio Spurs @ New York Knicks // UK Tue 9 Jun 12:15AM // Et Mon 8 Jun 7:15PM	dummy			0		
NBA 02 :	NBA 02	dummy			0		
NBA 02: Knicks (NYK) x Timberwolves (MIN) start:2025-01-18 00:20:00 stop:2025-01-18 04:20:00	NBA 02: Knicks (Nyk) X Timberwolves (Min) Start:2025-01-18 00:20:00 Stop:2025-01-18 04:20:00	dummy			0		
NBA 03 :	NBA 03	dummy			0		
NBA 04 :	NBA 04	dummy			0		
NBA 05 :	NBA 05	dummy			0		
NBA 06 :	NBA 06	dummy			0		
NBA 07 :	NBA 07	dummy			0		
NBA 08 :	NBA 08	dummy			0		
NBA 09 :	NBA 09	dummy			0		
NBA 10 :	NBA 10	dummy			0		
NBA 11 :	NBA 11	dummy			0		
NBA 12 :	NBA 12	dummy			0		
NBA 13 :	NBA 13	dummy			0		
NBA 14 :	NBA 14	dummy			0		
NBA 15 :	NBA 15	dummy			0		
NBA: NBA TV HD	NBA TV HD [NBA]	dummy			0		
NBCSportsBayArea.us	NBC Sports Bay Area [US]	direct	provider_13	NBCSportsBayArea.us	52	29bfbce1f1	Paid Programming | MLB Baseball | Protect Your Family From Identity Theft
NBCSportsCalifornia.us	NBC Sports California [US]	direct	provider_13	NBCSportsCalifornia.us	57	a9989520ed	A Fishing Story With Ronnie Green | MLB Baseball | Best Mattress Topper Ever!
NBCSportsChicago.us	NBC Sports Chicago [US]	rescue-token	US2	NBC.Sports.4K.us2	21	0e367c28ed	SIGN OFF | Live: 2026 U.S. Open Golf Championship
NBCSportsPhiladelphia.us	NBC Sports Philadelfia [US]	direct	provider_13	NBCSportsPhiladelphia.us	45	6bb9d9a57d	SportsNet Central | Phillies Clubhouse | Live: Phillies Pregame Live
NBCSportsWashington.us	NBC Sports Washington [US]	rescue-token	US2	NBC.Sports.4K.us2	21	0e367c28ed	SIGN OFF | Live: 2026 U.S. Open Golf Championship
NCAAF 02: ESPN2	NCAAF 02: ESPN2	dummy			0		
NCAAF 03: ESPNU	NCAAF 03: Espnu	dummy			0		
NCAAF 04: ABC	NCAAF 04: ABC	dummy			0		
NCAAF 05: CBS	NCAAF 05: CBS	dummy			0		
NCAAF 06: FOX	NCAAF 06: FOX	dummy			0		
NCAAF 07: NBC	NCAAF 07: NBC	dummy			0		
NCAAF 08: ACC NETWORK	NCAAF 08: Acc Network	dummy			0		
NCAAF 09: BIG TEN NETWORK	NCAAF 09: Big Ten Network	dummy			0		
NCAAF 10: BIG TEN NETWORK ALT	NCAAF 10: Big Ten Network Alt	dummy			0		
NCAAF 11: SEC NETWORK	NCAAF 11: Sec Network	dummy			0		
NCAAF 12: CBSSN	NCAAF 12: Cbssn	dummy			0		
NCAAF 13: FS1	NCAAF 13: FS1	dummy			0		
NCAAF 14: CW	NCAAF 14: CW	dummy			0		
NCAAF 15: TNT	NCAAF 15: TNT	dummy			0		
NCAAF 16:	NCAAF 16	dummy			0		
NCAAF 17:	NCAAF 17	dummy			0		
NCAAF 18:	NCAAF 18	dummy			0		
NCAAF 19:	NCAAF 19	dummy			0		
NCAAF 20:	NCAAF 20	dummy			0		
NCAAF 21:	NCAAF 21	dummy			0		
NCAAF 22:	NCAAF 22	dummy			0		
NCAAF 23:	NCAAF 23	dummy			0		
NCAAF 24:	NCAAF 24	dummy			0		
NCAAF 25:	NCAAF 25	dummy			0		
NCAAF 26:	NCAAF 26	dummy			0		
NCAAF 27:	NCAAF 27	dummy			0		
NCAAF 28:	NCAAF 28	dummy			0		
NCAAF 29:	NCAAF 29	dummy			0		
NCAAF 30:	NCAAF 30	dummy			0		
NCAAF 31:	NCAAF 31	dummy			0		
NCAAF 32:	NCAAF 32	dummy			0		
NCAAF 33:	NCAAF 33	dummy			0		
NCAAF 35:	NCAAF 35	dummy			0		
NCAAF 36:	NCAAF 36	dummy			0		
NCAAF 37:	NCAAF 37	dummy			0		
NCAAF 38:	NCAAF 38	dummy			0		
NCAAF 39:	NCAAF 39	dummy			0		
NCAAF 40:	NCAAF 40	dummy			0		
NCAAF 41:	NCAAF 41	dummy			0		
NCAAF 42:	NCAAF 42	dummy			0		
NCAAF 43:	NCAAF 43	dummy			0		
NCAAF 44:	NCAAF 44	dummy			0		
NCAAF 45:	NCAAF 45	dummy			0		
NCAAF 46:	NCAAF 46	dummy			0		
NCAAF 47:	NCAAF 47	dummy			0		
NCAAF 48:	NCAAF 48	dummy			0		
NCAAF 49:	NCAAF 49	dummy			0		
NCAAF 50:	NCAAF 50	dummy			0		
NCAAF 51:	NCAAF 51	dummy			0		
NCAAF 52:	NCAAF 52	dummy			0		
NCAAF 53:	NCAAF 53	dummy			0		
NCAAF 54:	NCAAF 54	dummy			0		
NCAAF 55:	NCAAF 55	dummy			0		
NCAAF 56:	NCAAF 56	dummy			0		
NCAAF 57:	NCAAF 57	dummy			0		
NCAAF 59:	NCAAF 59	dummy			0		
NCAAF 60:	NCAAF 60	dummy			0		
NCAAF 61:	NCAAF 61	dummy			0		
NCAAF 62:	NCAAF 62	dummy			0		
NCAAF 63:	NCAAF 63	dummy			0		
NCAAF 64:	NCAAF 64	dummy			0		
NCAAF 65:	NCAAF 65	dummy			0		
NCAAF 66:	NCAAF 66	dummy			0		
NCAAF 67:	NCAAF 67	dummy			0		
NCAAF 68:	NCAAF 68	dummy			0		
NCAAF 69:	NCAAF 69	dummy			0		
NCAAF 70:	NCAAF 70	dummy			0		
NCAAF 71:	NCAAF 71	dummy			0		
NCAAF 72:	NCAAF 72	dummy			0		
NCAAF 73:	NCAAF 73	dummy			0		
NCAAF 74:	NCAAF 74	dummy			0		
NCAAF 75:	NCAAF 75	dummy			0		
NCAAF 76:	NCAAF 76	dummy			0		
NCAAF 77:	NCAAF 77	dummy			0		
NCAAF 78:	NCAAF 78	dummy			0		
NCAAF 79:	NCAAF 79	dummy			0		
NCAAF 80:	NCAAF 80	dummy			0		
NCAAF 81:	NCAAF 81	dummy			0		
NCAAF 82:	NCAAF 82	dummy			0		
NCAAF 83:	NCAAF 83	dummy			0		
NCAAF 84:	NCAAF 84	dummy			0		
NCAAF 85:	NCAAF 85	dummy			0		
NEXT | 2026 WARRIOR GAMES: INDOOR ROWING | Thu 18 Jun 08:30 EDT (US) | 8K EXCLUSIVE | U~844d0c4f	Next | 2026 Warrior Games: Indoor Rowing | Thu 18 Jun 08:30 Edt | 8K Exclusive | Us: ESPN+ PPV 2	dummy			0		
NEXT | 2026 WARRIOR GAMES: WHEELCHAIR RUGBY DAY 2 | Thu 18 Jun 17:30 EDT (US) | 8K EXCL~696fa800	Next | 2026 Warrior Games: Wheelchair Rugby Day 2 | Thu 18 Jun 17:30 Edt | 8K Exclusive | Us: ESPN+ PPV 8	dummy			0		
NEXT | AS DOUANES VS. AS FAN | Thu 18 Jun 11:45 EDT (US) | 8K EXCLUSIVE | US: FIFA+ PPV 3	Next | As Douanes Vs. As Fan | Thu 18 Jun 11:45 Edt | 8K Exclusive | Us: Fifa+ PPV 3	dummy			0		
NEXT | AS GNN VS. AS POLICE | Fri 19 Jun 11:45 EDT (US) | 8K EXCLUSIVE | US: FIFA+ PPV 11	Next | As Gnn Vs. As Police | Fri 19 Jun 11:45 Edt | 8K Exclusive | Us: Fifa+ PPV 11	dummy			0		
NEXT | AZERBAIJAN: RACE | Sat 26 Sep 05:50 EDT (US) | 8K EXCLUSIVE | US: APPLE TV F1 PPV 10	Next | Azerbaijan: Race | Sat 26 Sep 05:50 Edt | 8K Exclusive | Us: Apple TV F1 PPV 10	dummy			0		
NEXT | B19 FC VS. MBUNI FC | Fri 19 Jun 09:00 EDT (US) | 8K EXCLUSIVE | US: FIFA+ PPV 9	Next | B19 Fc Vs. Mbuni Fc | Fri 19 Jun 09:00 Edt | 8K Exclusive | Us: Fifa+ PPV 9	dummy			0		
NEXT | BHANTAL FC VS. SLIFA FC | Thu 18 Jun 12:30 EDT (US) | 8K EXCLUSIVE | US: FIFA+ PPV 4	Next | Bhantal Fc Vs. Slifa Fc | Thu 18 Jun 12:30 Edt | 8K Exclusive | Us: Fifa+ PPV 4	dummy			0		
NEXT | CHRISTCHURCH UNITED FC VS. SELWYN UNITED FC | Sat 20 Jun 01:00 EDT (US) | 8K EXC~4b10b9fc	Next | Christchurch United Fc Vs. Selwyn United Fc | Sat 20 Jun 01:00 Edt | 8K Exclusive | Us: Fifa+ PPV 25	dummy			0		
NEXT | CIVIL SERVICE UNITED VS. SILVER STRIKERS | Sat 20 Jun 08:30 EDT (US) | 8K EXCLUS~ed43a2ad	Next | Civil Service United Vs. Silver Strikers | Sat 20 Jun 08:30 Edt | 8K Exclusive | Us: Fifa+ PPV 33	dummy			0		
NEXT | DAEJEON KORAIL VS. JEONBUK MOTORS II | Sat 20 Jun 06:00 EDT (US) | 8K EXCLUSIVE~0ff9dbd3	Next | Daejeon Korail Vs. Jeonbuk Motors Ii | Sat 20 Jun 06:00 Edt | 8K Exclusive | Us: Fifa+ PPV 28	dummy			0		
NEXT | DELFINES DEL ESTE U19 VS. DOWNTOWN SOCCER U19 | Fri 19 Jun 16:00 EDT (US) | 8K E~b29babe5	Next | Delfines Del Este U19 Vs. Downtown Soccer U19 | Fri 19 Jun 16:00 Edt | 8K Exclusive | Us: Fifa+ PPV 16	dummy			0		
NEXT | ESPN RADIO | Thu 18 Jun 10:00 EDT (US) | 8K EXCLUSIVE | US: ESPN+ PPV 4	Next | ESPN Radio | Thu 18 Jun 10:00 Edt | 8K Exclusive | Us: ESPN+ PPV 4	dummy			0		
NEXT | FC KALLON VS. LUAWA FC | Fri 19 Jun 12:30 EDT (US) | 8K EXCLUSIVE | US: FIFA+ PPV 13	Next | Fc Kallon Vs. Luawa Fc | Fri 19 Jun 12:30 Edt | 8K Exclusive | Us: Fifa+ PPV 13	dummy			0		
NEXT | FK ATMOSFERA VS. FK MINIJA | Sat 20 Jun 08:00 EDT (US) | 8K EXCLUSIVE | US: FIFA+ PPV 29	Next | Fk Atmosfera Vs. Fk Minija | Sat 20 Jun 08:00 Edt | 8K Exclusive | Us: Fifa+ PPV 29	dummy			0		
NEXT | FK BABRUNGAS VS. FK BE1 | Fri 19 Jun 11:00 EDT (US) | 8K EXCLUSIVE | US: FIFA+ PPV 10	Next | Fk Babrungas Vs. Fk BE1 | Fri 19 Jun 11:00 Edt | 8K Exclusive | Us: Fifa+ PPV 10	dummy			0		
NEXT | FK TRANSINVEST VS. FK ŽALGIRIS | Thu 18 Jun 13:00 EDT (US) | 8K EXCLUSIVE | US:~4b745a4f	Next | Fk Transinvest Vs. Fk žAlgiris | Thu 18 Jun 13:00 Edt | 8K Exclusive | Us: Fifa+ PPV 5	dummy			0		
NEXT | FOMBONI CLUB VS. VOLCAN CLUB | Sat 20 Jun 08:00 EDT (US) | 8K EXCLUSIVE | US: FI~705eb842	Next | Fomboni Club Vs. Volcan Club | Sat 20 Jun 08:00 Edt | 8K Exclusive | Us: Fifa+ PPV 32	dummy			0		
NEXT | FOMBONI FC VS. VOLCAN CLUB | Sat 20 Jun 08:00 EDT (US) | 8K EXCLUSIVE | US: FIFA+ PPV 30	Next | Fomboni Fc Vs. Volcan Club | Sat 20 Jun 08:00 Edt | 8K Exclusive | Us: Fifa+ PPV 30	dummy			0		
NEXT | FREDDIE & HARRY | Thu 18 Jun 15:00 EDT (US) | 8K EXCLUSIVE | US: ESPN+ PPV 7	Next | Freddie & Harry | Thu 18 Jun 15:00 Edt | 8K Exclusive | Us: ESPN+ PPV 7	dummy			0		
NEXT | HALIFAX TIDES FC VS. VANCOUVER RISE FC | Thu 18 Jun 09:55 EDT (US) | 8K EXCLUSIV~3ad6871a	Next | Halifax Tides Fc Vs. Vancouver Rise Fc | Thu 18 Jun 09:55 Edt | 8K Exclusive | Us: ESPN+ PPV 3	dummy			0		
NEXT | HARLEM UNITED SC VS. WE UNITED FC | Thu 18 Jun 19:00 EDT (US) | 8K EXCLUSIVE | U~b389c37e	Next | Harlem United Sc Vs. We United Fc | Thu 18 Jun 19:00 Edt | 8K Exclusive | Us: Fifa+ PPV 7	dummy			0		
NEXT | KAUNO RAJONO FA VS. FK GINTRA | Thu 18 Jun 13:00 EDT (US) | 8K EXCLUSIVE | US: F~08755917	Next | Kauno Rajono FA Vs. Fk Gintra | Thu 18 Jun 13:00 Edt | 8K Exclusive | Us: Fifa+ PPV 6	dummy			0		
NEXT | NELSON SUBURBS FC VS. WANAKA FC | Fri 19 Jun 22:45 EDT (US) | 8K EXCLUSIVE | US:~954877eb	Next | Nelson Suburbs Fc Vs. Wanaka Fc | Fri 19 Jun 22:45 Edt | 8K Exclusive | Us: Fifa+ PPV 18	dummy			0		
NEXT | ORATORIO JARABACOA U19 VS. JARABACOA FC U19 | Fri 19 Jun 16:00 EDT (US) | 8K EXC~efff6cf7	Next | Oratorio Jarabacoa U19 Vs. Jarabacoa Fc U19 | Fri 19 Jun 16:00 Edt | 8K Exclusive | Us: Fifa+ PPV 15	dummy			0		
NEXT | SC PORTOS VS. MASSAF SC | Fri 19 Jun 12:30 EDT (US) | 8K EXCLUSIVE | US: FIFA+ PPV 31	Next | Sc Portos Vs. Massaf Sc | Fri 19 Jun 12:30 Edt | 8K Exclusive | Us: Fifa+ PPV 31	dummy			0		
NEXT | SOUTH EAST FC VS. POINTE MICHEL FC | Fri 19 Jun 19:00 EDT (US) | 8K EXCLUSIVE |~b82485fe	Next | South East Fc Vs. Pointe Michel Fc | Fri 19 Jun 19:00 Edt | 8K Exclusive | Us: Fifa+ PPV 17	dummy			0		
NEXT | TEMPÊTE MOCAF VS. DFC8 | Thu 18 Jun 10:00 EDT (US) | 8K EXCLUSIVE | US: FIFA+ PPV 1	Next | TempÊTe Mocaf Vs. DFC8 | Thu 18 Jun 10:00 Edt | 8K Exclusive | Us: Fifa+ PPV 1	dummy			0		
NEXT | THE PANTHERS FC VS. A.D.A.M.M. | Thu 18 Jun 11:00 EDT (US) | 8K EXCLUSIVE | US:~6a300a89	Next | The Panthers Fc Vs. A.D.A.M.M. | Thu 18 Jun 11:00 Edt | 8K Exclusive | Us: Fifa+ PPV 2	dummy			0		
NEXT | THE PAT MCAFEE SHOW | Thu 18 Jun 12:00 EDT (US) | 8K EXCLUSIVE | US: ESPN+ PPV 5	Next | The Pat Mcafee Show | Thu 18 Jun 12:00 Edt | 8K Exclusive | Us: ESPN+ PPV 5	dummy			0		
NEXT | UPPER VALLEY NIGHTHAWKS VS. NORTH SHORE NAVIGATORS | Thu 18 Jun 18:00 EDT (US) |~55f7c5a7	Next | Upper Valley Nighthawks Vs. North Shore Navigators | Thu 18 Jun 18:00 Edt | 8K Exclusive | Us: ESPN+ PPV 10	dummy			0		
NEXT | YANGPYEONG VS. YEOJU CITIZEN | Sat 20 Jun 05:00 EDT (US) | 8K EXCLUSIVE | US: FI~a0abb5ac	Next | Yangpyeong Vs. Yeoju Citizen | Sat 20 Jun 05:00 Edt | 8K Exclusive | Us: Fifa+ PPV 27	dummy			0		
NF: NETFLIX 01 (FHD@30FPS) EVENTS ONLY	Netflix 01 (FHD@30FPS) Events Only [NF]	dummy			0		
NF: NETFLIX 02 (FHD@60FPS) USA EVENTS ONLY	Netflix 02 (FHD@60fps) USA Events Only [NF]	dummy			0		
NF: NETFLIX 03 (FHD@60FPS) INTERNATIONAL EVENTS ONLY	Netflix 03 (FHD@60fps) International Events Only [NF]	dummy			0		
NFL | 04 -	NFL | 04	dummy			0		
NFLNetwork.us	NFL Network HD [US]	direct	provider_13	NFLNetwork.us	30	55854e2b58	Good Morning Football | NFL's Greatest Games | NFL Football
NHL | 01 -	NHL | 01	dummy			0		
NHL | 02 -	NHL | 02	dummy			0		
NHL | 06 -	NHL | 06	dummy			0		
NHL | 09 -	NHL | 09	dummy			0		
NHL | 10 -	NHL | 10	dummy			0		
NHL | 11 -	NHL | 11	dummy			0		
NHL | 13 -	NHL | 13	dummy			0		
NHL | 4K -	NHL | 4K	dummy			0		
NM: BEIN SP⚽RTS NEWS ᴿᴬᵂ	beIN Sports News RAW [NM]	norm-name	provider_1	beINSportsNews.qa@SD	166	2375e71f5f	World Cup 2026 Review Show | World Cup 2026 Preview Show | Al Jawla - Live Studio
NM: EVENTS 1 ᴿᴬᵂ	Events 1 RAW [NM]	dummy			0		
NM: SPORT 1 ᴿᴬᵂ	Sport 1 RAW [NM]	dummy			0		
NM: SPORT 2 ᴿᴬᵂ	Sport 2 RAW [NM]	dummy			0		
NM: SPORT 3 ᴿᴬᵂ	Sport 3 RAW [NM]	dummy			0		
NM: SPORT 4 ᴿᴬᵂ	Sport 4 RAW [NM]	dummy			0		
NM: SPORT 5 ᴿᴬᵂ	Sport 5 RAW [NM]	dummy			0		
NM: SPORT 6 ᴿᴬᵂ	Sport 6 RAW [NM]	dummy			0		
NM: SPORT 7 ᴿᴬᵂ	Sport 7 RAW [NM]	dummy			0		
NM: beIN MAX ⁴ᴷ ³⁸⁴⁰ᵖ (EVENT ONLY)	beIN MAX 4K 3840p (Event Only) [NM]	dummy			0		
NM: beIN SP⚽RTS 1 XTRA ᴴᴰ	beIN Sports 1 Xtra HD [NM]	bein-override	bein-epg	beINSportsXtra1.qa@MENA	96	567f14bb15	beIN SPORTS XTRA For Live And Exclusive Coverage of Premium Sporting Events  -  JUN
NM: beIN SP⚽RTS 1 XTRA ᴿᴬᵂ	beIN Sports 1 Xtra RAW [NM]	bein-override	bein-epg	beINSportsXtra1.qa@MENA	96	567f14bb15	beIN SPORTS XTRA For Live And Exclusive Coverage of Premium Sporting Events  -  JUN
NM: beIN SP⚽RTS 1 ʰᵉᵛᶜ	beIN Sports 1 HEVC [NM]	bein-override	bein-epg	beINSports1.qa@MENA	61	ae467e621a	Ligue 1  -  Film of the Season : Destiny | Paris Saint - Germain vs Arsenal | PSG Arrival To Paris After Won UCL 2026
NM: beIN SP⚽RTS 1 ᴴᴰ	beIN Sports 1 HD [NM]	bein-override	bein-epg	beINSports1.qa@MENA	61	ae467e621a	Ligue 1  -  Film of the Season : Destiny | Paris Saint - Germain vs Arsenal | PSG Arrival To Paris After Won UCL 2026
NM: beIN SP⚽RTS 1 ᴿᴬᵂ	beIN Sports 1 RAW [NM]	bein-override	bein-epg	beINSports1.qa@MENA	61	ae467e621a	Ligue 1  -  Film of the Season : Destiny | Paris Saint - Germain vs Arsenal | PSG Arrival To Paris After Won UCL 2026
NM: beIN SP⚽RTS 2 XTRA ᴴᴰ	beIN Sports 2 Xtra HD [NM]	bein-override	bein-epg	beINSportsXtra2.qa@MENA	96	567f14bb15	beIN SPORTS XTRA For Live And Exclusive Coverage of Premium Sporting Events  -  JUN
NM: beIN SP⚽RTS 2 XTRA ᴿᴬᵂ	beIN Sports 2 Xtra RAW [NM]	bein-override	bein-epg	beINSportsXtra2.qa@MENA	96	567f14bb15	beIN SPORTS XTRA For Live And Exclusive Coverage of Premium Sporting Events  -  JUN
NM: beIN SP⚽RTS 2 ʰᵉᵛᶜ	beIN Sports 2 HEVC [NM]	bein-override	bein-epg	beINSports2.qa@MENA	60	3acf758643	Brentford vs Manchester United  -  English Premier League 2025/2026 Week 6 | Manchester City vs Burnley  -  English Premier League 2025/2026 Week 6 | Crystal Palace vs Liverpool  -  English Premier League 2025/2026 Week 6
NM: beIN SP⚽RTS 2 ᴴᴰ	beIN Sports 2 HD [NM]	bein-override	bein-epg	beINSports2.qa@MENA	60	3acf758643	Brentford vs Manchester United  -  English Premier League 2025/2026 Week 6 | Manchester City vs Burnley  -  English Premier League 2025/2026 Week 6 | Crystal Palace vs Liverpool  -  English Premier League 2025/2026 Week 6
NM: beIN SP⚽RTS 2 ᴿᴬᵂ	beIN Sports 2 RAW [NM]	bein-override	bein-epg	beINSports2.qa@MENA	60	3acf758643	Brentford vs Manchester United  -  English Premier League 2025/2026 Week 6 | Manchester City vs Burnley  -  English Premier League 2025/2026 Week 6 | Crystal Palace vs Liverpool  -  English Premier League 2025/2026 Week 6
NM: beIN SP⚽RTS 3 XTRA ᴴᴰ	beIN Sports 3 Xtra HD [NM]	norm-name	provider_13	beINSportsXtra3.qa	48	f30a4a8977	beIN SPORTS XTRA For Live And Exclusive Coverage of Premium Sporting Events - JUN - 2026
NM: beIN SP⚽RTS 3 XTRA ᴿᴬᵂ	beIN Sports 3 Xtra RAW [NM]	norm-name	provider_13	beINSportsXtra3.qa	48	f30a4a8977	beIN SPORTS XTRA For Live And Exclusive Coverage of Premium Sporting Events - JUN - 2026
NM: beIN SP⚽RTS 3 ʰᵉᵛᶜ	beIN Sports 3 HEVC [NM]	bein-override	bein-epg	beINSports3.qa@MENA	51	2f76910d0a	Atlético de Madrid vs Rayo Vallecano  -  Spanish LaLiga 2025/26 | Blooming (BOL) vs River Plate (ARG)  -  Conmebol Sudamericana Group Stage | Barcelona (ECU) vs Argentinos Juniors (ARG)  -  Copa Libertadores 2026
NM: beIN SP⚽RTS 3 ᴴᴰ	beIN Sports 3 HD [NM]	bein-override	bein-epg	beINSports3.qa@MENA	51	2f76910d0a	Atlético de Madrid vs Rayo Vallecano  -  Spanish LaLiga 2025/26 | Blooming (BOL) vs River Plate (ARG)  -  Conmebol Sudamericana Group Stage | Barcelona (ECU) vs Argentinos Juniors (ARG)  -  Copa Libertadores 2026
NM: beIN SP⚽RTS 3 ᴿᴬᵂ	beIN Sports 3 RAW [NM]	bein-override	bein-epg	beINSports3.qa@MENA	51	2f76910d0a	Atlético de Madrid vs Rayo Vallecano  -  Spanish LaLiga 2025/26 | Blooming (BOL) vs River Plate (ARG)  -  Conmebol Sudamericana Group Stage | Barcelona (ECU) vs Argentinos Juniors (ARG)  -  Copa Libertadores 2026
NM: beIN SP⚽RTS 4 XTRA ᴴᴰ	beIN Sports 4 Xtra HD [NM]	dup-feed-scrub	provider_1	7A8040D9-7BAF-477E-B9F7-8BAB88F677E8	0		
NM: beIN SP⚽RTS 4 XTRA ᴿᴬᵂ	beIN Sports 4 Xtra RAW [NM]	dup-feed-scrub	provider_1	7A8040D9-7BAF-477E-B9F7-8BAB88F677E8	0		
NM: beIN SP⚽RTS 4 ʰᵉᵛᶜ	beIN Sports 4 HEVC [NM]	bein-override	bein-epg	beINSports4.qa@MENA	73	9f6e31d7d9	Strasbourg vs Brest  -  French Ligue 1 2025/2026 Week 14 | Lorient vs Nice  -  French Ligue 1 2025/2026 Week 14 | World Cup 2026 Amazing Facts  -  Group C (#3)
NM: beIN SP⚽RTS 4 ᴴᴰ	beIN Sports 4 HD [NM]	bein-override	bein-epg	beINSports4.qa@MENA	73	9f6e31d7d9	Strasbourg vs Brest  -  French Ligue 1 2025/2026 Week 14 | Lorient vs Nice  -  French Ligue 1 2025/2026 Week 14 | World Cup 2026 Amazing Facts  -  Group C (#3)
NM: beIN SP⚽RTS 4 ᴿᴬᵂ	beIN Sports 4 RAW [NM]	bein-override	bein-epg	beINSports4.qa@MENA	73	9f6e31d7d9	Strasbourg vs Brest  -  French Ligue 1 2025/2026 Week 14 | Lorient vs Nice  -  French Ligue 1 2025/2026 Week 14 | World Cup 2026 Amazing Facts  -  Group C (#3)
NM: beIN SP⚽RTS 5 XTRA ᴴᴰ	beIN Sports 5 Xtra HD [NM]	dup-feed-scrub	provider_1	51D28C47-7B79-4007-81A3-BFDF9BC65A3B	0		
NM: beIN SP⚽RTS 5 XTRA ᴿᴬᵂ	beIN Sports 5 Xtra RAW [NM]	dup-feed-scrub	provider_1	51D28C47-7B79-4007-81A3-BFDF9BC65A3B	0		
NM: beIN SP⚽RTS 5 ʰᵉᵛᶜ	beIN Sports 5 HEVC [NM]	bein-override	bein-epg	beINSports5.qa@MENA	64	30a8fc3454	Gamba Osaka (JPN) vs Eastern FC (HKG)  -  AFC Champions League Two 2025/2026 | Nam Dinh FC (VIE) vs Ratchaburi FC (THA)  -  AFC Champions League Two 2025/2026 | Al Muharraq SC (BHR) vs Al Wehdat (JOR)  -  AFC Champions League Two 2025/2026
NM: beIN SP⚽RTS 5 ᴴᴰ	beIN Sports 5 HD [NM]	bein-override	bein-epg	beINSports5.qa@MENA	64	30a8fc3454	Gamba Osaka (JPN) vs Eastern FC (HKG)  -  AFC Champions League Two 2025/2026 | Nam Dinh FC (VIE) vs Ratchaburi FC (THA)  -  AFC Champions League Two 2025/2026 | Al Muharraq SC (BHR) vs Al Wehdat (JOR)  -  AFC Champions League Two 2025/2026
NM: beIN SP⚽RTS 5 ᴿᴬᵂ	beIN Sports 5 RAW [NM]	bein-override	bein-epg	beINSports5.qa@MENA	64	30a8fc3454	Gamba Osaka (JPN) vs Eastern FC (HKG)  -  AFC Champions League Two 2025/2026 | Nam Dinh FC (VIE) vs Ratchaburi FC (THA)  -  AFC Champions League Two 2025/2026 | Al Muharraq SC (BHR) vs Al Wehdat (JOR)  -  AFC Champions League Two 2025/2026
NM: beIN SP⚽RTS 6 XTRA ᴴᴰ	beIN Sports 6 Xtra HD [NM]	dup-feed-scrub	provider_1	9ABD32F9-C6D9-4DD5-B936-2C7E6546292E	0		
NM: beIN SP⚽RTS 6 XTRA ᴿᴬᵂ	beIN Sports 6 Xtra RAW [NM]	dup-feed-scrub	provider_1	9ABD32F9-C6D9-4DD5-B936-2C7E6546292E	0		
NM: beIN SP⚽RTS 6 ʰᵉᵛᶜ	beIN Sports 6 HEVC [NM]	norm-name	provider_1	beINSports6.qa@MENA	62	efeb0041ed	Al Hilal SC (SUD) vs Mamelodi Sundowns FC (RSA) - CAF Champions League 2025/26 MD4 | Young Africans (TAN) vs Al Ahly FC (EGY) - CAF Champions League 2025/26 MD4 | Atlético Petroleos (ANG) vs Stade Malien (MLI) - CAF Champions League 2025/26 MD4
NM: beIN SP⚽RTS 6 ᴴᴰ	beIN Sports 6 HD [NM]	norm-name	provider_1	beINSports6.qa@MENA	62	efeb0041ed	Al Hilal SC (SUD) vs Mamelodi Sundowns FC (RSA) - CAF Champions League 2025/26 MD4 | Young Africans (TAN) vs Al Ahly FC (EGY) - CAF Champions League 2025/26 MD4 | Atlético Petroleos (ANG) vs Stade Malien (MLI) - CAF Champions League 2025/26 MD4
NM: beIN SP⚽RTS 6 ᴿᴬᵂ	beIN Sports 6 RAW [NM]	norm-name	provider_1	beINSports6.qa@MENA	62	efeb0041ed	Al Hilal SC (SUD) vs Mamelodi Sundowns FC (RSA) - CAF Champions League 2025/26 MD4 | Young Africans (TAN) vs Al Ahly FC (EGY) - CAF Champions League 2025/26 MD4 | Atlético Petroleos (ANG) vs Stade Malien (MLI) - CAF Champions League 2025/26 MD4
NM: beIN SP⚽RTS 7 XTRA ᴴᴰ	beIN Sports 7 Xtra HD [NM]	dup-feed-scrub	provider_1	1752F091-A114-4629-BED4-46E0BB488A24	0		
NM: beIN SP⚽RTS 7 XTRA ᴿᴬᵂ	beIN Sports 7 Xtra RAW [NM]	dup-feed-scrub	provider_1	1752F091-A114-4629-BED4-46E0BB488A24	0		
NM: beIN SP⚽RTS 7 ʰᵉᵛᶜ	beIN Sports 7 HEVC [NM]	bein-override	bein-epg	beINSports7.qa@MENA	55	7032fbc95a	Alex De Minaur (AUS) vs Denis Shapovalov (CAN)  -  ATP 500 HSBC Championships 2026 | Adrian Mannarino (FRA) vs Arthur Fery (GBR)  -  ATP 500 HSBC Championships 2026 | Jenson Brooksby (USA) vs Francisco Cerundolo (ARG)  -  ATP 500 HSBC Championships 2026
NM: beIN SP⚽RTS 7 ᴴᴰ	beIN Sports 7 HD [NM]	bein-override	bein-epg	beINSports7.qa@MENA	55	7032fbc95a	Alex De Minaur (AUS) vs Denis Shapovalov (CAN)  -  ATP 500 HSBC Championships 2026 | Adrian Mannarino (FRA) vs Arthur Fery (GBR)  -  ATP 500 HSBC Championships 2026 | Jenson Brooksby (USA) vs Francisco Cerundolo (ARG)  -  ATP 500 HSBC Championships 2026
NM: beIN SP⚽RTS 7 ᴿᴬᵂ	beIN Sports 7 RAW [NM]	bein-override	bein-epg	beINSports7.qa@MENA	55	7032fbc95a	Alex De Minaur (AUS) vs Denis Shapovalov (CAN)  -  ATP 500 HSBC Championships 2026 | Adrian Mannarino (FRA) vs Arthur Fery (GBR)  -  ATP 500 HSBC Championships 2026 | Jenson Brooksby (USA) vs Francisco Cerundolo (ARG)  -  ATP 500 HSBC Championships 2026
NM: beIN SP⚽RTS 8 XTRA ᴴᴰ	beIN Sports 8 Xtra HD [NM]	dup-feed-scrub	provider_1	CD634732-20D1-4137-94E7-939DE93D056D	0		
NM: beIN SP⚽RTS 8 XTRA ᴿᴬᵂ	beIN Sports 8 Xtra RAW [NM]	dup-feed-scrub	provider_1	CD634732-20D1-4137-94E7-939DE93D056D	0		
NM: beIN SP⚽RTS 8 ʰᵉᵛᶜ	beIN Sports 8 HEVC [NM]	norm-name	provider_1	beINSports8.qa@MENA	69	9d1dc91cde	Race - Session 7 - 2026 FIA World Endurance Championship - 24H Le Mans Round | Race - Session 8 - 2026 FIA World Endurance Championship - 24H Le Mans Round | Main Race - F1 Barcelona - Catalunya Grand Prix - 2026
NM: beIN SP⚽RTS 8 ᴴᴰ	beIN Sports 8 HD [NM]	norm-name	provider_1	beINSports8.qa@MENA	69	9d1dc91cde	Race - Session 7 - 2026 FIA World Endurance Championship - 24H Le Mans Round | Race - Session 8 - 2026 FIA World Endurance Championship - 24H Le Mans Round | Main Race - F1 Barcelona - Catalunya Grand Prix - 2026
NM: beIN SP⚽RTS 8 ᴿᴬᵂ	beIN Sports 8 RAW [NM]	norm-name	provider_1	beINSports8.qa@MENA	69	9d1dc91cde	Race - Session 7 - 2026 FIA World Endurance Championship - 24H Le Mans Round | Race - Session 8 - 2026 FIA World Endurance Championship - 24H Le Mans Round | Main Race - F1 Barcelona - Catalunya Grand Prix - 2026
NM: beIN SP⚽RTS 9 XTRA ᴴᴰ	beIN Sports 9 Xtra HD [NM]	dup-feed-scrub	provider_1	522050CE-EBD3-43EA-B636-42B034FDC05C	0		
NM: beIN SP⚽RTS 9 XTRA ᴿᴬᵂ	beIN Sports 9 Xtra RAW [NM]	dup-feed-scrub	provider_1	522050CE-EBD3-43EA-B636-42B034FDC05C	0		
NM: beIN SP⚽RTS 9 ʰᵉᵛᶜ	beIN Sports 9 HEVC [NM]	norm-name	provider_1	5C08D9D3-C713-4F1F-947E-87C761428B9B	66	7525048932	Longines Global Champions Tour - St Tropez Jumping - Against The Clock With Jump Off | Longines Global Champions Tour - St Tropez Jumping - Grand Prix | Longines Global Champions Tour - Cannes Jumping - Round 1 Competition Team
NM: beIN SP⚽RTS 9 ᴴᴰ	beIN Sports 9 HD [NM]	norm-name	provider_1	5C08D9D3-C713-4F1F-947E-87C761428B9B	66	7525048932	Longines Global Champions Tour - St Tropez Jumping - Against The Clock With Jump Off | Longines Global Champions Tour - St Tropez Jumping - Grand Prix | Longines Global Champions Tour - Cannes Jumping - Round 1 Competition Team
NM: beIN SP⚽RTS 9 ᴿᴬᵂ	beIN Sports 9 RAW [NM]	norm-name	provider_1	5C08D9D3-C713-4F1F-947E-87C761428B9B	66	7525048932	Longines Global Champions Tour - St Tropez Jumping - Against The Clock With Jump Off | Longines Global Champions Tour - St Tropez Jumping - Grand Prix | Longines Global Champions Tour - Cannes Jumping - Round 1 Competition Team
NM: beIN SP⚽RTS MAX 1 AR ʰᵉᵛᶜ	beIN Sports MAX 1 Arabic HEVC [NM]	bein-override	bein-epg	beINSportsMax1.qa@MENA	80	9d0a792eb6	🔴 LIVE: Countdown | 🔴 LIVE: Ghana vs Panama  -  FIFA World Cup 2026 | England vs Croatia  -  FIFA World Cup 2026
NM: beIN SP⚽RTS MAX 1 AR ᴴᴰ	beIN Sports MAX 1 Arabic HD [NM]	bein-override	bein-epg	beINSportsMax1.qa@MENA	80	9d0a792eb6	🔴 LIVE: Countdown | 🔴 LIVE: Ghana vs Panama  -  FIFA World Cup 2026 | England vs Croatia  -  FIFA World Cup 2026
NM: beIN SP⚽RTS MAX 1 AR ᴿᴬᵂ	beIN Sports MAX 1 Arabic RAW [NM]	bein-override	bein-epg	beINSportsMax1.qa@MENA	80	9d0a792eb6	🔴 LIVE: Countdown | 🔴 LIVE: Ghana vs Panama  -  FIFA World Cup 2026 | England vs Croatia  -  FIFA World Cup 2026
NM: beIN SP⚽RTS MAX 2 AR ʰᵉᵛᶜ	beIN Sports MAX 2 Arabic HEVC [NM]	bein-override	bein-epg	beINSportsMax2.qa@MENA	72	6c5ce251d4	🔴 LIVE: England vs Croatia  -  FIFA World Cup 2026 | Austria vs Jordan  -  FIFA World Cup 2026 | Portugal vs DR Congo  -  FIFA World Cup 2026
NM: beIN SP⚽RTS MAX 2 AR ᴴᴰ	beIN Sports MAX 2 Arabic HD [NM]	bein-override	bein-epg	beINSportsMax2.qa@MENA	72	6c5ce251d4	🔴 LIVE: England vs Croatia  -  FIFA World Cup 2026 | Austria vs Jordan  -  FIFA World Cup 2026 | Portugal vs DR Congo  -  FIFA World Cup 2026
NM: beIN SP⚽RTS MAX 2 AR ᴿᴬᵂ	beIN Sports MAX 2 Arabic RAW [NM]	bein-override	bein-epg	beINSportsMax2.qa@MENA	72	6c5ce251d4	🔴 LIVE: England vs Croatia  -  FIFA World Cup 2026 | Austria vs Jordan  -  FIFA World Cup 2026 | Portugal vs DR Congo  -  FIFA World Cup 2026
NM: beIN SP⚽RTS MAX 3 AR ʰᵉᵛᶜ	beIN Sports MAX 3 Arabic HEVC [NM]	bein-override	bein-epg	beINSportsMax3.qa@MENA	45	de11716588	🔴 LIVE: Ghana vs Panama  -  FIFA World Cup 2026 | MD Plus | France vs Senegal  -  FIFA World Cup 2026
NM: beIN SP⚽RTS MAX 3 AR ᴴᴰ	beIN Sports MAX 3 Arabic HD [NM]	bein-override	bein-epg	beINSportsMax3.qa@MENA	45	de11716588	🔴 LIVE: Ghana vs Panama  -  FIFA World Cup 2026 | MD Plus | France vs Senegal  -  FIFA World Cup 2026
NM: beIN SP⚽RTS MAX 3 AR ᴿᴬᵂ	beIN Sports MAX 3 Arabic RAW [NM]	bein-override	bein-epg	beINSportsMax3.qa@MENA	45	de11716588	🔴 LIVE: Ghana vs Panama  -  FIFA World Cup 2026 | MD Plus | France vs Senegal  -  FIFA World Cup 2026
NM: beIN SP⚽RTS MAX 4 AR ʰᵉᵛᶜ	beIN Sports MAX 4 Arabic HEVC [NM]	bein-override	bein-epg	beINSportsMax4.qa@MENA	50	759919163b	🔴 LIVE: England vs Croatia  -  FIFA World Cup 2026 | 🔴 LIVE: Live Host City View | 🔴 LIVE: Uzbekistan vs Colombia  -  FIFA World Cup 2026
NM: beIN SP⚽RTS MAX 4 AR ᴴᴰ	beIN Sports MAX 4 Arabic HD [NM]	bein-override	bein-epg	beINSportsMax4.qa@MENA	50	759919163b	🔴 LIVE: England vs Croatia  -  FIFA World Cup 2026 | 🔴 LIVE: Live Host City View | 🔴 LIVE: Uzbekistan vs Colombia  -  FIFA World Cup 2026
NM: beIN SP⚽RTS MAX 4 AR ᴿᴬᵂ	beIN Sports MAX 4 Arabic RAW [NM]	bein-override	bein-epg	beINSportsMax4.qa@MENA	50	759919163b	🔴 LIVE: England vs Croatia  -  FIFA World Cup 2026 | 🔴 LIVE: Live Host City View | 🔴 LIVE: Uzbekistan vs Colombia  -  FIFA World Cup 2026
NM: beIN SP⚽RTS MAX 5 EN ʰᵉᵛᶜ	beIN Sports MAX 5 English HEVC [NM]	bein-override	bein-epg	beINSportsMax5.qa@MENA	46	1b5d78197a	🔴 LIVE: England vs Croatia  -  FIFA World Cup 2026 | 🔴 LIVE: Ghana vs Panama  -  FIFA World Cup 2026 | 🔴 LIVE: Uzbekistan vs Colombia  -  FIFA World Cup 2026
NM: beIN SP⚽RTS MAX 5 EN ᴴᴰ	beIN Sports MAX 5 English HD [NM]	bein-override	bein-epg	beINSportsMax5.qa@MENA	46	1b5d78197a	🔴 LIVE: England vs Croatia  -  FIFA World Cup 2026 | 🔴 LIVE: Ghana vs Panama  -  FIFA World Cup 2026 | 🔴 LIVE: Uzbekistan vs Colombia  -  FIFA World Cup 2026
NM: beIN SP⚽RTS MAX 5 EN ᴿᴬᵂ	beIN Sports MAX 5 English RAW [NM]	bein-override	bein-epg	beINSportsMax5.qa@MENA	46	1b5d78197a	🔴 LIVE: England vs Croatia  -  FIFA World Cup 2026 | 🔴 LIVE: Ghana vs Panama  -  FIFA World Cup 2026 | 🔴 LIVE: Uzbekistan vs Colombia  -  FIFA World Cup 2026
NM: beIN SP⚽RTS NBA ʰᵉᵛᶜ	beIN Sports NBA HEVC [NM]	norm-name	provider_1	beINSportsNBA.qa@SD	0		
NM: beIN SP⚽RTS NBA ᴴᴰ	beIN Sports NBA HD [NM]	norm-name	provider_1	beINSportsNBA.qa@SD	0		
NM: beIN SP⚽RTS NEWS ᴴᴰ	beIN Sports News HD [NM]	norm-name	provider_1	beINSportsNews.qa@SD	166	2375e71f5f	World Cup 2026 Review Show | World Cup 2026 Preview Show | Al Jawla - Live Studio
NM: beIN SP⚽RTS News ʰᵉᵛᶜ	beIN Sports News HEVC [NM]	norm-name	provider_1	beINSportsNews.qa@SD	166	2375e71f5f	World Cup 2026 Review Show | World Cup 2026 Preview Show | Al Jawla - Live Studio
NM: beIN SP⚽RTS ʰᵉᵛᶜ	beIN Sports HEVC [NM]	bein-override	bein-epg	beINSports.qa@MENA	57	6a1b2da642	Al Duhail vs Al Wakrah  -  Qatar Stars League 2025/26 | Nimes vs Saint - Raphael | Paris vs Aix  -  LNH Division 1
NM: beIN SP⚽RTS ᴴᴰ	beIN Sports HD [NM]	bein-override	bein-epg	beINSports.qa@MENA	57	6a1b2da642	Al Duhail vs Al Wakrah  -  Qatar Stars League 2025/26 | Nimes vs Saint - Raphael | Paris vs Aix  -  LNH Division 1
NM: beIN SP⚽RTS ᴿᴬᵂ	beIN Sports RAW [NM]	bein-override	bein-epg	beINSports.qa@MENA	57	6a1b2da642	Al Duhail vs Al Wakrah  -  Qatar Stars League 2025/26 | Nimes vs Saint - Raphael | Paris vs Aix  -  LNH Division 1
NM: beIN ⁴ᴷ ³⁸⁴⁰ᵖ (EVENT ONLY)	beIN 4K 3840p (Event Only) [NM]	dummy			0		
NOW: SKY ADVENTURE ᴴᴰ	Sky Adventure HD [NOW]	dup-feed-scrub	UK1	Sky.Adventure.uk	0		
NOW: SKY ADVENTURE ᴿᴬᵂ	Sky Adventure RAW [NOW]	dup-feed-scrub	UK1	Sky.Adventure.uk	0		
NOW: SKY BOURNE ᴴᴰ	Sky Bourne HD [NOW]	dummy			0		
NOW: SKY BOURNE ᴿᴬᵂ	Sky Bourne RAW [NOW]	dummy			0		
NOW: SKY CINEMA PREMIERE ᴴᴰ	Sky Cinema Premiere HD [NOW]	norm-name	provider_5	SkyCinemaPremiere.uk@SD	0		
NOW: SKY CINEMA PREMIERE ᴿᴬᵂ	Sky Cinema Premiere RAW [NOW]	norm-name	provider_5	SkyCinemaPremiere.uk@SD	0		
NOW: SKY NEWS LIVE ᴴᴰ	Sky News Live HD [NOW]	rescue-token	provider_13	skynewsnewzealand.nz	60	03b9524fee	The Rita Panahi Show | NewsNight | Sky News UK LIVE
NOW: SKY NEWS LIVE ᴿᴬᵂ	Sky News Live RAW [NOW]	rescue-token	provider_13	skynewsnewzealand.nz	60	03b9524fee	The Rita Panahi Show | NewsNight | Sky News UK LIVE
NatGeo.uk	National Geographic 4K [UK]	direct	provider_13	NatGeo.uk	58	14b771c7a3	Liberation | Pirates | Drain The Oceans
NatGeo.us	National Geographic HD [US]	direct	provider_13	NatGeo.us	66	63c2622ad1	Overwhelmed with IRS Debt? Keys to Resolving Tax Debt | Border Security: Australia's Front Line | Border Security: America's Front Line
NatGeoWild.uk	National Geographic Wild 4K [UK]	direct	provider_13	NatGeoWild.uk	52	06adc87f12	Wild Mississippi | Fish Tank Kings | Savage Kingdom
NatGeoWild.us	National Geographic Wild HD [US]	direct	provider_13	NatGeoWild.us	54	e3af46e1bd	Malawi Wildlife Rescue | Critter Fixers: Country Vets | The Incredible Dr. Pol
NationalGeographicAbuDhabi.ae	Abu Dhabi Natioanl Geo 4K [AR]	dummy			0		
NewEnglandCableNews.us	Necn HD [US]	direct	provider_13	NewEnglandCableNews.us	63	ab083f92b0	NECN News 9 am | First Look | Open House
NewEnglandSportsNetwork.us	Nesn UHD 3840p [US]	dummy			0		
NewEnglandSportsNetworkPlus.us	Nesn Plus HD [US]	rescue-token	provider_3	5900f38f-1973-4a53-9168-980fa39474ab	105	ff13ebdd03	VSiN by the Books | MLB Baseball | Red Sox: On This Day
NewVision.uk	New Vision / Ary World [UK]	direct	provider_13	NewVision.uk	98	c8e927ecfc	Sports Room | Headline News | News
News12Bronx.us	News 12 The Bronx 4K [US]	direct	provider_13	News12Bronx.us	96	5582dcb95d	News 12 The Bronx | be Well | News 12 the Bronx
News12Brooklyn.us	News 12 Brooklyn [US]	direct	provider_13	News12Brooklyn.us	96	15f9bbdbe1	News 12 Brooklyn | be Well | Made In
News12CT.us	News 12 Connecticut [US]	direct	provider_13	News12CT.us	96	b9501ef8d1	News 12 Connecticut | be Well | Made In
Newsmax.us	Newsmax HD [US]	direct	provider_13	Newsmax.us	40	b12412a675	Live: National Report | Live: Bianca Across The Nation | Live: American Agenda
Next | AS Douanes vs. AS FAN | Niger Super Ligue 1 - Niger | 2026-06-18 | 15:45 (GMT) |~0d473e96	Next | As Douanes Vs. As Fan | Niger Super Ligue 1 - Niger | 2026-06-18 | 15:45 (Gmt) | 8K Exclusive | Us: DAZN PPV 7	dummy			0		
Next | Bhantal FC vs. SLIFA FC | Premier League - Sierra Leone | 2026-06-18 | 16:30 (GM~f6f6b410	Next | Bhantal Fc Vs. Slifa Fc | Premier League - Sierra Leone | 2026-06-18 | 16:30 (Gmt) | 8K Exclusive | Us: DAZN PPV 8	dummy			0		
Next | Collazo vs. Canoy: Press Conference | Golden Boy Promotions | 2026-06-18 | 20:00~8fc725a2	Next | Collazo Vs. Canoy: Press Conference | Golden Boy Promotions | 2026-06-18 | 20:00 (Gmt) | 8K Exclusive | Us: DAZN PPV 13	dummy			0		
Next | Day 2: FCE5 Fight Sagres Campo | FCE5 FIGHT Sagres Campo Pequeno | 2026-06-18 |~621878a0	Next | Day 2: FCE5 Fight Sagres Campo | FCE5 Fight Sagres Campo Pequeno | 2026-06-18 | 19:00 (Gmt) | 8K Exclusive | Us: DAZN PPV 12	dummy			0		
Next | Final - Game 1: Valencia vs. Barcelona | Liga Endesa | 2026-06-18 | 18:00 (GMT)~5d281a46	Next | Final - Game 1: Valencia Vs. Barcelona | Liga Endesa | 2026-06-18 | 18:00 (Gmt) | 8K Exclusive | Us: DAZN PPV 11	dummy			0		
Next | Garner vs. Magnesi: Press Conference | Queensberry Promotions | 2026-06-18 | 12:~7523fbf7	Next | Garner Vs. Magnesi: Press Conference | Queensberry Promotions | 2026-06-18 | 12:00 (Gmt) | 8K Exclusive | Us: DAZN PPV 3	dummy			0		
Next | Harlem United SC vs. We United FC | DFA Premier League - Dominica | 2026-06-18 |~473d6f82	Next | Harlem United Sc Vs. We United Fc | Dfa Premier League - Dominica | 2026-06-18 | 23:00 (Gmt) | 8K Exclusive | Us: DAZN PPV 14	dummy			0		
Next | Reserve Cup - Day 1 | Reserve Cup | 2026-06-18 | 15:30 (GMT) | 8K EXCLUSIVE | US~e106dd5e	Next | Reserve Cup - Day 1 | Reserve Cup | 2026-06-18 | 15:30 (Gmt) | 8K Exclusive | Us: DAZN PPV 6	dummy			0		
OSN: ALYAWM ᴿᴬᵂ	Alyawm RAW [OSN]	dummy			0		
OSN: ANIMAL PLANET ᴿᴬᵂ	Animal Planet RAW [OSN]	norm-name	provider_3	7a69165d-3a82-4674-9103-b2b30962e10e	117	00ef3b9fc4	I Was Prey | Swamp Wars | River Monsters
OSN: ART AFLAM 1 ᴿᴬᵂ	ART Aflam 1 RAW [OSN]	dummy			0		
OSN: ART AFLAM 2 ᴿᴬᵂ	ART Aflam 2 RAW [OSN]	dummy			0		
OSN: ART CINEMA ᴿᴬᵂ	ART Cinema RAW [OSN]	dummy			0		
OSN: ART HEKAYAT 1 ᴿᴬᵂ	ART Hekayat 1 RAW [OSN]	dummy			0		
OSN: ART HEKAYAT 2 ᴿᴬᵂ	ART Hekayat 2 RAW [OSN]	dummy			0		
OSN: ART MOIVES ᴿᴬᵂ	ART Moives RAW [OSN]	dummy			0		
OSN: ART ᴿᴬᵂ	ART RAW [OSN]	dummy			0		
OSN: BLIPPI AND FRIENDS ᴿᴬᵂ	Blippi And Friends RAW [OSN]	norm-name	provider_8	206	272	54c88ebb74	ARPO | Antiks | Oddbods: Short
OSN: BLOOMBERG ᴿᴬᵂ	Bloomberg RAW [OSN]	norm-name	provider_5	92/bloomberg	0		
OSN: C1 ᴿᴬᵂ	C1 RAW [OSN]	dummy			0		
OSN: CARTOON NETWORK ᴿᴬᵂ	Cartoon Network RAW [OSN]	norm-name	provider_3	544994e6-90f7-4d23-a475-7261ef9e0f03	318	bc71a09605	Teen Titans Go! | Tom and Jerry Tales | The Looney Tunes Show
OSN: CINEMA 1 ᴿᴬᵂ	Cinema 1 RAW [OSN]	dummy			0		
OSN: CINEMA 2 ᴿᴬᵂ	Cinema 2 RAW [OSN]	dummy			0		
OSN: COMDEY ᴿᴬᵂ	Comdey RAW [OSN]	dummy			0		
OSN: CRIME ᴿᴬᵂ	Crime RAW [OSN]	norm-name	provider_7	au#3234/crime	0		
OSN: DISCOVERY IDX ᴿᴬᵂ	Discovery Idx RAW [OSN]	rescue-token	provider_5	InvestigationDiscovery.uk@SD	118	747c47b121	Dog Detectives | Evil Online | People Magazine Investigates
OSN: DISCOVERY ᴿᴬᵂ	Discovery RAW [OSN]	norm-name	provider_3	4d2c2d58-cb18-44fe-8f9b-96637b1aac60	118	dfa6fb2540	Contraband: Seized at the Border | 120 Hours Behind Bars | In the Eye of the Storm
OSN: DOCUMENTARY ᴿᴬᵂ	Documentary RAW [OSN]	norm-name	provider_3	d2d0ba03-cbf0-40ec-a604-010a95390a9e	106	f384a5d7d3	Alter Egos | Bear Guardians | Breakaway
OSN: ECLUTCH LIVE 1 ᴿᴬᵂ	Eclutch Live 1 RAW [OSN]	dummy			0		
OSN: ECLUTCH LIVE 2 ᴿᴬᵂ	Eclutch Live 2 RAW [OSN]	norm-name	provider_8	6612	16	2ea112723b	Rainbow 6 Siege Global Championship - 1 | PUBG - Masters 3 - 1 | Rainbow Six Siege Regional Finals - 1
OSN: ECLUTCH LIVE ACC ᴿᴬᵂ	Eclutch Live Acc RAW [OSN]	dummy			0		
OSN: ESPORT 24 ᴿᴬᵂ	Esport 24 RAW [OSN]	norm-name	provider_8	6609	20	9bcd67e754	BLAST Premier | Esports World Cup | Typical Gamer
OSN: FAN ᴿᴬᵂ	Fan RAW [OSN]	dummy			0		
OSN: FASHIONTV ᴿᴬᵂ	Fashiontv RAW [OSN]	dummy			0		
OSN: FATAFEAT ᴿᴬᵂ	Fatafeat RAW [OSN]	norm-name	provider_8	Fatafeat.ae@SD	144	eb05b0fb61	Teslam El Ayadi | Street Food (Aka Akl Shaware) | May's Kitchen
OSN: FOX NEWS ᴿᴬᵂ	FOX News RAW [OSN]	norm-name	provider_7	au#3186/fox-news	0		
OSN: GAME TOON ᴿᴬᵂ	Game Toon RAW [OSN]	dummy			0		
OSN: GINX ESPORTS ᴿᴬᵂ	Ginx Esports RAW [OSN]	dummy			0		
OSN: HISTORY 2 ᴿᴬᵂ	History 2 RAW [OSN]	dummy			0		
OSN: HISTORY ᴿᴬᵂ	History RAW [OSN]	norm-name	provider_3	8dc85473-5c44-444f-8ee3-f3ad6da10329	114	b844022c98	Ancient Aliens | Secrets Declassified With David Duchovny | Historic USA Gold
OSN: KIDS ᴿᴬᵂ	Kids RAW [OSN]	dummy			0		
OSN: MCM TOP ᴿᴬᵂ	Mcm Top RAW [OSN]	dummy			0		
OSN: MEZZE ᴿᴬᵂ	Mezze RAW [OSN]	dummy			0		
OSN: MOONBUG KIDS ᴿᴬᵂ	Moonbug Kids RAW [OSN]	norm-name	provider_8	MoonbugKids.uk@SD	226	41b3193563	Morphle | Little Baby Bum: Lullabies | CeCe Time
OSN: MOTORVISION+ ᴿᴬᵂ	Motorvision+ RAW [OSN]	dummy			0		
OSN: MOVIES ACTION ᴿᴬᵂ	Movies Action RAW [OSN]	norm-name	provider_10	MoviesAction.sa@SD	24	8efd3c7fda	Avengement | John Wick: Chapter 2 | 16 Blocks
OSN: MOVIES FAMILY ᴿᴬᵂ	Movies Family RAW [OSN]	dummy			0		
OSN: MOVIES HOLLOWAY ᴿᴬᵂ	Movies Holloway RAW [OSN]	dummy			0		
OSN: MOVIES HORROR ᴿᴬᵂ	Movies Horror RAW [OSN]	dummy			0		
OSN: MOVIES PREMIERE ᴿᴬᵂ	Movies Premiere RAW [OSN]	dummy			0		
OSN: MTV 00S ᴿᴬᵂ	Mtv 00S RAW [OSN]	dummy			0		
OSN: MUSALSALAT 1 ᴿᴬᵂ	Musalsalat 1 RAW [OSN]	dummy			0		
OSN: MUSALSALAT 2 ᴿᴬᵂ	Musalsalat 2 RAW [OSN]	dummy			0		
OSN: NICK JR. ᴿᴬᵂ	Nick Jr. RAW [OSN]	norm-name	provider_3	0ae8d67d-2284-4e26-a2f9-4ba1b2819ff9	239	f3372798f2	Bubble Guppies | Gabby's Dollhouse | Peppa Pig
OSN: NICKELODEON ᴿᴬᵂ	Nickelodeon RAW [OSN]	norm-name	provider_5	Nickelodeon.uk@SD	0		
OSN: NICKTOONS ᴿᴬᵂ	Nicktoons RAW [OSN]	dup-feed-scrub	provider_3	41a3b6f2-8fbd-416d-9c61-b150d4006711	0		
OSN: NOW LOCAL 2 ᴿᴬᵂ	Now Local 2 RAW [OSN]	dummy			0		
OSN: NOW ᴿᴬᵂ	Now RAW [OSN]	dummy			0		
OSN: ONE ᴿᴬᵂ	One RAW [OSN]	dummy			0		
OSN: RFM TV ᴿᴬᵂ	Rfm TV RAW [OSN]	dummy-forced			0		
OSN: SAFWAH ᴿᴬᵂ	Safwah RAW [OSN]	dummy			0		
OSN: SHOWCASE CLASSICS ᴿᴬᵂ	Showcase Classics RAW [OSN]	dummy			0		
OSN: SHOWCASE ᴿᴬᵂ	Showcase RAW [OSN]	norm-name	provider_7	au#3212/showcase-hd	0		
OSN: TFC ᴿᴬᵂ	Tfc RAW [OSN]	dummy			0		
OSN: TLC ᴿᴬᵂ	TLC RAW [OSN]	dummy			0		
OSN: YAHALA AFLAM ᴿᴬᵂ	Yahala Aflam RAW [OSN]	dummy			0		
OSN: YAHALA ARAB 2 ᴿᴬᵂ	Yahala Arab 2 RAW [OSN]	dummy			0		
OSN: YAHALA BIL ARABI ᴿᴬᵂ	Yahala Bil Arabi RAW [OSN]	dummy			0		
OSN: YAHALA ᴿᴬᵂ	Yahala RAW [OSN]	dummy			0		
OmanSport.sa	Oman Sport TV 4K [SPO]	dummy			0		
OutdoorChannel.us	Outdoor Channel HD [US]	direct	provider_13	OutdoorChannel.us	96	3beacf90e4	Fishing University | Hunt Masters | Bone Collector
OutsideTV.us	Outside TV HD [US]	direct	provider_13	OutsideTV.us	68	f9eefbdc34	Newfoundland: Wild Food and Hunt | Home Safe | 3 in 1 Day
Ovation.us	Ovation HD [US]	direct	provider_13	Ovation.us	46	a5b83494e4	Doc Martin | Midsomer Murders | Hudson & Rex
Oxygen.us	Oxygen HD [US]	direct	provider_13	Oxygen.us	35	6eb3c50fec	The Killer Among Us | A Plan to Kill | Dateline: Secrets Uncovered
PBSAmerica.uk	Pbs America [UK]	direct	provider_13	PBSAmerica.uk	40	1523a98ebc	Besieged Fortresses... | Cleopatra | Titans of the Cold War
PGA TOUR: RBC Canadian Open Featured Hole #11 Final Round @ Jun 14 1:00 PM :Golf 08	Pga Tour: Rbc Canadian Open Featured Hole #11 Final Round @ Jun 14 1:00 Pm :Golf 08	dummy			0		
PGA TOUR: RBC Canadian Open Featured Hole #14 Final Round @ Jun 14 1:00 PM :Golf 05	Pga Tour: Rbc Canadian Open Featured Hole #14 Final Round @ Jun 14 1:00 Pm :Golf 05	dummy			0		
PGA TOUR: RBC Canadian Open Featured Holes #4 #7 #11 & #14 Final Round @ Jun 14 10:45 A~d8eeef03	Pga Tour: Rbc Canadian Open Featured Holes #4 #7 #11 & #14 Final Round @ Jun 14 10:45 Am :Golf 03	dummy			0		
PGA TOUR: RBC Canadian Open Hovland Featured Group 1 Final Round @ Jun 14 1:00 PM :Golf 07	Pga Tour: Rbc Canadian Open Hovland Featured Group 1 Final Round @ Jun 14 1:00 Pm :Golf 07	dummy			0		
PGA TOUR: RBC Canadian Open Koepka & Hovland Featured Groups Final Round @ Jun 14 10:30~a117327e	Pga Tour: Rbc Canadian Open Koepka & Hovland Featured Groups Final Round @ Jun 14 10:30 Am :Golf 02	dummy			0		
PGA TOUR: RBC Canadian Open Lowry Featured Group 2 Final Round @ Jun 14 1:00 PM :Golf 06	Pga Tour: Rbc Canadian Open Lowry Featured Group 2 Final Round @ Jun 14 1:00 Pm :Golf 06	dummy			0		
PGA TOUR: RBC Canadian Open Lowry Marquee Group Final Round @ Jun 14 11:45 AM :Golf 04	Pga Tour: Rbc Canadian Open Lowry Marquee Group Final Round @ Jun 14 11:45 Am :Golf 04	dummy			0		
PGA TOUR: RBC Canadian Open Main Feed Final Round @ Jun 14 10:30 AM :Golf 01	Pga Tour: Rbc Canadian Open Main Feed Final Round @ Jun 14 10:30 Am :Golf 01	dummy			0		
PPV EVENT 06: Husets Speedway (6.18 6:45 PM ET)	PPV Event 06: Husets Speedway (6.18 6:45 Pm Et)	dummy			0		
PPV EVENT 07: Dubuque Fairgrounds Speedway (6.18 7:15 PM ET)	PPV Event 07: Dubuque Fairgrounds Speedway (6.18 7:15 Pm Et)	dummy			0		
PPV EVENT 08	PPV Event 08	dummy			0		
PPV EVENT 09	PPV Event 09	dummy			0		
PPV EVENT 10	PPV Event 10	dummy			0		
PPV EVENT 11	PPV Event 11	dummy			0		
PPV EVENT 12	PPV Event 12	dummy			0		
PPV EVENT 13	PPV Event 13	dummy			0		
PPV EVENT 14	PPV Event 14	dummy			0		
PPV EVENT 15	PPV Event 15	dummy			0		
PPV EVENT 16	PPV Event 16	dummy			0		
PPV EVENT 17	PPV Event 17	dummy			0		
PPV EVENT 18	PPV Event 18	dummy			0		
PPV EVENT 19	PPV Event 19	dummy			0		
PPV EVENT 20	PPV Event 20	dummy			0		
PPV EVENT 21	PPV Event 21	dummy			0		
PPV EVENT 22	PPV Event 22	dummy			0		
PPV EVENT 23	PPV Event 23	dummy			0		
PPV EVENT 24	PPV Event 24	dummy			0		
PPV EVENT 25	PPV Event 25	dummy			0		
PPV EVENT 26	PPV Event 26	dummy			0		
PPV EVENT 27	PPV Event 27	dummy			0		
PPV EVENT 28	PPV Event 28	dummy			0		
PPV EVENT 29	PPV Event 29	dummy			0		
PPV EVENT 30	PPV Event 30	dummy			0		
PPV EVENT 31	PPV Event 31	dummy			0		
PPV EVENT 32	PPV Event 32	dummy			0		
PPV EVENT 33	PPV Event 33	dummy			0		
PPV EVENT 34	PPV Event 34	dummy			0		
PPV EVENT 35	PPV Event 35	dummy			0		
PPV EVENT 36	PPV Event 36	dummy			0		
PPV EVENT 37	PPV Event 37	dummy			0		
PPV EVENT 38	PPV Event 38	dummy			0		
PPV EVENT 39	PPV Event 39	dummy			0		
PPV EVENT 40	PPV Event 40	dummy			0		
PPV EVENT 41	PPV Event 41	dummy			0		
PPV EVENT 42	PPV Event 42	dummy			0		
PPV EVENT 43	PPV Event 43	dummy			0		
PPV EVENT 44:	PPV Event 44	dummy			0		
PPV EVENT 45:	PPV Event 45	dummy			0		
PPV EVENT 46:	PPV Event 46	dummy			0		
PPV EVENT 47:	PPV Event 47	dummy			0		
PPV EVENT 48:	PPV Event 48	dummy			0		
PPV EVENT 49:	PPV Event 49	dummy			0		
PPV EVENT 50:	PPV Event 50	dummy			0		
PPV EVENT 51:	PPV Event 51	dummy			0		
PPV EVENT 52:	PPV Event 52	dummy			0		
PPV EVENT 53:	PPV Event 53	dummy			0		
PPV EVENT 55:	PPV Event 55	dummy			0		
PPV EVENT 56:	PPV Event 56	dummy			0		
PPV EVENT 57:	PPV Event 57	dummy			0		
PPV EVENT 58:	PPV Event 58	dummy			0		
PPV EVENT 59:	PPV Event 59	dummy			0		
PPV EVENT 60:	PPV Event 60	dummy			0		
PPV EVENT 61:	PPV Event 61	dummy			0		
PPV EVENT 62:	PPV Event 62	dummy			0		
PPV EVENT 63:	PPV Event 63	dummy			0		
PPV EVENT 64:	PPV Event 64	dummy			0		
PPV EVENT 65:	PPV Event 65	dummy			0		
PPV EVENT 66:	PPV Event 66	dummy			0		
PPV EVENT 67:	PPV Event 67	dummy			0		
PPV EVENT 68:	PPV Event 68	dummy			0		
PPV EVENT 69:	PPV Event 69	dummy			0		
PPV: UFC MAIN EVENT	UFC Main Event [PPV]	dummy			0		
PPV: WWE MAIN EVENT	Wwe Main Event [PPV]	dummy			0		
ParamountNetwork.us	Paramount HD [US]	direct	provider_13	ParamountNetwork.us	39	f214764edd	Bar Rescue | The Hangover Part III | The Hangover
PixLTV.us	Pixl HD [US]	direct	provider_13	PixLTV.us	32	eaf4a6f123	Mulligan | Bad Date Chronicles | Ladies of the House
PlaneteJustice.fr	Crime Investigation HEVC 4K [UK]	alias	UK1	Crime+Inv.HD.uk	114	61b85e26ec	The Real Murders Of Atlanta | Crime In Progress | Imperfect Murder
PlutoBounceXL.us	Bounce Xl [US]	dummy			0		
Pop.uk	Pop [UK]	direct	provider_13	Pop.uk	20	a06defe4f0	SeaQuest DSV | seaQuest 2032 | seaQuest DSV
PremierSports1.ie	Premier Sports 1 Ireland HEVC 4K [UK]	direct	provider_13	PremierSports1.ie	37	d78272dc67	UCL Magazine Show | Sporting Greats | Top 14 Rugby Union
PremierSports1.uk	Premier Sport 1 HD [VIP]	direct	provider_13	PremierSports1.uk	42	74994e1827	NHL Tonight | Sporting Greats | MP '26
PremierSports2.ie	Premier Sports 2 Ireland HEVC 4K [UK]	direct	provider_13	PremierSports2.ie	30	15182f9403	Temples of Sport | NASCAR O'Reilly Series | Bike World
PremierSports2.uk	Premier Sport 2 HD [VIP]	direct	provider_13	PremierSports2.uk	30	3687f67901	Temples of Sport | NASCAR O'Reilly Series | Bike World
PursuitChannel.us	Pursuit Channel HD [US]	direct	provider_13	PursuitChannel.us	90	3e89409c5e	The Direction | The Bassquatch Hunter Fish Out of Water | TideWe Presents Viejo Creek Outdoors
QVC.uk	Qvc UK [UK]	direct	provider_13	QVC.uk	47	2540fbaeac	Outdoor Entertaining | M. Asam Beauty Is Our Tradition | White Stuff Sale
QVC.us	Qvc HD [US]	direct	provider_13	QVC.us	35	6129e03c34	Live: Belle by Kim Gravel -- Fashion | Live: Dyson Supersonic Hair Dryer | Live: Celebrating 40 Years - Our Biggest Celebration Ever
QVCBeauty.uk	Qvc Beauty [UK]	direct	provider_13	QVCBeauty.uk	48	c4a8d5888b	Best Of QVC Beauty
QVCExtra.uk	Qvc Extra [UK]	direct	provider_13	QVCExtra.uk	48	b13866b6cb	Best of QVC Extra
QVCPlus.us	Qvc 2 HD [US]	direct	provider_13	QVCPlus.us	30	8608c71978	40 Years of QVC | Peace Love World Clearance - Fashion | Women with Control Clearance-Featuring Attitude by Renee
QVCStyle.uk	Qvc Style [UK]	direct	provider_13	QVCStyle.uk	48	6a3ae8d2aa	Best of QVC Style | Kim & Co | Top Offers with SFIXX
Quest.uk	Quest 4K [UK]	direct	provider_13	Quest.uk	60	c22cec0f97	Shed And Buried | Find It, Fix It, Flog It | The Yorkshire Auction House
QuestRed.uk	Quest Red +1 [UK]	direct	provider_13	QuestRed.uk	54	c513be4ebe	Murder On CCTV | The Killer Beside Me | American Monster
RFDTV.us	Rfd TV HD [US]	direct	provider_13	RFDTV.us	66	e0b2289099	Live: Commodity Talk | Live: Market Day Report | Live: Cow Guy Close
RTDocEnglish.ru	Rt Documentry HD [UK]	dummy			0		
RacingUK.uk	Racing TV HD [VIP]	alias	UK1	Racing.TV.HD.uk	88	b61e59eee3	Racing Replay | Last Week This Week | Mark Your Card
RealityXtra.uk	Reality Xtra Ie [UK]	dummy			0		
Really.uk	Really [UK]	direct	provider_13	Really.uk	93	827a470add	Help! My House Is Haunted | Teleshopping | Salvage Hunters
RetroPlex.us	Retroplex HD [US]	direct	provider_13	RetroPlex.us	30	b1a8b3f9d9	Brother Outlaw | The Unforgiven | A Huey P. Newton Story
RetroTV.us	Retro TV [US]	direct	provider_13	RetroTV.us	64	e23cd0e9b4	The Adventures of Kit Carson | The Doctors | Doctor Who
Revolt.us	Revolt HD [US]	direct	provider_13	Revolt.us	60	98dae83349	The Best of Rihanna | The Best of Odd Future | The Best of Pusha T
RootSportsNorthwest.us	Root Sports [US]	dummy			0		
RotanaAflam.eg	Rotana Comedy 4K [AR]	rescue-token	provider_4	RotanaComedy.sa@SD	5	77ec472473	Sab'e Alboromba | Ashour Qalb Al-Assad | Geziret El Sheitan
RotanaCinema.eg	Rotana Cinema Egypt 4K [AR]	rescue-token	AE1	Rotana.Cinema.Egypt.ae	52	561c84ad8a	A Lifetime Dream | A Man Who Lost His Mind | A Prank Of Thieves
RotanaClassic.eg	Rotana Classic 4K [AR]	rescue-token	AE1	Rotana.Classic.ae	41	4cf53cd274	Recital: Umm Kulthum | Mrs. Ghost | The Show Girl
RotanaKhalijiah.eg	Rotana Khalijeah 4K [AR]	dummy			0		
RotanaMusic.eg	Rotana [AR]	dummy			0		
S4C.uk	S4C [UK]	direct	provider_13	S4C.uk	211	b7235551f7	..programmes start at 6.00am | Blociau Rhif | Sam Tan
SA: beIN SP⚽RTS 1 XTRA ᴿᴬᵂ	beIN Sports 1 Xtra RAW [SA]	bein-override	bein-epg	beINSportsXtra1.qa@MENA	96	567f14bb15	beIN SPORTS XTRA For Live And Exclusive Coverage of Premium Sporting Events  -  JUN
SA: beIN SP⚽RTS 1 ᴴᴰ	beIN Sports 1 HD [SA]	bein-override	bein-epg	beINSports1.qa@MENA	61	ae467e621a	Ligue 1  -  Film of the Season : Destiny | Paris Saint - Germain vs Arsenal | PSG Arrival To Paris After Won UCL 2026
SA: beIN SP⚽RTS 1 ᴿᴬᵂ	beIN Sports 1 RAW [SA]	bein-override	bein-epg	beINSports1.qa@MENA	61	ae467e621a	Ligue 1  -  Film of the Season : Destiny | Paris Saint - Germain vs Arsenal | PSG Arrival To Paris After Won UCL 2026
SA: beIN SP⚽RTS 2 ᴴᴰ	beIN Sports 2 HD [SA]	bein-override	bein-epg	beINSports2.qa@MENA	60	3acf758643	Brentford vs Manchester United  -  English Premier League 2025/2026 Week 6 | Manchester City vs Burnley  -  English Premier League 2025/2026 Week 6 | Crystal Palace vs Liverpool  -  English Premier League 2025/2026 Week 6
SA: beIN SP⚽RTS 2 ᴿᴬᵂ	beIN Sports 2 RAW [SA]	bein-override	bein-epg	beINSports2.qa@MENA	60	3acf758643	Brentford vs Manchester United  -  English Premier League 2025/2026 Week 6 | Manchester City vs Burnley  -  English Premier League 2025/2026 Week 6 | Crystal Palace vs Liverpool  -  English Premier League 2025/2026 Week 6
SA: beIN SP⚽RTS 3 ᴴᴰ	beIN Sports 3 HD [SA]	bein-override	bein-epg	beINSports3.qa@MENA	51	2f76910d0a	Atlético de Madrid vs Rayo Vallecano  -  Spanish LaLiga 2025/26 | Blooming (BOL) vs River Plate (ARG)  -  Conmebol Sudamericana Group Stage | Barcelona (ECU) vs Argentinos Juniors (ARG)  -  Copa Libertadores 2026
SA: beIN SP⚽RTS 3 ᴿᴬᵂ	beIN Sports 3 RAW [SA]	bein-override	bein-epg	beINSports3.qa@MENA	51	2f76910d0a	Atlético de Madrid vs Rayo Vallecano  -  Spanish LaLiga 2025/26 | Blooming (BOL) vs River Plate (ARG)  -  Conmebol Sudamericana Group Stage | Barcelona (ECU) vs Argentinos Juniors (ARG)  -  Copa Libertadores 2026
SA: beIN SP⚽RTS 4 XTRA ᴿᴬᵂ	beIN Sports 4 Xtra RAW [SA]	dup-feed-scrub	provider_1	7A8040D9-7BAF-477E-B9F7-8BAB88F677E8	0		
SA: beIN SP⚽RTS 4 ᴴᴰ	beIN Sports 4 HD [SA]	bein-override	bein-epg	beINSports4.qa@MENA	73	9f6e31d7d9	Strasbourg vs Brest  -  French Ligue 1 2025/2026 Week 14 | Lorient vs Nice  -  French Ligue 1 2025/2026 Week 14 | World Cup 2026 Amazing Facts  -  Group C (#3)
SA: beIN SP⚽RTS 4 ᴿᴬᵂ	beIN Sports 4 RAW [SA]	bein-override	bein-epg	beINSports4.qa@MENA	73	9f6e31d7d9	Strasbourg vs Brest  -  French Ligue 1 2025/2026 Week 14 | Lorient vs Nice  -  French Ligue 1 2025/2026 Week 14 | World Cup 2026 Amazing Facts  -  Group C (#3)
SA: beIN SP⚽RTS 5 XTRA ᴿᴬᵂ	beIN Sports 5 Xtra RAW [SA]	dup-feed-scrub	provider_1	51D28C47-7B79-4007-81A3-BFDF9BC65A3B	0		
SA: beIN SP⚽RTS 5 ᴴᴰ	beIN Sports 5 HD [SA]	bein-override	bein-epg	beINSports5.qa@MENA	64	30a8fc3454	Gamba Osaka (JPN) vs Eastern FC (HKG)  -  AFC Champions League Two 2025/2026 | Nam Dinh FC (VIE) vs Ratchaburi FC (THA)  -  AFC Champions League Two 2025/2026 | Al Muharraq SC (BHR) vs Al Wehdat (JOR)  -  AFC Champions League Two 2025/2026
SA: beIN SP⚽RTS 5 ᴿᴬᵂ	beIN Sports 5 RAW [SA]	bein-override	bein-epg	beINSports5.qa@MENA	64	30a8fc3454	Gamba Osaka (JPN) vs Eastern FC (HKG)  -  AFC Champions League Two 2025/2026 | Nam Dinh FC (VIE) vs Ratchaburi FC (THA)  -  AFC Champions League Two 2025/2026 | Al Muharraq SC (BHR) vs Al Wehdat (JOR)  -  AFC Champions League Two 2025/2026
SA: beIN SP⚽RTS 6 XTRA ᴿᴬᵂ	beIN Sports 6 Xtra RAW [SA]	dup-feed-scrub	provider_1	9ABD32F9-C6D9-4DD5-B936-2C7E6546292E	0		
SA: beIN SP⚽RTS 6 ᴴᴰ	beIN Sports 6 HD [SA]	norm-name	provider_1	beINSports6.qa@MENA	62	efeb0041ed	Al Hilal SC (SUD) vs Mamelodi Sundowns FC (RSA) - CAF Champions League 2025/26 MD4 | Young Africans (TAN) vs Al Ahly FC (EGY) - CAF Champions League 2025/26 MD4 | Atlético Petroleos (ANG) vs Stade Malien (MLI) - CAF Champions League 2025/26 MD4
SA: beIN SP⚽RTS 6 ᴿᴬᵂ	beIN Sports 6 RAW [SA]	norm-name	provider_1	beINSports6.qa@MENA	62	efeb0041ed	Al Hilal SC (SUD) vs Mamelodi Sundowns FC (RSA) - CAF Champions League 2025/26 MD4 | Young Africans (TAN) vs Al Ahly FC (EGY) - CAF Champions League 2025/26 MD4 | Atlético Petroleos (ANG) vs Stade Malien (MLI) - CAF Champions League 2025/26 MD4
SA: beIN SP⚽RTS 7 XTRA ᴿᴬᵂ	beIN Sports 7 Xtra RAW [SA]	dup-feed-scrub	provider_1	1752F091-A114-4629-BED4-46E0BB488A24	0		
SA: beIN SP⚽RTS 7 ᴴᴰ	beIN Sports 7 HD [SA]	bein-override	bein-epg	beINSports7.qa@MENA	55	7032fbc95a	Alex De Minaur (AUS) vs Denis Shapovalov (CAN)  -  ATP 500 HSBC Championships 2026 | Adrian Mannarino (FRA) vs Arthur Fery (GBR)  -  ATP 500 HSBC Championships 2026 | Jenson Brooksby (USA) vs Francisco Cerundolo (ARG)  -  ATP 500 HSBC Championships 2026
SA: beIN SP⚽RTS 7 ᴿᴬᵂ	beIN Sports 7 RAW [SA]	bein-override	bein-epg	beINSports7.qa@MENA	55	7032fbc95a	Alex De Minaur (AUS) vs Denis Shapovalov (CAN)  -  ATP 500 HSBC Championships 2026 | Adrian Mannarino (FRA) vs Arthur Fery (GBR)  -  ATP 500 HSBC Championships 2026 | Jenson Brooksby (USA) vs Francisco Cerundolo (ARG)  -  ATP 500 HSBC Championships 2026
SA: beIN SP⚽RTS 8 XTRA ᴿᴬᵂ	beIN Sports 8 Xtra RAW [SA]	dup-feed-scrub	provider_1	CD634732-20D1-4137-94E7-939DE93D056D	0		
SA: beIN SP⚽RTS 8 ᴴᴰ	beIN Sports 8 HD [SA]	norm-name	provider_1	beINSports8.qa@MENA	69	9d1dc91cde	Race - Session 7 - 2026 FIA World Endurance Championship - 24H Le Mans Round | Race - Session 8 - 2026 FIA World Endurance Championship - 24H Le Mans Round | Main Race - F1 Barcelona - Catalunya Grand Prix - 2026
SA: beIN SP⚽RTS 8 ᴿᴬᵂ	beIN Sports 8 RAW [SA]	norm-name	provider_1	beINSports8.qa@MENA	69	9d1dc91cde	Race - Session 7 - 2026 FIA World Endurance Championship - 24H Le Mans Round | Race - Session 8 - 2026 FIA World Endurance Championship - 24H Le Mans Round | Main Race - F1 Barcelona - Catalunya Grand Prix - 2026
SA: beIN SP⚽RTS 9 XTRA ᴿᴬᵂ	beIN Sports 9 Xtra RAW [SA]	dup-feed-scrub	provider_1	522050CE-EBD3-43EA-B636-42B034FDC05C	0		
SA: beIN SP⚽RTS 9 ᴴᴰ	beIN Sports 9 HD [SA]	norm-name	provider_1	5C08D9D3-C713-4F1F-947E-87C761428B9B	66	7525048932	Longines Global Champions Tour - St Tropez Jumping - Against The Clock With Jump Off | Longines Global Champions Tour - St Tropez Jumping - Grand Prix | Longines Global Champions Tour - Cannes Jumping - Round 1 Competition Team
SA: beIN SP⚽RTS 9 ᴿᴬᵂ	beIN Sports 9 RAW [SA]	norm-name	provider_1	5C08D9D3-C713-4F1F-947E-87C761428B9B	66	7525048932	Longines Global Champions Tour - St Tropez Jumping - Against The Clock With Jump Off | Longines Global Champions Tour - St Tropez Jumping - Grand Prix | Longines Global Champions Tour - Cannes Jumping - Round 1 Competition Team
SA: beIN ⁴ᴷ ³⁸⁴⁰ᵖ (EVENT ONLY)	beIN 4K 3840p (Event Only) [SA]	dummy			0		
SECNetwork.us	Sec Network HD [US]	direct	provider_13	SECNetwork.us	54	a4b604417e	SEC Now | SEC Storied | All-Access: Florida Spring Football
SG: HUB PREMIER 10 ᴿᴬᵂ	Hub Premier 10 RAW [SG]	dummy			0		
SG: HUB PREMIER 11 ᴿᴬᵂ	Hub Premier 11 RAW [SG]	dummy			0		
SG: HUB PREMIER 9 ᴿᴬᵂ	Hub Premier 9 RAW [SG]	dummy			0		
SPO: Al Ahly TV 4K	Al Ahly TV 4K [SPO]	dummy-forced			0		
SPO: Al Fajer 1 HD	Al Fajer 1 HD [SPO]	dummy			0		
SPO: Al Fajer 2 HD	Al Fajer 2 HD [SPO]	dummy			0		
SPO: Al Fajer 3 HD	Al Fajer 3 HD [SPO]	dummy			0		
SPO: Al Fajer 4 HD	Al Fajer 4 HD [SPO]	dummy			0		
SPO: Al Fajer 5 HD	Al Fajer 5 HD [SPO]	dummy			0		
SPO: Al Kass 3 4K	Al Kass 3 4K [SPO]	norm-name	provider_13	AlKassThree.qa	44	c6b0846290	Jarayed | Dawrat Al Alaab Al Khalijia | Botolat Al Shaqab Al Dawlya Lel Forosya
SPO: Al Kass 5 HD (LIVE EVENT ONLY)	Al Kass 5 HD (Live Event Only) [SPO]	norm-name	provider_13	AlKassFive.qa	33	2ec0e1a030	Jarayd | tawasol | Doha Bank Stars League Al Ahli vs Al Rayyan
SPO: Al Kass 6 4K (LIVE EVENT ONLY)	Al Kass 6 4K (Live Event Only) [SPO]	token	provider_13	alkasssix.qa	40	d169e6d9b8	FOOTBALL REVIEW | News | Al Shaqab National League Studio
SPO: Al Kass 7 4K (LIVE EVENT ONLY)	Al Kass 7 4K (Live Event Only) [SPO]	token	provider_13	alkassseven.qa	34	f7bdf3f512	FOOTBALL GREATEST STAGE | News | 28th Asian Club Championship Al - Khaleej (Saudi Arabia) vs. Kuwait SC (Kuwait)
SPO: Al Kass 7 HD (LIVE EVENT ONLY)	Al Kass 7 HD (Live Event Only) [SPO]	token	provider_13	alkassseven.qa	34	f7bdf3f512	FOOTBALL GREATEST STAGE | News | 28th Asian Club Championship Al - Khaleej (Saudi Arabia) vs. Kuwait SC (Kuwait)
SPO: Al Kass 8 4K	Al Kass 8 4K [SPO]	token	provider_13	alkasseight.qa	40	026c4ac180	Algeria | News | Doha Bank Stars League Qatar vs. Al - Shahaniya
SPO: Al Kass 9 4K	Al Kass 9 4K [SPO]	dummy			0		
SPO: Al Rabiaa Sport 4K	Al Rabiaa Sport 4K [SPO]	dummy			0		
SPO: Al Rabiaa Sport HD	Al Rabiaa Sport HD [SPO]	dummy			0		
SPO: Bahrain Sport 1 4K	Bahrain Sport 1 4K [SPO]	dummy			0		
SPO: Bahrain Sport 2 4K (LIVE EVENT)	Bahrain Sport 2 4K (Live Event) [SPO]	dummy			0		
SPO: DIWAN SPORT 1 ◉ ᴴᴰ	Diwan Sport 1 HD [SPO]	dummy			0		
SPO: DIWAN SPORT 2 ◉ ᴴᴰ	Diwan Sport 2 HD [SPO]	dummy			0		
SPO: Dubai Racing 2 4K	Dubai Racing 2 4K [SPO]	dup-feed-scrub	AE1	Dubai.Racing.2.ae	0		
SPO: Dubai Racing 3 4K	Dubai Racing 3 4K [SPO]	dummy			0		
SPO: Iraqia Sport 4K	Iraqia Sport 4K [SPO]	dummy			0		
SPO: Iraqia Sport HD	Iraqia Sport HD [SPO]	dummy			0		
SPO: Jordan Sport 4K	Jordan Sport 4K [SPO]	dummy-forced			0		
SPO: Jordan Sport HD	Jordan Sport HD [SPO]	dummy-forced			0		
SPO: KAS Sport 1 Plus	Kas Sport 1 Plus [SPO]	dummy			0		
SPO: Kuwait Sport 1 4K	Kuwait Sport 1 4K [SPO]	dummy			0		
SPO: Kuwait Sports 2 4K	Kuwait Sports 2 4K [SPO]	dummy			0		
SPO: Libya Sport 1 4K	Libya Sport 1 4K [SPO]	dummy			0		
SPO: Libya Sport 1 HD	Libya Sport 1 HD [SPO]	dummy			0		
SPO: Libya Sport 2 4K	Libya Sport 2 4K [SPO]	dup-feed-scrub	AE1	Libya.Sport.2.HD.ae	0		
SPO: Libya Sport 2 HD	Libya Sport 2 HD [SPO]	dup-feed-scrub	AE1	Libya.Sport.2.HD.ae	0		
SPO: Nile Sport	Nile Sport [SPO]	dummy-forced			0		
SPO: ON SPORT 4K	On Sport 4K [SPO]	dummy			0		
SPO: ON SPORT MAX 4K	On Sport MAX 4K [SPO]	dummy			0		
SPO: ON SPORT MAX HD	On Sport MAX HD [SPO]	dummy			0		
SPO: ON SPORT PLUS 4K	On Sport Plus 4K [SPO]	dummy			0		
SPO: ON SPORT PLUS HD	On Sport Plus HD [SPO]	dummy			0		
SPO: ON SPORT RAW	On Sport RAW [SPO]	dummy			0		
SPO: PROGRAMME NATIONAL HD	Programme National HD [SPO]	dummy			0		
SPO: Palestine Sport HD	Palestine Sport HD [SPO]	dummy-forced			0		
SPO: SHARJAH SPORT 2 4K	Sharjah Sport 2 4K [SPO]	dummy			0		
SPO: SPORT 1 ᴴᴰ	Sport 1 HD [SPO]	dummy			0		
SPO: SPORT 1 ᴿᴬᵂ	Sport 1 RAW [SPO]	dummy			0		
SPO: SPORT 2 ᴴᴰ	Sport 2 HD [SPO]	dummy			0		
SPO: SPORT 2 ᴿᴬᵂ	Sport 2 RAW [SPO]	dummy			0		
SPO: SPORT-5-ARABIC-EVENT	Sport-5-Arabic-Event [SPO]	dummy			0		
SPO: STC 1 ᴿᴬᵂ	Stc 1 RAW [SPO]	dummy			0		
SPO: STC 2 ᴿᴬᵂ	Stc 2 RAW [SPO]	dummy			0		
SPO: STC 3 ᴿᴬᵂ	Stc 3 RAW [SPO]	dummy			0		
SPO: STC 4 ᴿᴬᵂ	Stc 4 RAW [SPO]	dummy			0		
SPO: STC SPORT 1 GOBX ᴿᴬᵂ	Stc Sport 1 GOBX RAW [SPO]	dummy			0		
SPO: STC SPORT 2 GOBX ᴿᴬᵂ	Stc Sport 2 GOBX RAW [SPO]	dummy			0		
SPO: Saudia Sport 1 4K	Saudia Sport 1 4K [SPO]	dummy			0		
SPO: Saudia Sport 1 HD	Saudia Sport 1 HD [SPO]	dummy			0		
SPO: Saudia Sport 2 4K	Saudia Sport 2 4K [SPO]	dummy			0		
SPO: Saudia Sport 3 4K	Saudia Sport 3 4K [SPO]	dummy			0		
SPO: Saudia Sport 3 HD	Saudia Sport 3 HD [SPO]	dummy			0		
SPO: UEFA CHAMPIONS LEAGUE 1 4K	UEFA Champions League 1 4K [SPO]	dummy			0		
SPO: UEFA CHAMPIONS LEAGUE 1 HD	UEFA Champions League 1 HD [SPO]	dummy			0		
SPO: UEFA CHAMPIONS LEAGUE 2 4K	UEFA Champions League 2 4K [SPO]	dummy			0		
SPO: UEFA CHAMPIONS LEAGUE 2 HD	UEFA Champions League 2 HD [SPO]	dummy			0		
SPO: UEFA CHAMPIONS LEAGUE 3 4K	UEFA Champions League 3 4K [SPO]	dummy			0		
SPO: UEFA CHAMPIONS LEAGUE 3 HD	UEFA Champions League 3 HD [SPO]	dummy			0		
SPO: UEFA CHAMPIONS LEAGUE 4 4K	UEFA Champions League 4 4K [SPO]	dummy			0		
SPO: UEFA CHAMPIONS LEAGUE 4 HD	UEFA Champions League 4 HD [SPO]	dummy			0		
SPO: UEFA CHAMPIONS LEAGUE 5 4K	UEFA Champions League 5 4K [SPO]	dummy			0		
SPO: UEFA CHAMPIONS LEAGUE 5 HD	UEFA Champions League 5 HD [SPO]	dummy			0		
SPO: UEFA CHAMPIONS LEAGUE 6 4K	UEFA Champions League 6 4K [SPO]	dummy			0		
SPO: UEFA CHAMPIONS LEAGUE 6 HD	UEFA Champions League 6 HD [SPO]	dummy			0		
SPO: Yas Sport 4K	Yas Sport 4K [SPO]	dummy			0		
SPO: Yas Sport HD	Yas Sport HD [SPO]	dummy			0		
SPO: Zamalek Sports	Zamalek Sports [SPO]	dummy			0		
SS: beIN 4K 1080P (EVENT ONLY)	beIN 4K 1080P (Event Only) [SS]	dummy			0		
SS: beIN SP⚽RTS 1 4K	beIN Sports 1 4K [SS]	bein-override	bein-epg	beINSports1.qa@MENA	61	ae467e621a	Ligue 1  -  Film of the Season : Destiny | Paris Saint - Germain vs Arsenal | PSG Arrival To Paris After Won UCL 2026
SS: beIN SP⚽RTS 1 HD	beIN Sports 1 HD [SS]	bein-override	bein-epg	beINSports1.qa@MENA	61	ae467e621a	Ligue 1  -  Film of the Season : Destiny | Paris Saint - Germain vs Arsenal | PSG Arrival To Paris After Won UCL 2026
SS: beIN SP⚽RTS 2 4K	beIN Sports 2 4K [SS]	bein-override	bein-epg	beINSports2.qa@MENA	60	3acf758643	Brentford vs Manchester United  -  English Premier League 2025/2026 Week 6 | Manchester City vs Burnley  -  English Premier League 2025/2026 Week 6 | Crystal Palace vs Liverpool  -  English Premier League 2025/2026 Week 6
SS: beIN SP⚽RTS 2 HD	beIN Sports 2 HD [SS]	bein-override	bein-epg	beINSports2.qa@MENA	60	3acf758643	Brentford vs Manchester United  -  English Premier League 2025/2026 Week 6 | Manchester City vs Burnley  -  English Premier League 2025/2026 Week 6 | Crystal Palace vs Liverpool  -  English Premier League 2025/2026 Week 6
SS: beIN SP⚽RTS 3 4K	beIN Sports 3 4K [SS]	bein-override	bein-epg	beINSports3.qa@MENA	51	2f76910d0a	Atlético de Madrid vs Rayo Vallecano  -  Spanish LaLiga 2025/26 | Blooming (BOL) vs River Plate (ARG)  -  Conmebol Sudamericana Group Stage | Barcelona (ECU) vs Argentinos Juniors (ARG)  -  Copa Libertadores 2026
SS: beIN SP⚽RTS 3 HD	beIN Sports 3 HD [SS]	bein-override	bein-epg	beINSports3.qa@MENA	51	2f76910d0a	Atlético de Madrid vs Rayo Vallecano  -  Spanish LaLiga 2025/26 | Blooming (BOL) vs River Plate (ARG)  -  Conmebol Sudamericana Group Stage | Barcelona (ECU) vs Argentinos Juniors (ARG)  -  Copa Libertadores 2026
SS: beIN SP⚽RTS 4 4K	beIN Sports 4 4K [SS]	bein-override	bein-epg	beINSports4.qa@MENA	73	9f6e31d7d9	Strasbourg vs Brest  -  French Ligue 1 2025/2026 Week 14 | Lorient vs Nice  -  French Ligue 1 2025/2026 Week 14 | World Cup 2026 Amazing Facts  -  Group C (#3)
SS: beIN SP⚽RTS 4 HD	beIN Sports 4 HD [SS]	bein-override	bein-epg	beINSports4.qa@MENA	73	9f6e31d7d9	Strasbourg vs Brest  -  French Ligue 1 2025/2026 Week 14 | Lorient vs Nice  -  French Ligue 1 2025/2026 Week 14 | World Cup 2026 Amazing Facts  -  Group C (#3)
SS: beIN SP⚽RTS 5 4K	beIN Sports 5 4K [SS]	bein-override	bein-epg	beINSports5.qa@MENA	64	30a8fc3454	Gamba Osaka (JPN) vs Eastern FC (HKG)  -  AFC Champions League Two 2025/2026 | Nam Dinh FC (VIE) vs Ratchaburi FC (THA)  -  AFC Champions League Two 2025/2026 | Al Muharraq SC (BHR) vs Al Wehdat (JOR)  -  AFC Champions League Two 2025/2026
SS: beIN SP⚽RTS 5 HD	beIN Sports 5 HD [SS]	bein-override	bein-epg	beINSports5.qa@MENA	64	30a8fc3454	Gamba Osaka (JPN) vs Eastern FC (HKG)  -  AFC Champions League Two 2025/2026 | Nam Dinh FC (VIE) vs Ratchaburi FC (THA)  -  AFC Champions League Two 2025/2026 | Al Muharraq SC (BHR) vs Al Wehdat (JOR)  -  AFC Champions League Two 2025/2026
SS: beIN SP⚽RTS 6 4K	beIN Sports 6 4K [SS]	norm-name	provider_1	beINSports6.qa@MENA	62	efeb0041ed	Al Hilal SC (SUD) vs Mamelodi Sundowns FC (RSA) - CAF Champions League 2025/26 MD4 | Young Africans (TAN) vs Al Ahly FC (EGY) - CAF Champions League 2025/26 MD4 | Atlético Petroleos (ANG) vs Stade Malien (MLI) - CAF Champions League 2025/26 MD4
SS: beIN SP⚽RTS 6 HD	beIN Sports 6 HD [SS]	norm-name	provider_1	beINSports6.qa@MENA	62	efeb0041ed	Al Hilal SC (SUD) vs Mamelodi Sundowns FC (RSA) - CAF Champions League 2025/26 MD4 | Young Africans (TAN) vs Al Ahly FC (EGY) - CAF Champions League 2025/26 MD4 | Atlético Petroleos (ANG) vs Stade Malien (MLI) - CAF Champions League 2025/26 MD4
SS: beIN SP⚽RTS 7 4K	beIN Sports 7 4K [SS]	bein-override	bein-epg	beINSports7.qa@MENA	55	7032fbc95a	Alex De Minaur (AUS) vs Denis Shapovalov (CAN)  -  ATP 500 HSBC Championships 2026 | Adrian Mannarino (FRA) vs Arthur Fery (GBR)  -  ATP 500 HSBC Championships 2026 | Jenson Brooksby (USA) vs Francisco Cerundolo (ARG)  -  ATP 500 HSBC Championships 2026
SS: beIN SP⚽RTS 7 HD	beIN Sports 7 HD [SS]	bein-override	bein-epg	beINSports7.qa@MENA	55	7032fbc95a	Alex De Minaur (AUS) vs Denis Shapovalov (CAN)  -  ATP 500 HSBC Championships 2026 | Adrian Mannarino (FRA) vs Arthur Fery (GBR)  -  ATP 500 HSBC Championships 2026 | Jenson Brooksby (USA) vs Francisco Cerundolo (ARG)  -  ATP 500 HSBC Championships 2026
SS: beIN SP⚽RTS 8 4K	beIN Sports 8 4K [SS]	norm-name	provider_1	beINSports8.qa@MENA	69	9d1dc91cde	Race - Session 7 - 2026 FIA World Endurance Championship - 24H Le Mans Round | Race - Session 8 - 2026 FIA World Endurance Championship - 24H Le Mans Round | Main Race - F1 Barcelona - Catalunya Grand Prix - 2026
SS: beIN SP⚽RTS 8 HD	beIN Sports 8 HD [SS]	norm-name	provider_1	beINSports8.qa@MENA	69	9d1dc91cde	Race - Session 7 - 2026 FIA World Endurance Championship - 24H Le Mans Round | Race - Session 8 - 2026 FIA World Endurance Championship - 24H Le Mans Round | Main Race - F1 Barcelona - Catalunya Grand Prix - 2026
SS: beIN SP⚽RTS 9 4K	beIN Sports 9 4K [SS]	norm-name	provider_1	5C08D9D3-C713-4F1F-947E-87C761428B9B	66	7525048932	Longines Global Champions Tour - St Tropez Jumping - Against The Clock With Jump Off | Longines Global Champions Tour - St Tropez Jumping - Grand Prix | Longines Global Champions Tour - Cannes Jumping - Round 1 Competition Team
SS: beIN SP⚽RTS 9 HD	beIN Sports 9 HD [SS]	norm-name	provider_1	5C08D9D3-C713-4F1F-947E-87C761428B9B	66	7525048932	Longines Global Champions Tour - St Tropez Jumping - Against The Clock With Jump Off | Longines Global Champions Tour - St Tropez Jumping - Grand Prix | Longines Global Champions Tour - Cannes Jumping - Round 1 Competition Team
SS: beIN SP⚽RTS XTRA 1 4K	beIN Sports Xtra 1 4K [SS]	bein-override	bein-epg	beINSportsXtra1.qa@MENA	96	567f14bb15	beIN SPORTS XTRA For Live And Exclusive Coverage of Premium Sporting Events  -  JUN
SS: beIN SP⚽RTS XTRA 2 4K	beIN Sports Xtra 2 4K [SS]	bein-override	bein-epg	beINSportsXtra2.qa@MENA	96	567f14bb15	beIN SPORTS XTRA For Live And Exclusive Coverage of Premium Sporting Events  -  JUN
SS: beIN SP⚽RTS XTRA 3 4K	beIN Sports Xtra 3 4K [SS]	dup-feed-scrub	provider_1	CDF1A4C8-26DD-4C33-A239-F729A3B09295	0		
SS: beIN ⁴ᴷ ³⁸⁴⁰ᵖ (EVENT ONLY)	beIN 4K 3840p (Event Only) [SS]	dummy			0		
STV.uk	Stv 4K [UK]	direct	provider_13	STV.uk	30	f671cbb029	STV News | STV Racing Royal Ascot | STV News at Six
SharjahSport.ae	Sharjah Sport 4K [SPO]	dummy			0		
SkyAction.uk	Sky Action RAW [NOW]	direct	provider_13	SkyAction.uk	25	8fa00316fd	Gladiator II | Bad Boys | Fuze
SkyArts.uk	Sky Arts 4K [UK]	direct	provider_13	SkyArts.uk	56	01d91be22c	Tales Of The Unexpected | The Alfred Hitchcock Hour | Discovering
SkyAtlantic.uk	Sky Atlantic 4K [UK]	direct	provider_13	SkyAtlantic.uk	49	8e0b0cd76b	Deadwood | Mussolini | House of the Dragon
SkyCinemaAnimation.uk	Sky Cinema Animation 4K [UK]	dummy			0		
SkyCinemaComedy.uk	Sky Cinema Comedy 4K [UK]	direct	provider_13	SkyCinemaComedy.uk	27	a8be7660e8	Mamma Mia! | Mamma Mia! Here We Go Again | Arthur
SkyCinemaDrama.uk	Sky Cinema Drama 4K [UK]	direct	provider_13	SkyCinemaDrama.uk	24	56733369bd	Drift | Grease | Grease 2
SkyCinemaFamily.uk	Sky Cinema Family 4K [UK]	dummy			0		
SkyCinemaGreats.uk	Sky Cinema Greats 4K [UK]	direct	provider_13	SkyCinemaGreats.uk	26	beaeed5ead	E.T. the Extra-Terrestrial | Birdy | Jerry Maguire
SkyCinemaHits.uk	Sky Cinema Hits 4K [UK]	direct	provider_13	SkyCinemaHits.uk	29	b6c2f8299c	The Naked Gun: From the Files of Police Squad! | The Naked Gun 2 1/2: The Smell of Fear | The Naked Gun 33 1/3: The Final Insult
SkyCinemaPremiere.uk	Sky Cinema Premiere 4K [UK]	dummy			0		
SkyCinemaSciFiHorror.uk	Sky Cinema Sci-Fi 4K [UK]	dummy			0		
SkyCinemaThriller.uk	Sky Cinema Thriller 4K [UK]	dummy			0		
SkyComedy.uk	Sky Comedy 4K [UK]	direct	provider_13	SkyComedy.uk	78	a268c8e679	The Reluctant Landlord | Based On A True Story | Will & Grace
SkyCrime.uk	Sky Crime 4K [UK]	direct	provider_13	SkyCrime.uk	53	5ac0fd4af8	World's Most Evil Killers | How I Caught The Killer | What The Killer Did Next
SkyDocumentaries.uk	Sky Documentaries 4K [UK]	direct	provider_13	SkyDocumentaries.uk	32	0fed76fafc	Bobby Robson | Bobby | The Alien Autopsy Scandal
SkyKids.uk	Sky Kids HEVC 4K [UK]	direct	provider_13	SkyKids.uk	227	846088062f	Ten Little...Who? | The Wiggles | My Friend Maisy
SkyMax.uk	Sky MAX 4K [UK]	rescue-token	provider_13	skymax.uk	61	cb92f9db06	NCIS: Los Angeles | S.W.A.T | The Simpsons
SkyNature.uk	Sky Nature HEVC 4K [UK]	direct	provider_13	SkyNature.uk	54	7ac6bd54d0	Monkey Life | Orangutan Jungle School | Arctic Secrets
SkyNews.uk	Sky News HD [UK]	direct	provider_13	SkyNews.uk	84	8b0d2d53f0	Sky News Today with Jayne Secker | The News Hour With Mark Austin | The Cathy Newman Show
SkyReplay.uk	Sky Replay [UK]	dummy			0		
SkyShowcase.uk	Sky Showcase [UK]	dummy			0		
SkySportsAction.uk	Sky Sports Action HD [VIP]	direct	provider_13	SkySportsAction.uk	51	e5f4ab6b05	NFL Football | Super League Rugby | S/Lge Highlights
SkySportsBoxOffice.uk	Sky Sports Box Office HD [VIP]	direct	provider_13	SkySportsBoxOffice.uk	8	d569c83491	..programmes coming soon
SkySportsCricket.uk	Sky Sports Cricket HD [VIP]	direct	provider_13	SkySportsCricket.uk	41	334e0745c7	Live ICC Women's T20 WC | 2nd Test Day 1 | Lauren Bell Masterclass
SkySportsF1.uk	Sky Sports F1 HD [VIP]	direct	provider_13	SkySportsF1.uk	51	30a9c65c63	Barcelona F2 | Cirque De Soleil Feature | Ted's Quali Notebook
SkySportsFootball.uk	Sky Sports Football HD [VIP]	direct	provider_13	SkySportsFootball.uk	63	d9339d61d2	ENG V CRO | ENG v CRO | World Cup Report
SkySportsGolf.uk	Sky Sports Golf HD [VIP]	direct	provider_13	SkySportsGolf.uk	29	9f9d45c930	Live From The US Open | Rose Ladies Series Golf | PGA Tour Champions Highlights
SkySportsMainEvent.uk	Sky Sports Main Event HD [VIP]	direct	provider_13	SkySportsMainEvent.uk	22	9d44786c72	Live ICC Women's T20 WC | ENG v CRO | World Cup Report
SkySportsMix.uk	Sky Sports Mix HD [VIP]	direct	provider_13	SkySportsMix.uk	45	957ed836d4	Premier League Greatest Games | PL Greatest Games:Spurs/Chelsea 08 | PL Greatest Games:Man Utd/Man City
SkySportsNews.uk	Sky Sports News HD [VIP]	direct	provider_13	SkySportsNews.uk	50	a9c2015989	ENG V CRO | Live: World Cup Matchday | ENG v CRO
SkySportsPremiereLeague.uk	Sky Sports Premier League HD [VIP]	rescue-token	provider_13	skysportspremiereleague.uk	70	21bf697659	Premier League Highlights | SNF | MNF Hlts
SkySportsRacing.uk	Sky Sports Racing HD [VIP]	direct	provider_13	SkySportsRacing.uk	22	46aa1d7bd7	Royal Ascot 2026 | Raceday Live | Stateside Live
SkySportsTennis.uk	Sky Sports Tennis HD [VIP]	direct	provider_13	SkySportsTennis.uk	32	b8f6adffc7	ATP Tour This Week | WTA Final | Tennis Highlights
SkyWitness.uk	Sky Witness HD [UK]	direct	provider_13	SkyWitness.uk	65	afe0d71dc7	The Rookie | Law & Order | Nothing To Declare
SmithsonianChannel.us	Smithsonian Channel HD [US]	direct	provider_13	SmithsonianChannel.us	48	1132cb84ac	How Did They Build That? | How Did They Fix That? | Disasters Engineered
SonyChannel.uk	Sony Channel [UK]	dummy			0		
SpectrumNews13.us	Spectrum News 1 HD [US]	direct	provider_13	SpectrumNews13.us	54	76cf1f0f72	Live: News All Day on News 13 | Live: News 13 Your Evening News at 5 | Live: News 13 Your Evening News at 6
SpectrumSportsNetLA.us	Spectrum Sportsnet [La Dodgers] [US]	dummy			0		
SundanceTV.us	Sundance HD [US]	direct	provider_13	SundanceTV.us	55	bb31bc63f8	Midway | The Hunt for Red October | Law & Order
Syfy.uk	Syfy 4K [UK]	dummy			0		
Syfy.us	Syfy HD [US]	direct	provider_13	Syfy.us	20	6548bf6896	The Marsh King's Daughter | The Strangers: Chapter 1 | Edward Scissorhands
TBN.us	Tbn [US]	direct	provider_13	TBN.us	86	94388680de	Joyce Meyer Enjoying Everyday Life | Creflo Dollar | Hagee Ministries
TCM.uk	Tcm 4K [UK]	dummy			0		
TLC.uk	TLC 4K [UK]	direct	provider_13	TLC.uk	76	4a5687c59c	The Big Bang Theory | Georgie & Mandy's First Marriage | Young Sheldon
TNT.us	TNT HD [US]	direct	provider_13	TNT.us	37	ca59c941a0	Charmed | Cold Case | The Suicide Squad
TNTSport1.uk	TNT Sport 1 HD [VIP]	rescue-token	provider_13	tntsports1.uk	33	2564480b23	Major League Baseball | UEFA Europa League Goals Reload | UEFA Champions League Goals Reload
TNTSport2.uk	TNT Sport 2 HD [VIP]	rescue-token	provider_13	tntsports2.uk	40	f4f9e40c3c	Tour de Suisse | The Cycling Show | Ultimate Pool Champions League
TNTSport3.uk	TNT Sport 3 HD [VIP]	rescue-token	provider_13	tntsports3.uk	45	f52f725e07	Premier League Stories | Tour de Suisse | It's a Number's Game
TNTSport4.uk	TNT Sport 4 HD [VIP]	rescue-token	provider_13	tntsports4.uk	44	78cf63c195	Endurance Uncovered: Racing for Excellence | Belgium Tour | FIM Superbike World Championship Motorcycle Racing
TUDN.us	Tudn Zona RAW [US]	scrubbed-lang	provider_13	TUDN.us	0		
TVCNews.uk	Tvc News [UK]	direct	provider_13	TVCNews.uk	96	4fe9221859	News | Business Nigeria | World Now
TVLand.us	TV Land HD [US]	direct	provider_13	TVLand.us	82	0cef054b77	The Andy Griffith Show | M*A*S*H | Gunsmoke
TVOne.us	TV One HD [US]	direct	provider_13	TVOne.us	83	489caae11d	The Cosby Show | Living Single | Fatal Attraction
TVWarehouse.uk	TV Warehouse [UK]	direct	provider_13	TVWarehouse.uk	96	9419bbde76	eFOLDi | Dormeo BodyZone Cooling Topper | MotionSolution Mat
TalkTV.uk	Talk TV 4K [UK]	direct	provider_13	TalkTV.uk	12	9927969929	Kevin O'Sullivan | Peter Cardwell | Overnights
TalkingPictures.uk	Talking Pictures [UK]	direct	provider_13	TalkingPictures.uk	99	ebe40fecd9	Fortean TV | The Case of Marcel Duchamp | Look At Life Common Market
Tastemade.us	Tastemade HD [US]	direct	provider_13	Tastemade.us	93	f902489229	Jamie Oliver's Feasts for Less | Jamie Oliver: Cooking for Less | Andrew Zimmern's Wild Game Kitchen
TennisChannel.us	Tennis HD [US]	direct	provider_13	TennisChannel.us	14	8253b376dd	Live: Center Court Live | Live: Tennis Channel Live | Center Court
TheCowboyChannel.us	Cowboy Channel [US]	direct	provider_13	TheCowboyChannel.us	30	7032fa7a28	Buckle Down | Building Spain | Farms of America
TheJewelryChannel.uk	Tjc [UK]	direct	provider_13	TheJewelryChannel.uk	48	b4ea773a61	TJC - Trust, Joy & Community
TheWeatherNetwork.ca	Ca English: Weather Network HD	direct	provider_13	TheWeatherNetwork.ca	48	7e46bfdb2b	Weather AM | Daytime on the Weather Network | Evenings on the Weather Network
TogetherTV.uk	Together [UK]	direct	provider_13	TogetherTV.uk	54	4016513443	Love Your Garden | New Home DIY | Highclere
TravelChannel.us	Travel Channel HD [US]	direct	provider_13	TravelChannel.us	50	504d09c5c0	Portals to Hell | Paranormal Caught on Camera | NEW! Shark PowerDetect with DuoClean Detect Technology
UEFA | 01 - PSG vs Arsenal 5pm	UEFA | 01 - Psg Vs Arsenal 5PM	dummy			0		
UEFA | 07 -	UEFA | 07	dummy			0		
UEFA | 08 -	UEFA | 08	dummy			0		
UEFA | 13 -	UEFA | 13	dummy			0		
UEFA | 14 -	UEFA | 14	dummy			0		
UEFA | 23 -	UEFA | 23	dummy			0		
UEFA | 24 -	UEFA | 24	dummy			0		
UEFA | 25 -	UEFA | 25	dummy			0		
UEFA | 26 - Lille v KÍ Klaksvík 20.00	UEFA | 26 - Lille V KÍ KlaksvÍK 20.00	dummy			0		
UEFA | 27 -	UEFA | 27	dummy			0		
UEFA | 29 -	UEFA | 29	dummy			0		
UEFA |10 -	UEFA |10	dummy			0		
UFC 00 : UFC FREEDOM 250: PRE-SHOW start:2026-06-14 23:55:00 stop:2026-06-15 02:00:00	UFC 00 : UFC Freedom 250: Pre-Show Start:2026-06-14 23:55:00 Stop:2026-06-15 02:00:00	dummy			0		
UFC 01 : UFC FREEDOM 250: POST-FIGHT PRESS CONFERENCE start:2026-06-15 06:55:00 stop:20~8d84355d	UFC 01 : UFC Freedom 250: Post-Fight Press Conference Start:2026-06-15 06:55:00 Stop:2026-06-15 09:00:00	dummy			0		
UFC 02: UFC FREEDOM 250: TOPURIA VS GAETHJE start:2026-06-15 01:55:00 stop:2026-06-15 06:15:00	UFC 02: UFC Freedom 250: Topuria Vs Gaethje Start:2026-06-15 01:55:00 Stop:2026-06-15 06:15:00	dummy			0		
UFC 03: UFC FREEDOM 250: PRELIMS start:2026-06-15 01:55:00 stop:2026-06-15 04:00:00	UFC 03: UFC Freedom 250: Prelims Start:2026-06-15 01:55:00 Stop:2026-06-15 04:00:00	dummy			0		
UFC 04: UFC FIGHT NIGHT: DELLA MADDALENA VS PRATES start:2026-05-02 12:55:00 stop:2026-~b0e32061	UFC 04: UFC Fight Night: Della Maddalena Vs Prates Start:2026-05-02 12:55:00 Stop:2026-05-02 16:15:00	dummy			0		
UFC 05: FIGHT CLUB RUSH 29 start:2026-05-02 17:55:00 stop:2026-05-02 23:00:00	UFC 05: Fight Club Rush 29 Start:2026-05-02 17:55:00 Stop:2026-05-02 23:00:00	dummy			0		
UFC 06: UFC 326: FIGHT PASS PRELIMS start:2026-03-07 22:55:00 stop:2026-03-08 01:00:00	UFC 06: UFC 326: Fight Pass Prelims Start:2026-03-07 22:55:00 Stop:2026-03-08 01:00:00	dummy			0		
UFC 07: UFC 323: PRELIMS start:2025-12-07 01:55:00 stop:2025-12-07 04:00:00	UFC 07: UFC 323: Prelims Start:2025-12-07 01:55:00 Stop:2025-12-07 04:00:00	dummy			0		
UFC 08 : LUX 056 start:2025-11-22 03:55:00 stop:2025-11-22 09:00:00	UFC 08 : Lux 056 Start:2025-11-22 03:55:00 Stop:2025-11-22 09:00:00	dummy			0		
UFC 09:	UFC 09	dummy			0		
UFC 10:	UFC 10	dummy			0		
UK: 247Box TV HD ◉	247BOX TV HD [UK]	dummy			0		
UK: 5 SELECT ◉	5 Select [UK]	norm-name	provider_5	5SELECT.uk@SD	0		
UK: 5 STAR+1 ◉	5 STAR+1 [UK]	norm-name	provider_5	5STAR.uk@SD	0		
UK: 8K: beIN SP⚽RTS MAX 5 EN ᴴᴰ (WORLD CUP)	8K: beIN Sports MAX 5 English HD (World Cup) [UK]	bein-override	bein-epg	beINSportsMax5.qa@MENA	46	1b5d78197a	🔴 LIVE: England vs Croatia  -  FIFA World Cup 2026 | 🔴 LIVE: Ghana vs Panama  -  FIFA World Cup 2026 | 🔴 LIVE: Uzbekistan vs Colombia  -  FIFA World Cup 2026
UK: : NATIONAL GEOGRAPHIC +1 ◉	National Geographic +1 [UK]	dummy			0		
UK: ALL ACTION MOVIES CHANNEL ᴴᴰ	All Action Movies Channel HD [UK]	token	provider_10	MoviesAction.sa@SD	24	8efd3c7fda	Avengement | John Wick: Chapter 2 | 16 Blocks
UK: AMAZON 1 PPV	Amazon 1 PPV [UK]	dummy			0		
UK: AMAZON 10 PPV	Amazon 10 PPV [UK]	dummy			0		
UK: AMAZON 11 PPV	Amazon 11 PPV [UK]	dummy			0		
UK: AMAZON 12 PPV	Amazon 12 PPV [UK]	dummy			0		
UK: AMAZON 13 PPV	Amazon 13 PPV [UK]	dummy			0		
UK: AMAZON 14 PPV	Amazon 14 PPV [UK]	dummy			0		
UK: AMAZON 15 PPV	Amazon 15 PPV [UK]	dummy			0		
UK: AMAZON 16 PPV	Amazon 16 PPV [UK]	dummy			0		
UK: AMAZON 17 PPV	Amazon 17 PPV [UK]	dummy			0		
UK: AMAZON 18 PPV	Amazon 18 PPV [UK]	dummy			0		
UK: AMAZON 19 PPV	Amazon 19 PPV [UK]	dummy			0		
UK: AMAZON 2 PPV	Amazon 2 PPV [UK]	dummy			0		
UK: AMAZON 20 PPV	Amazon 20 PPV [UK]	dummy			0		
UK: AMAZON 21 PPV	Amazon 21 PPV [UK]	dummy			0		
UK: AMAZON 22 PPV	Amazon 22 PPV [UK]	dummy			0		
UK: AMAZON 23 PPV	Amazon 23 PPV [UK]	dummy			0		
UK: AMAZON 24 PPV	Amazon 24 PPV [UK]	dummy			0		
UK: AMAZON 25 PPV	Amazon 25 PPV [UK]	dummy			0		
UK: AMAZON 26 PPV	Amazon 26 PPV [UK]	dummy			0		
UK: AMAZON 27 PPV	Amazon 27 PPV [UK]	dummy			0		
UK: AMAZON 28 PPV	Amazon 28 PPV [UK]	dummy			0		
UK: AMAZON 29 PPV	Amazon 29 PPV [UK]	dummy			0		
UK: AMAZON 3 PPV	Amazon 3 PPV [UK]	dummy			0		
UK: AMAZON 30 PPV	Amazon 30 PPV [UK]	dummy			0		
UK: AMAZON 31 PPV	Amazon 31 PPV [UK]	dummy			0		
UK: AMAZON 32 PPV	Amazon 32 PPV [UK]	dummy			0		
UK: AMAZON 33 PPV	Amazon 33 PPV [UK]	dummy			0		
UK: AMAZON 34 PPV	Amazon 34 PPV [UK]	dummy			0		
UK: AMAZON 35 PPV	Amazon 35 PPV [UK]	dummy			0		
UK: AMAZON 36 PPV	Amazon 36 PPV [UK]	dummy			0		
UK: AMAZON 37 PPV	Amazon 37 PPV [UK]	dummy			0		
UK: AMAZON 38 PPV	Amazon 38 PPV [UK]	dummy			0		
UK: AMAZON 4 PPV	Amazon 4 PPV [UK]	dummy			0		
UK: AMAZON 5 PPV	Amazon 5 PPV [UK]	dummy			0		
UK: AMAZON 6 PPV	Amazon 6 PPV [UK]	dummy			0		
UK: AMAZON 7 PPV	Amazon 7 PPV [UK]	dummy			0		
UK: AMAZON 8 PPV	Amazon 8 PPV [UK]	dummy			0		
UK: AMAZON 9 PPV	Amazon 9 PPV [UK]	dummy			0		
UK: ANIMAL PLNT +1 ◉	Animal Plnt +1 [UK]	rescue-token	UK1	Animal.Plnt+1.uk	109	ac9440ef4c	Homestead Rescue: Home Sweet Homestead | Ninja Sharks | Treehouse Masters: Out On A Limb
UK: ATN ◉	Atn [UK]	dummy			0		
UK: BBC 3 / CBBC HD ◉	BBC 3 / Cbbc HD [UK]	dummy			0		
UK: BBC 3 4K ◉	BBC 3 4K [UK]	dummy			0		
UK: BBC ALBA ᴿᴬᵂ	BBC Alba RAW [UK]	rescue-token	provider_13	BBCAlba.uk	38	0902d4a73f	Dan & Gran | Beathaichean a’ Bocadaich | Losgannan / Froglets
UK: BBC Brit HD	BBC Brit HD [UK]	dummy			0		
UK: BBC CBBC ᴿᴬᵂ	BBC Cbbc RAW [UK]	dummy			0		
UK: BBC CBEEBIES ᴿᴬᵂ	BBC Cbeebies RAW [UK]	norm-name	provider_7	au#3162/bbc-cbeebies	0		
UK: BBC EVENTS 1 ᴿᴬᵂ	BBC Events 1 RAW [UK]	norm-name	provider_13	bbc1.uk	53	5e2cdd7dcc	BBC London News | BBC News at One | Policing Paradise
UK: BBC EVENTS 1 ᵁᴴᴰ ³⁸⁴⁰ᴾ	BBC Events 1 UHD 3840p [UK]	norm-name	provider_13	bbc1.uk	53	5e2cdd7dcc	BBC London News | BBC News at One | Policing Paradise
UK: BBC Earth HD ◉	BBC Earth HD [UK]	norm-name	provider_7	au#3159/bbc-earth-hd	0		
UK: BBC FOUR ᴿᴬᵂ	BBC Four RAW [UK]	rescue-token	UK1	BBC.Four.HD.uk	60	21039c923d	Only Connect | Stonehenge: The Lost Circle Revealed | This is BBC Four
UK: BBC NEWS ᴿᴬᵂ	BBC News RAW [UK]	norm-name	provider_3	38fa4074-8901-45d1-be15-2fcaf7e54f24	276	f1ab995d6d	BBC News Now | Talking Movies | Business Today USA
UK: BBC ONE CAMBRIDGE ◉	BBC One Cambridge [UK]	token	provider_5	BBCOne.uk@London	116	d852a9c755	Blankety Blank | MOTD Live: FIFA World Cup 2026 | Weather for the Week Ahead
UK: BBC ONE CHANNEL ISLANDS ᴿᴬᵂ	BBC One Channel Islands RAW [UK]	norm-name	provider_5	BBCOne.uk@ChannelIslands	0		
UK: BBC ONE EAST MIDLANDS ᴿᴬᵂ	BBC One East Midlands RAW [UK]	norm-name	provider_5	BBCOne.uk@EastMidlands	116	c5bc1273fc	Blankety Blank | MOTD Live: FIFA World Cup 2026 | Weather for the Week Ahead
UK: BBC ONE EAST YORKSHIRE & LINCOLNSHIRE ᴿᴬᵂ	BBC One East Yorkshire & Lincolnshire RAW [UK]	token	provider_5	BBCOne.uk@East	116	e1a1db9bb1	Blankety Blank | MOTD Live: FIFA World Cup 2026 | Weather for the Week Ahead
UK: BBC ONE EAST ᴿᴬᵂ	BBC One East RAW [UK]	norm-name	provider_5	BBCOne.uk@East	116	e1a1db9bb1	Blankety Blank | MOTD Live: FIFA World Cup 2026 | Weather for the Week Ahead
UK: BBC ONE LONDON ᴿᴬᵂ	BBC One London RAW [UK]	rescue-token	provider_13	BBCOneOxford.uk	44	28cd3fe6e3	Policing Paradise | Scam Interceptors | Escape to the Country
UK: BBC ONE NI ᴿᴬᵂ	BBC One Ni RAW [UK]	norm-name	UK1	BBC.One.NI.HD.uk	88	81f883153b	Weather for the Week Ahead | BBC News | MOTD Live: Austria v Jordan
UK: BBC ONE NORTH EAST & CUMBRIA ᴿᴬᵂ	BBC One North East & Cumbria RAW [UK]	token	provider_5	BBCOne.uk@East	116	e1a1db9bb1	Blankety Blank | MOTD Live: FIFA World Cup 2026 | Weather for the Week Ahead
UK: BBC ONE NORTH WEST ᴿᴬᵂ	BBC One North West RAW [UK]	norm-name	provider_5	BBCOne.uk@NorthWest	116	e955a27f5b	Blankety Blank | MOTD Live: FIFA World Cup 2026 | Weather for the Week Ahead
UK: BBC ONE SCOTLAND ᴿᴬᵂ	BBC One Scotland RAW [UK]	norm-name	provider_5	BBCOne.uk@Scotland	115	01c4a88c55	Blankety Blank | MOTD Live: FIFA World Cup 2026 | Weather for the Week Ahead
UK: BBC ONE SOUTH EAST ᴿᴬᵂ	BBC One South East RAW [UK]	norm-name	provider_5	BBCOne.uk@SouthEast	116	70fcb7aab9	Blankety Blank | MOTD Live: FIFA World Cup 2026 | Weather for the Week Ahead
UK: BBC ONE SOUTH WEST ᴿᴬᵂ	BBC One South West RAW [UK]	norm-name	provider_5	BBCOne.uk@SouthWest	116	a5e2feb42e	Blankety Blank | MOTD Live: FIFA World Cup 2026 | Weather for the Week Ahead
UK: BBC ONE SOUTH ᴿᴬᵂ	BBC One South RAW [UK]	norm-name	provider_5	BBCOne.uk@South	116	a1b054302c	Blankety Blank | MOTD Live: FIFA World Cup 2026 | Weather for the Week Ahead
UK: BBC ONE WALES ᴿᴬᵂ	BBC One Wales RAW [UK]	norm-name	provider_5	BBCOne.uk@Wales	117	4379814b6c	Blankety Blank | MOTD Live: FIFA World Cup 2026 | Weather for the Week Ahead
UK: BBC ONE WEST MIDLANDS ᴿᴬᵂ	BBC One West Midlands RAW [UK]	norm-name	provider_5	BBCOne.uk@WestMidlands	116	d2e2baacfb	Blankety Blank | MOTD Live: FIFA World Cup 2026 | Weather for the Week Ahead
UK: BBC ONE WEST ᴿᴬᵂ	BBC One West RAW [UK]	norm-name	provider_5	BBCOne.uk@West	116	0d62681eb0	Blankety Blank | MOTD Live: FIFA World Cup 2026 | Weather for the Week Ahead
UK: BBC ONE YORKSHIRE ᴿᴬᵂ	BBC One Yorkshire RAW [UK]	norm-name	provider_5	BBCOne.uk@Yorkshire	116	85a5c7a7aa	Blankety Blank | MOTD Live: FIFA World Cup 2026 | Weather for the Week Ahead
UK: BBC PARLIAMENT ᴿᴬᵂ	BBC Parliament RAW [UK]	rescue-token	UK1	BBC.Parliament.HD.uk	61	bf84c64e75	House of Lords - Social Media Ban for Under-16s Statement | House of Lords - Steel Industry (Nationalisation) Bill, Part 1 | House of Lords - Steel Industry (Nationalisation) Bill, Part 2
UK: BBC RADIO 1 ANTHEMS ᴿᴬᵂ	BBC Radio 1 Anthems RAW [UK]	dummy-forced			0		
UK: BBC RADIO 1 DANCE ᴿᴬᵂ	BBC Radio 1 Dance RAW [UK]	dummy-forced			0		
UK: BBC RADIO 1 ᴿᴬᵂ	BBC Radio 1 RAW [UK]	dummy-forced			0		
UK: BBC RADIO 1XTRA ᴿᴬᵂ	BBC Radio 1XTRA RAW [UK]	dummy-forced			0		
UK: BBC RADIO 2 ᴿᴬᵂ	BBC Radio 2 RAW [UK]	dummy-forced			0		
UK: BBC RADIO 3 UNWIND ᴿᴬᵂ	BBC Radio 3 Unwind RAW [UK]	dummy-forced			0		
UK: BBC RADIO 3 ᴿᴬᵂ	BBC Radio 3 RAW [UK]	dummy-forced			0		
UK: BBC RADIO 4 EXTRA ᴿᴬᵂ	BBC Radio 4 Extra RAW [UK]	dummy-forced			0		
UK: BBC RADIO 4 ᴿᴬᵂ	BBC Radio 4 RAW [UK]	dummy-forced			0		
UK: BBC RADIO 5 LIVE SPORTS EXTRA ᴿᴬᵂ	BBC Radio 5 Live Sports Extra RAW [UK]	dummy-forced			0		
UK: BBC RADIO 5 LIVE ᴿᴬᵂ	BBC Radio 5 Live RAW [UK]	dummy-forced			0		
UK: BBC RADIO 6 MUSIC ᴿᴬᵂ	BBC Radio 6 Music RAW [UK]	dummy-forced			0		
UK: BBC RADIO ASIAN NETWORK ᴿᴬᵂ	BBC Radio Asian Network RAW [UK]	dummy-forced			0		
UK: BBC RADIO BERKSHIRE ᴿᴬᵂ	BBC Radio Berkshire RAW [UK]	dummy-forced			0		
UK: BBC RADIO BRISTOL ᴿᴬᵂ	BBC Radio Bristol RAW [UK]	dummy-forced			0		
UK: BBC RADIO CAMBRIDGE ᴿᴬᵂ	BBC Radio Cambridge RAW [UK]	dummy-forced			0		
UK: BBC RADIO CORNWALL ᴿᴬᵂ	BBC Radio Cornwall RAW [UK]	dummy-forced			0		
UK: BBC RADIO COVENTRY & WARWICKSHIRE (CWR) ᴿᴬᵂ	BBC Radio Coventry & Warwickshire (Cwr) RAW [UK]	dummy-forced			0		
UK: BBC RADIO CUMBRIA ᴿᴬᵂ	BBC Radio Cumbria RAW [UK]	dummy-forced			0		
UK: BBC RADIO CYMRU 2 ᴿᴬᵂ	BBC Radio Cymru 2 RAW [UK]	dummy-forced			0		
UK: BBC RADIO CYMRU ᴿᴬᵂ	BBC Radio Cymru RAW [UK]	dummy-forced			0		
UK: BBC RADIO DERBY ᴿᴬᵂ	BBC Radio Derby RAW [UK]	dummy-forced			0		
UK: BBC RADIO DEVON ᴿᴬᵂ	BBC Radio Devon RAW [UK]	dummy-forced			0		
UK: BBC RADIO ESSEX ᴿᴬᵂ	BBC Radio Essex RAW [UK]	dummy-forced			0		
UK: BBC RADIO FOYLE ᴿᴬᵂ	BBC Radio Foyle RAW [UK]	dummy-forced			0		
UK: BBC RADIO GLOUCESTERSHIRE ᴿᴬᵂ	BBC Radio Gloucestershire RAW [UK]	dummy-forced			0		
UK: BBC RADIO GUERNSEY ᴿᴬᵂ	BBC Radio Guernsey RAW [UK]	dummy-forced			0		
UK: BBC RADIO HEREFORD & WORCESTER ᴿᴬᵂ	BBC Radio Hereford & Worcester RAW [UK]	dummy-forced			0		
UK: BBC RADIO HUMBERSIDE ᴿᴬᵂ	BBC Radio Humberside RAW [UK]	dummy-forced			0		
UK: BBC RADIO JERSEY ᴿᴬᵂ	BBC Radio Jersey RAW [UK]	dummy-forced			0		
UK: BBC RADIO KENT ᴿᴬᵂ	BBC Radio Kent RAW [UK]	dummy-forced			0		
UK: BBC RADIO LANCASHIRE ᴿᴬᵂ	BBC Radio Lancashire RAW [UK]	dummy-forced			0		
UK: BBC RADIO LEEDS ᴿᴬᵂ	BBC Radio Leeds RAW [UK]	dummy-forced			0		
UK: BBC RADIO LEICESTER ᴿᴬᵂ	BBC Radio Leicester RAW [UK]	dummy-forced			0		
UK: BBC RADIO LINCOLNSHIRE ᴿᴬᵂ	BBC Radio Lincolnshire RAW [UK]	dummy-forced			0		
UK: BBC RADIO LONDON ᴿᴬᵂ	BBC Radio London RAW [UK]	dummy-forced			0		
UK: BBC RADIO MANCHESTER ᴿᴬᵂ	BBC Radio Manchester RAW [UK]	dummy-forced			0		
UK: BBC RADIO MERSEYSIDE ᴿᴬᵂ	BBC Radio Merseyside RAW [UK]	dummy-forced			0		
UK: BBC RADIO NAN GAIDHEAL ᴿᴬᵂ	BBC Radio Nan Gaidheal RAW [UK]	dummy-forced			0		
UK: BBC RADIO NEWCASTLE ᴿᴬᵂ	BBC Radio Newcastle RAW [UK]	dummy-forced			0		
UK: BBC RADIO NOTTINGHAM ᴿᴬᵂ	BBC Radio Nottingham RAW [UK]	dummy-forced			0		
UK: BBC RADIO ORKNEY ᴿᴬᵂ	BBC Radio Orkney RAW [UK]	dummy-forced			0		
UK: BBC RADIO OXFORD ᴿᴬᵂ	BBC Radio Oxford RAW [UK]	dummy-forced			0		
UK: BBC RADIO SCOTLAND EXTRA ᴿᴬᵂ	BBC Radio Scotland Extra RAW [UK]	dummy-forced			0		
UK: BBC RADIO SCOTLAND FM ᴿᴬᵂ	BBC Radio Scotland FM RAW [UK]	dummy-forced			0		
UK: BBC RADIO SHEFFIELD ᴿᴬᵂ	BBC Radio Sheffield RAW [UK]	dummy-forced			0		
UK: BBC RADIO SHROPSHIRE ᴿᴬᵂ	BBC Radio Shropshire RAW [UK]	dummy-forced			0		
UK: BBC RADIO SOLENT WEST DORSET ᴿᴬᵂ	BBC Radio Solent West Dorset RAW [UK]	dummy-forced			0		
UK: BBC RADIO SOLENT ᴿᴬᵂ	BBC Radio Solent RAW [UK]	dummy-forced			0		
UK: BBC RADIO SOMERSET ᴿᴬᵂ	BBC Radio Somerset RAW [UK]	dummy-forced			0		
UK: BBC RADIO STOKE ᴿᴬᵂ	BBC Radio Stoke RAW [UK]	dummy-forced			0		
UK: BBC RADIO SUFFOLK ᴿᴬᵂ	BBC Radio Suffolk RAW [UK]	dummy-forced			0		
UK: BBC RADIO SURREY ᴿᴬᵂ	BBC Radio Surrey RAW [UK]	dummy-forced			0		
UK: BBC RADIO SUSSEX ᴿᴬᵂ	BBC Radio Sussex RAW [UK]	dummy-forced			0		
UK: BBC RADIO TEES ᴿᴬᵂ	BBC Radio Tees RAW [UK]	dummy-forced			0		
UK: BBC RADIO THREE COUNTIES ᴿᴬᵂ	BBC Radio Three Counties RAW [UK]	dummy-forced			0		
UK: BBC RADIO ULSTER ᴿᴬᵂ	BBC Radio Ulster RAW [UK]	dummy-forced			0		
UK: BBC RADIO WALES ᴿᴬᵂ	BBC Radio Wales RAW [UK]	dummy-forced			0		
UK: BBC RADIO WILTSHIRE ᴿᴬᵂ	BBC Radio Wiltshire RAW [UK]	dummy-forced			0		
UK: BBC RADIO WM ᴿᴬᵂ	BBC Radio Wm RAW [UK]	dummy-forced			0		
UK: BBC RADIO WORLD SERVICE ᴿᴬᵂ	BBC Radio World Service RAW [UK]	dummy-forced			0		
UK: BBC RADIO YORK ᴿᴬᵂ	BBC Radio York RAW [UK]	dummy-forced			0		
UK: BBC RED BUTTON 1 ᴿᴬᵂ	BBC Red Button 1 RAW [UK]	rescue-token	provider_13	bbc1.uk	53	5e2cdd7dcc	BBC London News | BBC News at One | Policing Paradise
UK: BBC RED BUTTON 10 ᴿᴬᵂ	BBC Red Button 10 RAW [UK]	dummy			0		
UK: BBC RED BUTTON 11 ᴿᴬᵂ	BBC Red Button 11 RAW [UK]	dummy			0		
UK: BBC RED BUTTON 12 ᴿᴬᵂ	BBC Red Button 12 RAW [UK]	dummy			0		
UK: BBC RED BUTTON 13 ᴿᴬᵂ	BBC Red Button 13 RAW [UK]	dummy			0		
UK: BBC RED BUTTON 14 ᴿᴬᵂ	BBC Red Button 14 RAW [UK]	dummy			0		
UK: BBC RED BUTTON 15 ᴿᴬᵂ	BBC Red Button 15 RAW [UK]	dummy			0		
UK: BBC RED BUTTON 16 ᴿᴬᵂ	BBC Red Button 16 RAW [UK]	dummy			0		
UK: BBC RED BUTTON 17 ᴿᴬᵂ	BBC Red Button 17 RAW [UK]	dummy			0		
UK: BBC RED BUTTON 18 ᴿᴬᵂ	BBC Red Button 18 RAW [UK]	dummy			0		
UK: BBC RED BUTTON 19 ᴿᴬᵂ	BBC Red Button 19 RAW [UK]	dummy			0		
UK: BBC RED BUTTON 2 ᴿᴬᵂ	BBC Red Button 2 RAW [UK]	dup-feed-scrub	provider_13	BBC2.uk	0		
UK: BBC RED BUTTON 20 ᴿᴬᵂ	BBC Red Button 20 RAW [UK]	dummy			0		
UK: BBC RED BUTTON 21 ᴿᴬᵂ	BBC Red Button 21 RAW [UK]	dummy			0		
UK: BBC RED BUTTON 22 ᴿᴬᵂ	BBC Red Button 22 RAW [UK]	dummy			0		
UK: BBC RED BUTTON 23 ᴿᴬᵂ	BBC Red Button 23 RAW [UK]	dummy			0		
UK: BBC RED BUTTON 24 ᴿᴬᵂ	BBC Red Button 24 RAW [UK]	dummy			0		
UK: BBC RED BUTTON 3 ᴿᴬᵂ	BBC Red Button 3 RAW [UK]	dummy			0		
UK: BBC RED BUTTON 4 ᴿᴬᵂ	BBC Red Button 4 RAW [UK]	rescue-token	provider_13	BBC4.uk	31	db620a6ad0	..programmes start at 7.00pm | This is BBC Four | University Challenge
UK: BBC RED BUTTON 5 ᴿᴬᵂ	BBC Red Button 5 RAW [UK]	dummy			0		
UK: BBC RED BUTTON 6 ᴿᴬᵂ	BBC Red Button 6 RAW [UK]	dummy			0		
UK: BBC RED BUTTON 7 ᴿᴬᵂ	BBC Red Button 7 RAW [UK]	dummy			0		
UK: BBC RED BUTTON 8 ᴿᴬᵂ	BBC Red Button 8 RAW [UK]	dummy			0		
UK: BBC RED BUTTON 9 ᴿᴬᵂ	BBC Red Button 9 RAW [UK]	dummy			0		
UK: BBC RED BUTTON ᴿᴬᵂ	BBC Red Button RAW [UK]	norm-name	provider_5	BBCRedButtonHD.uk@SD	0		
UK: BBC SCOTLAND ᴿᴬᵂ	BBC Scotland RAW [UK]	rescue-token	provider_13	BBCScotland.uk	23	72e0541f2f	This is BBC Scotland | Reporting Scotland | Food Fest Scotland
UK: BBC THREE ᴿᴬᵂ	BBC Three RAW [UK]	rescue-token	UK1	BBC.Three.HD.uk	78	116ee3640b	Disclosure: Are My Antidepressants Worth It? | Spinster | Walking with Dinosaurs
UK: BBC TWO ENGLAND ᴿᴬᵂ	BBC Two England RAW [UK]	rescue-token	UK1	BBC.Two.HD.uk	86	b2f6831af1	Springwatch | Surgeons: At the Edge of Life | Interior Design Masters with Alan Carr
UK: BBC TWO NI ᴿᴬᵂ	BBC Two Ni RAW [UK]	norm-name	UK1	BBC.Two.NI.HD.uk	86	b2f6831af1	Springwatch | Surgeons: At the Edge of Life | Interior Design Masters with Alan Carr
UK: BBC TWO WALES ᴿᴬᵂ	BBC Two Wales RAW [UK]	norm-name	provider_5	BBCTwo.uk@Wales	117	dea4ffe49b	The Phantom of the Open (2021) | Peelers: The PSNI for Real | Two Weeks in August
UK: BFBS SPORT 1 ᴿᴬᵂ	Bfbs Sport 1 RAW [UK]	dummy			0		
UK: BFBS SPORT 2 ᴿᴬᵂ	Bfbs Sport 2 RAW [UK]	dummy			0		
UK: BFBS SPORT 3 ᴿᴬᵂ	Bfbs Sport 3 RAW [UK]	dummy			0		
UK: BFBS SPORT 4 ᴿᴬᵂ	Bfbs Sport 4 RAW [UK]	dummy			0		
UK: BFBS SPORT 5 ᴿᴬᵂ	Bfbs Sport 5 RAW [UK]	dummy			0		
UK: BFBS SPORT 6 ᴿᴬᵂ	Bfbs Sport 6 RAW [UK]	dummy			0		
UK: CHANNEL 4 +1 ◉	Channel 4 +1 [UK]	rescue-token	UK1	Channel.4+1.uk	126	a30a818fcd	Emergency | Ramsay's Kitchen Nightmares USA | Free Nelson Mandela
UK: CHANNEL 4 4K ◉	Channel 4 4K [UK]	rescue-token	UK1	Channel.4.HD.uk	127	e4067bd9bd	Ramsay's Kitchen Nightmares USA | Free Nelson Mandela | Hunting the Debt Predators: Dispatches
UK: CNN 4K ◉	Cnn 4K [UK]	dummy			0		
UK: COMEDY 24/7 ᴴᴰ	Comedy 24/7 HD [UK]	dummy			0		
UK: COMEDY CENTRAL HEVC 4K	Comedy Central HEVC 4K [UK]	norm-name	provider_3	4b524e42-aee7-448b-968a-a05f83bebe49	215	8ca7934640	South Park | Seinfeld | The Office
UK: CRIME INVESTIGATION +1 ◉	Crime Investigation +1 [UK]	norm-name	provider_5	CrimePlusInvestigation.uk@Plus1	0		
UK: CRIME INVESTIGATION 4K ◉	Crime Investigation 4K [UK]	norm-name	provider_3	000a4fef-16ba-4a86-8a45-ca4ac4d30684	132	5853589d73	I Survived | #TextMeWhenYouGetHome | I Killed My BFF
UK: CRUISE 1ST TV	Cruise 1ST TV [UK]	norm-name	UK1	Cruise1st.tv.uk	192	8752da707e	..programmes start at 6am | Derek's Icon of the Seas Escape | No Fly MSC Cruises from £599
UK: DAYSTAR HD ◉	Daystar HD [UK]	norm-name	provider_3	5972cb2f-63d7-47fb-bec3-e1f956f15ceb	228	af2ed63a61	Life Today | Gospel Truth with Andrew Wommack | Manna Fest With Perry Stone
UK: DISCOVERY HEVC 4K	Discovery HEVC 4K [UK]	norm-name	provider_3	4d2c2d58-cb18-44fe-8f9b-96637b1aac60	118	dfa6fb2540	Contraband: Seized at the Border | 120 Hours Behind Bars | In the Eye of the Storm
UK: DISCOVERY HEVC HD	Discovery HEVC HD [UK]	norm-name	provider_3	4d2c2d58-cb18-44fe-8f9b-96637b1aac60	118	dfa6fb2540	Contraband: Seized at the Border | 120 Hours Behind Bars | In the Eye of the Storm
UK: DISCOVERY HISTORY +1	Discovery History +1 [UK]	norm-name	provider_5	DiscoveryHistory.uk@Plus1	0		
UK: DISCOVERY PLUS 4K	Discovery Plus 4K [UK]	dummy			0		
UK: DISCOVERY TURBO +1 ◉	Discovery Turbo +1 [UK]	norm-name	provider_5	DiscoveryTurbo.uk@Plus1	0		
UK: DRAMA + 1 ◉	Drama + 1 [UK]	dummy			0		
UK: DW News ◉	Dw News [UK]	dummy			0		
UK: E4 EXTRA ◉	E4 Extra [UK]	rescue-token	UK1	E4.Extra.uk	102	4538658b32	Taskmaster Bleeped | 8 Out of 10 Cats Does Countdown | Teleshopping
UK: EDGE SPORT ᴿᴬᵂ	Edge Sport RAW [UK]	dummy			0		
UK: EFL-L1 REPLAY 1 HD	Efl-L1 Replay 1 HD [UK]	dummy			0		
UK: EFL-L1 REPLAY 10 HD	Efl-L1 Replay 10 HD [UK]	dummy			0		
UK: EFL-L1 REPLAY 11 HD	Efl-L1 Replay 11 HD [UK]	dummy			0		
UK: EFL-L1 REPLAY 12 HD	Efl-L1 Replay 12 HD [UK]	dummy			0		
UK: EFL-L1 REPLAY 2 HD	Efl-L1 Replay 2 HD [UK]	dummy			0		
UK: EFL-L1 REPLAY 3 HD	Efl-L1 Replay 3 HD [UK]	dummy			0		
UK: EFL-L1 REPLAY 4 HD	Efl-L1 Replay 4 HD [UK]	dummy			0		
UK: EFL-L1 REPLAY 5 HD	Efl-L1 Replay 5 HD [UK]	dummy			0		
UK: EFL-L1 REPLAY 6 HD	Efl-L1 Replay 6 HD [UK]	dummy			0		
UK: EFL-L1 REPLAY 7 HD	Efl-L1 Replay 7 HD [UK]	dummy			0		
UK: EFL-L1 REPLAY 8 HD	Efl-L1 Replay 8 HD [UK]	dummy			0		
UK: EFL-L1 REPLAY 9 HD	Efl-L1 Replay 9 HD [UK]	dummy			0		
UK: EFL-L1 REPLAY INFO HD	Efl-L1 Replay Info HD [UK]	dummy			0		
UK: EFL-L2 REPLAY 1 HD	Efl-L2 Replay 1 HD [UK]	dummy			0		
UK: EFL-L2 REPLAY 10 HD	Efl-L2 Replay 10 HD [UK]	dummy			0		
UK: EFL-L2 REPLAY 11 HD	Efl-L2 Replay 11 HD [UK]	dummy			0		
UK: EFL-L2 REPLAY 12 HD	Efl-L2 Replay 12 HD [UK]	dummy			0		
UK: EFL-L2 REPLAY 2 HD	Efl-L2 Replay 2 HD [UK]	dummy			0		
UK: EFL-L2 REPLAY 3 HD	Efl-L2 Replay 3 HD [UK]	dummy			0		
UK: EFL-L2 REPLAY 4 HD	Efl-L2 Replay 4 HD [UK]	dummy			0		
UK: EFL-L2 REPLAY 5 HD	Efl-L2 Replay 5 HD [UK]	dummy			0		
UK: EFL-L2 REPLAY 6 HD	Efl-L2 Replay 6 HD [UK]	dummy			0		
UK: EFL-L2 REPLAY 7 HD	Efl-L2 Replay 7 HD [UK]	dummy			0		
UK: EFL-L2 REPLAY 8 HD	Efl-L2 Replay 8 HD [UK]	dummy			0		
UK: EFL-L2 REPLAY 9 HD	Efl-L2 Replay 9 HD [UK]	dummy			0		
UK: EFL-L2 REPLAY INFO HD	Efl-L2 Replay Info HD [UK]	dummy			0		
UK: FANDUEL OHIO	Fanduel Ohio [UK]	dummy			0		
UK: FILM 4 4K ◉	Film 4 4K [UK]	rescue-token	provider_13	Film4.uk	20	ca18fa90f3	The Enemy Below | The Lavender Hill Mob | Dad's Army
UK: FOOD NETWORK +1 ◉	Food Network +1 [UK]	norm-name	provider_5	FoodNetwork.uk@Plus1	0		
UK: GOD CHANNEL ◉	God Channel [UK]	norm-name	UK1	GOD.Channel.uk	190	40e78fa607	Bishop Jarron C O'Neal | Voices of Revival - Ps Featherstone | A Significant Life - Ps Jim Graff
UK: GOLD HEVC HD	Gold HEVC HD [UK]	norm-name	provider_13	GOLD.uk	132	b96714390f	Harry Enfield and Chums | Men Behaving Badly | Hi-de-Hi!
UK: GREAT CLASSIC ◉	Great Classic [UK]	dummy			0		
UK: GREAT MOVIES +1 ◉	Great Movies +1 [UK]	rescue-token	UK1	GREAT!.movies+1.uk	128	6afff46299	Good News on GREAT! | Aurora Teagarden Mysteries: Til Death Do Us Part | Killer Reputation
UK: GREAT MOVIES ACTION +1 ◉	Great Movies Action +1 [UK]	dummy			0		
UK: GREAT MYSTERY	Great Mystery [UK]	dummy			0		
UK: GREAT TV CHANNEL +1 ◉	Great TV Channel +1 [UK]	token	UK1	GREAT!.tv+1.uk	131	1fb28edb5d	M*A*S*H | Air Rescue | Good News on GREAT! Extra
UK: GREAT TV ◉	Great TV [UK]	rescue-token	UK1	GREAT!.tv.uk	131	9fc4e69290	M*A*S*H | Air Rescue | Good News on GREAT! Extra
UK: HGTV +1 ◉	Hgtv +1 [UK]	norm-name	provider_5	HGTV.uk@Plus1	0		
UK: HISTORY 2 4K ◉	History 2 4K [UK]	dummy			0		
UK: HISTORY 2 HEVC 4K	History 2 HEVC 4K [UK]	dummy			0		
UK: HISTORY 2 HEVC HD	History 2 HEVC HD [UK]	dummy			0		
UK: HISTORY 4K ◉	History 4K [UK]	norm-name	provider_3	8dc85473-5c44-444f-8ee3-f3ad6da10329	114	b844022c98	Ancient Aliens | Secrets Declassified With David Duchovny | Historic USA Gold
UK: HISTORY HEVC 4K	History HEVC 4K [UK]	norm-name	provider_3	8dc85473-5c44-444f-8ee3-f3ad6da10329	114	b844022c98	Ancient Aliens | Secrets Declassified With David Duchovny | Historic USA Gold
UK: HOBBY MAKER ◉	Hobby Maker [UK]	norm-name	UK1	HobbyMaker.uk	0		
UK: HORROR XTRA ◉	Horror Xtra [UK]	dummy			0		
UK: INVESTIGATION DISCOVERY +1 ◉	Investigation Discovery +1 [UK]	rescue-token	UK1	Discovery+1.uk	115	d86158a200	Wild & Weird America | Deadliest Catch | The Last Woodsmen
UK: ITV 1 4K ◉	ITV 1 4K [UK]	norm-name	provider_13	ITV1.uk	30	4f76c68659	ITV News London | ITV Racing Royal Ascot | ITV Evening News
UK: ITV 1 ᴴᴰ	ITV 1 HD [UK]	norm-name	provider_13	ITV1.uk	30	4f76c68659	ITV News London | ITV Racing Royal Ascot | ITV Evening News
UK: ITV 2 ᴴᴰ	ITV 2 HD [UK]	rescue-token	provider_13	ITV2.uk	55	375b56e25a	The Floor US | The Only Way is Essex | The Real Housewives of Salt Lake City
UK: ITV 4 ᴴᴰ	ITV 4 HD [UK]	rescue-token	provider_13	ITV4.uk	46	74d8d7618f	Magnum, P.I. | The Saint | Boon
UK: ITV ANGLIA EAST ◉	ITV Anglia East [UK]	dummy			0		
UK: ITV ANGLIA TV WEST ◉	ITV Anglia TV West [UK]	token	US2	West.TV.us2	127	086fa480f7	The Restless Gun | The Adventures of Jim Bowie | The Californians
UK: ITV BE ᴴᴰ	ITV BE HD [UK]	norm-name	provider_5	ITVBe.uk@SD	0		
UK: ITV BORDER SCOTLAND ◉	ITV Border Scotland [UK]	dummy			0		
UK: ITV LONDON	ITV London [UK]	dummy			0		
UK: ITV LONDON 4K ◉	ITV London 4K [UK]	dummy			0		
UK: ITV MERIDIAN 4K	ITV Meridian 4K [UK]	dummy			0		
UK: ITV PPV HD 1	ITV PPV HD 1 [UK]	token	provider_13	ITV1.uk	30	4f76c68659	ITV News London | ITV Racing Royal Ascot | ITV Evening News
UK: ITV SIGNED ᴴᴰ	ITV Signed HD [UK]	dummy			0		
UK: ITV TYNE TEES ◉	ITV Tyne Tees [UK]	dummy			0		
UK: ITV X KIDS ᴴᴰ	ITV X Kids HD [UK]	dummy			0		
UK: ITV Yorkshire 4K	ITV Yorkshire 4K [UK]	dummy			0		
UK: LA LIGA - ALAVES 4K	La Liga - Alaves 4K [UK]	dummy			0		
UK: LA LIGA - ALMERÍA 4K	La Liga - AlmerÍA 4K [UK]	dummy			0		
UK: LA LIGA - ATHLETIC BILBAO 4K	La Liga - Athletic Bilbao 4K [UK]	dummy			0		
UK: LA LIGA - ATLETICO MADRID 4K	La Liga - Atletico Madrid 4K [UK]	dummy			0		
UK: LA LIGA - BARCELONA 4K	La Liga - Barcelona 4K [UK]	dummy			0		
UK: LA LIGA - CADIZ 4K	La Liga - Cadiz 4K [UK]	dummy			0		
UK: LA LIGA - CELTA VIGO 4K	La Liga - Celta Vigo 4K [UK]	dummy			0		
UK: LA LIGA - GETAFE 4K	La Liga - Getafe 4K [UK]	dummy			0		
UK: LA LIGA - GIRONA 4K	La Liga - Girona 4K [UK]	dummy			0		
UK: LA LIGA - GRANADA 4K	La Liga - Granada 4K [UK]	dummy			0		
UK: LA LIGA - LAS PALMAS 4K	La Liga - Las Palmas 4K [UK]	dummy			0		
UK: LA LIGA - LEGANES 4K	La Liga - Leganes 4K [UK]	dummy			0		
UK: LA LIGA - MALLORCA 4K	La Liga - Mallorca 4K [UK]	dummy			0		
UK: LA LIGA - OSASUNA 4K	La Liga - Osasuna 4K [UK]	dummy			0		
UK: LA LIGA - RAYO VALLECANO 4K	La Liga - Rayo Vallecano 4K [UK]	dummy			0		
UK: LA LIGA - REAL BETIS 4K	La Liga - Real Betis 4K [UK]	dummy			0		
UK: LA LIGA - REAL MADRID 4K	La Liga - Real Madrid 4K [UK]	dummy			0		
UK: LA LIGA - REAL SOCIEDAD 4K	La Liga - Real Sociedad 4K [UK]	dummy			0		
UK: LA LIGA - SEVILLA 4K	La Liga - Sevilla 4K [UK]	dummy			0		
UK: LA LIGA - VALENCIA 4K	La Liga - Valencia 4K [UK]	dummy			0		
UK: LA LIGA - VILLAREAL 4K	La Liga - Villareal 4K [UK]	dummy			0		
UK: LALIGA HIGHLIGHTS ᴿᴬᵂ	Laliga Highlights RAW [UK]	dummy			0		
UK: LALIGA REPLAY 1 ᴿᴬᵂ	Laliga Replay 1 RAW [UK]	dummy			0		
UK: LALIGA REPLAY 10 ᴿᴬᵂ	Laliga Replay 10 RAW [UK]	dummy			0		
UK: LALIGA REPLAY 2 ᴿᴬᵂ	Laliga Replay 2 RAW [UK]	dummy			0		
UK: LALIGA REPLAY 3 ᴿᴬᵂ	Laliga Replay 3 RAW [UK]	dummy			0		
UK: LALIGA REPLAY 4 ᴿᴬᵂ	Laliga Replay 4 RAW [UK]	dummy			0		
UK: LALIGA REPLAY 5 ᴿᴬᵂ	Laliga Replay 5 RAW [UK]	dummy			0		
UK: LALIGA REPLAY 6 ᴿᴬᵂ	Laliga Replay 6 RAW [UK]	dummy			0		
UK: LALIGA REPLAY 7 ᴿᴬᵂ	Laliga Replay 7 RAW [UK]	dummy			0		
UK: LALIGA REPLAY 8 ᴿᴬᵂ	Laliga Replay 8 RAW [UK]	dummy			0		
UK: LALIGA REPLAY 9 ᴿᴬᵂ	Laliga Replay 9 RAW [UK]	dummy			0		
UK: LALIGA REPLAY ENGLISH 1 ᴿᴬᵂ	Laliga Replay English 1 RAW [UK]	dummy			0		
UK: LALIGA REPLAY ENGLISH 2 ᴿᴬᵂ	Laliga Replay English 2 RAW [UK]	dummy			0		
UK: LALIGA REPLAY INFO ᴿᴬᵂ	Laliga Replay Info RAW [UK]	dummy			0		
UK: LFC TV ᴿᴬᵂ	Lfc TV RAW [UK]	norm-name	provider_5	1618/lfc-tv	0		
UK: LIGUE 1 PPV | MATCH 1	Ligue 1 PPV | Match 1 [UK]	dummy			0		
UK: LIGUE 1 PPV | MATCH 10	Ligue 1 PPV | Match 10 [UK]	dummy			0		
UK: LIGUE 1 PPV | MATCH 2	Ligue 1 PPV | Match 2 [UK]	dummy			0		
UK: LIGUE 1 PPV | MATCH 3	Ligue 1 PPV | Match 3 [UK]	dummy			0		
UK: LIGUE 1 PPV | MATCH 4	Ligue 1 PPV | Match 4 [UK]	dummy			0		
UK: LIGUE 1 PPV | MATCH 5	Ligue 1 PPV | Match 5 [UK]	dummy			0		
UK: LIGUE 1 PPV | MATCH 6	Ligue 1 PPV | Match 6 [UK]	dummy			0		
UK: LIGUE 1 PPV | MATCH 7	Ligue 1 PPV | Match 7 [UK]	dummy			0		
UK: LIGUE 1 PPV | MATCH 8	Ligue 1 PPV | Match 8 [UK]	dummy			0		
UK: LIGUE 1 PPV | MATCH 9	Ligue 1 PPV | Match 9 [UK]	dummy			0		
UK: LOVE ISLAND 24/7 ᴴᴰ	Love Island 24/7 HD [UK]	dummy			0		
UK: LOVE NATURE 4K ◉	Love Nature 4K [UK]	norm-name	provider_3	22f9cdd5-fcae-4f86-af5e-ce4105209af6	128	101faf0973	Africa's Wild Horizons | Wolves and Lions Old Enemies | Big Cats
UK: MIDSOMER MURDERS ᴴᴰ	Midsomer Murders HD [UK]	dummy			0		
UK: MORE 4 4K ◉	More 4 4K [UK]	rescue-token	provider_13	More4.uk	56	3efcd6668b	Come Dine with Me | Four in a Bed | Location, Location, Location
UK: MORE 4+1	More 4+1 [UK]	norm-name	provider_5	More4.uk@SD	0		
UK: MORE4 ◉	MORE4 [UK]	norm-name	provider_5	More4.uk@SD	0		
UK: NATIONAL LEAGUE HIGHLIGHTS ᴿᴬᵂ	National League Highlights RAW [UK]	dummy			0		
UK: NATIONAL LEAGUE REPLAY 1 ᴿᴬᵂ	National League Replay 1 RAW [UK]	dummy			0		
UK: NATIONAL LEAGUE REPLAY 10 ᴿᴬᵂ	National League Replay 10 RAW [UK]	dummy			0		
UK: NATIONAL LEAGUE REPLAY 11 ᴿᴬᵂ	National League Replay 11 RAW [UK]	dummy			0		
UK: NATIONAL LEAGUE REPLAY 12 ᴿᴬᵂ	National League Replay 12 RAW [UK]	dummy			0		
UK: NATIONAL LEAGUE REPLAY 2 ᴿᴬᵂ	National League Replay 2 RAW [UK]	dummy			0		
UK: NATIONAL LEAGUE REPLAY 3 ᴿᴬᵂ	National League Replay 3 RAW [UK]	dummy			0		
UK: NATIONAL LEAGUE REPLAY 4 ᴿᴬᵂ	National League Replay 4 RAW [UK]	dummy			0		
UK: NATIONAL LEAGUE REPLAY 5 ᴿᴬᵂ	National League Replay 5 RAW [UK]	dummy			0		
UK: NATIONAL LEAGUE REPLAY 6 ᴿᴬᵂ	National League Replay 6 RAW [UK]	dummy			0		
UK: NATIONAL LEAGUE REPLAY 7 ᴿᴬᵂ	National League Replay 7 RAW [UK]	dummy			0		
UK: NATIONAL LEAGUE REPLAY 8 ᴿᴬᵂ	National League Replay 8 RAW [UK]	dummy			0		
UK: NATIONAL LEAGUE REPLAY 9 ᴿᴬᵂ	National League Replay 9 RAW [UK]	dummy			0		
UK: NATIONAL LEAGUE REPLAY INFO ᴿᴬᵂ	National League Replay Info RAW [UK]	dummy			0		
UK: NBC NEWS NOW 4K ◉	NBC News Now 4K [UK]	norm-name	provider_3	13037afa-9397-4f2a-b015-069621319ced	116	7fe25d00c8	Morning News NOW | NBC News Daily With Morgan Radford and Vicky Nguyen | NBC News Daily With Kate Snow and Zinhle Essamuah
UK: Oireachtas ◉	Oireachtas [UK]	dummy			0		
UK: PARAMOUNT HD ◉	Paramount HD [UK]	norm-name	provider_13	ParamountNetwork.us	39	f214764edd	Bar Rescue | The Hangover Part III | The Hangover
UK: PICK TV ◉	Pick TV [UK]	dummy			0		
UK: PPV FIGHTING	PPV Fighting [UK]	dummy			0		
UK: PPV MMA 1	PPV Mma 1 [UK]	dummy			0		
UK: PPV MMA 2	PPV Mma 2 [UK]	dummy			0		
UK: PPV MMA 3	PPV Mma 3 [UK]	dummy			0		
UK: PPV SPORTS	PPV Sports [UK]	dummy			0		
UK: PPV UFC	PPV UFC [UK]	dummy			0		
UK: PREMIER SPORTS 1 IRELAND HEVC HD	Premier Sports 1 Ireland HEVC HD [UK]	norm-name	provider_13	PremierSports1.ie	37	d78272dc67	UCL Magazine Show | Sporting Greats | Top 14 Rugby Union
UK: PREMIER SPORTS 2 IRELAND HEVC HD	Premier Sports 2 Ireland HEVC HD [UK]	norm-name	provider_13	PremierSports2.ie	30	15182f9403	Temples of Sport | NASCAR O'Reilly Series | Bike World
UK: REALITY 24/7 ᴴᴰ	Reality 24/7 HD [UK]	dummy			0		
UK: RT AMERICA HD ◉	Rt America HD [UK]	norm-name	provider_11	RTAmerica.us@SD	0		
UK: RT NEWS HD ◉	Rt News HD [UK]	dummy			0		
UK: RT UK HD ◉	Rt UK HD [UK]	dummy			0		
UK: RTE ONE +1 ◉	Rte One +1 [UK]	dummy			0		
UK: SATURDAY NIGHT EVERY NIGHT! ᴴᴰ	Saturday Night Every Night! HD [UK]	dummy			0		
UK: SERIE A - AC MILAN 4K	Serie A - Ac Milan 4K [UK]	dummy			0		
UK: SERIE A - ATALANTA 4K	Serie A - Atalanta 4K [UK]	dummy			0		
UK: SERIE A - BOLOGNA 4K	Serie A - Bologna 4K [UK]	dummy			0		
UK: SERIE A - CAGLIARI 4K	Serie A - Cagliari 4K [UK]	dummy			0		
UK: SERIE A - EMPOLI 4K	Serie A - Empoli 4K [UK]	dummy			0		
UK: SERIE A - FIORENTINA 4K	Serie A - Fiorentina 4K [UK]	dummy			0		
UK: SERIE A - FROSINONE 4K	Serie A - Frosinone 4K [UK]	dummy			0		
UK: SERIE A - GENOA 4K	Serie A - Genoa 4K [UK]	dummy			0		
UK: SERIE A - INTER MILAN 4K	Serie A - Inter Milan 4K [UK]	dummy			0		
UK: SERIE A - JUVENTUS 4K	Serie A - Juventus 4K [UK]	dummy			0		
UK: SERIE A - LAZIO 4K	Serie A - Lazio 4K [UK]	dummy			0		
UK: SERIE A - LECCE 4K	Serie A - Lecce 4K [UK]	dummy			0		
UK: SERIE A - MONZA 4K	Serie A - Monza 4K [UK]	dummy			0		
UK: SERIE A - NAPOLI 4K	Serie A - Napoli 4K [UK]	dummy			0		
UK: SERIE A - ROMA 4K	Serie A - Roma 4K [UK]	dummy			0		
UK: SERIE A - SALERNITANA 4K	Serie A - Salernitana 4K [UK]	dummy			0		
UK: SERIE A - SASSUOLO 4K	Serie A - Sassuolo 4K [UK]	dummy			0		
UK: SERIE A - TORINO 4K	Serie A - Torino 4K [UK]	dummy			0		
UK: SERIE A - UDINESE 4K	Serie A - Udinese 4K [UK]	dummy			0		
UK: SERIE A - VERONA 4K	Serie A - Verona 4K [UK]	dummy			0		
UK: SERIEA HIGHLIGHTS ᴿᴬᵂ	Seriea Highlights RAW [UK]	dummy			0		
UK: SERIEA REPLAY 1 ᴿᴬᵂ	Seriea Replay 1 RAW [UK]	dummy			0		
UK: SERIEA REPLAY 10 ᴿᴬᵂ	Seriea Replay 10 RAW [UK]	dummy			0		
UK: SERIEA REPLAY 2 ᴿᴬᵂ	Seriea Replay 2 RAW [UK]	dummy			0		
UK: SERIEA REPLAY 3 ᴿᴬᵂ	Seriea Replay 3 RAW [UK]	dummy			0		
UK: SERIEA REPLAY 4 ᴿᴬᵂ	Seriea Replay 4 RAW [UK]	dummy			0		
UK: SERIEA REPLAY 5 ᴿᴬᵂ	Seriea Replay 5 RAW [UK]	dummy			0		
UK: SERIEA REPLAY 6 ᴿᴬᵂ	Seriea Replay 6 RAW [UK]	dummy			0		
UK: SERIEA REPLAY 7 ᴿᴬᵂ	Seriea Replay 7 RAW [UK]	dummy			0		
UK: SERIEA REPLAY 8 ᴿᴬᵂ	Seriea Replay 8 RAW [UK]	dummy			0		
UK: SERIEA REPLAY 9 ᴿᴬᵂ	Seriea Replay 9 RAW [UK]	dummy			0		
UK: SERIEA REPLAY INFO ᴿᴬᵂ	Seriea Replay Info RAW [UK]	dummy			0		
UK: SKY BOX OFFICE 4K	Sky Box Office 4K [UK]	dummy			0		
UK: SKY BOX OFFICE HD	Sky Box Office HD [UK]	dummy			0		
UK: SKY BOX OFFICE HEVC	Sky Box Office HEVC [UK]	dummy			0		
UK: SKY CINEMA ACTION 4K	Sky Cinema Action 4K [UK]	rescue-token	provider_13	skyaction.uk	25	89ac42fc2e	Gladiator II (2024) | Bad Boys (1995) | Fuze (2025)
UK: SKY CINEMA ACTION HEVC HD	Sky Cinema Action HEVC HD [UK]	rescue-token	provider_13	skyaction.uk	25	89ac42fc2e	Gladiator II (2024) | Bad Boys (1995) | Fuze (2025)
UK: SKY CINEMA SELECT HD ◉	Sky Cinema Select HD [UK]	norm-name	UK1	Sky.Cinema.Select.uk	48	065e8449dd	Weapons | Escape From New York | Juror #2
UK: SKY CINEMA SELECT/FEEL GOOD HEVC 4K	Sky Cinema Select/Feel Good HEVC 4K [UK]	token	UK1	Sky.Cinema.Select.uk	48	065e8449dd	Weapons | Escape From New York | Juror #2
UK: SKY CINEMA SELECT/FEEL GOOD HEVC HD	Sky Cinema Select/Feel Good HEVC HD [UK]	token	UK1	Sky.Cinema.Select.uk	48	065e8449dd	Weapons | Escape From New York | Juror #2
UK: SKY CINEMA SUPERHEROES HD ◉	Sky Cinema Superheroes HD [UK]	dummy			0		
UK: SKY CRIME +1 ◉	Sky Crime +1 [UK]	rescue-token	UK1	Sky.Crime+1.uk	101	59e77ad535	World's Most Evil Killers | Killing Mum And Dad | Murders That Shocked The Nation
UK: SKY ONE 4K	Sky One 4K [UK]	token	UK1	Sky.One.HD.uk	119	6fb0bac335	Grimm | Hawaii Five-0 | S.W.A.T.
UK: SKY ONE HD	Sky One HD [UK]	token	UK1	Sky.One.HD.uk	119	6fb0bac335	Grimm | Hawaii Five-0 | S.W.A.T.
UK: SKY ONE HEVC HD	Sky One HEVC HD [UK]	token	UK1	Sky.One.HD.uk	119	6fb0bac335	Grimm | Hawaii Five-0 | S.W.A.T.
UK: SKY SHOWCASE 4K	Sky Showcase 4K [UK]	norm-name	provider_5	SkyShowcase.uk@SD	0		
UK: SKY SPORT PLUS ᴿᴬᵂ	Sky Sport Plus RAW [UK]	dummy			0		
UK: SKY SPORTS 1 ᵁᴴᴰ ³⁸⁴⁰ᴾ	Sky Sports 1 UHD 3840p [UK]	dummy-forced			0		
UK: SKY SPORTS 2 ᵁᴴᴰ ³⁸⁴⁰ᴾ	Sky Sports 2 UHD 3840p [UK]	dummy-forced			0		
UK: SKY SPORTS DARTS ᵁᴴᴰ ³⁸⁴⁰ᴾ	Sky Sports Darts UHD 3840p [UK]	dup-feed-scrub	provider_13	SkySportsF1.uk	0		
UK: SKY SPORTS MAIN EVENTS ᵁᴴᴰ ³⁸⁴⁰ᴾ	Sky Sports Main Events UHD 3840p [UK]	rescue-token	provider_13	skysportsplus.uk	34	e04342cc68	ICC Women's T20 World Cup | World Cup Matchday | World Cup Report
UK: SONY ACTION ◉	Sony Action [UK]	dummy			0		
UK: SPFL REPLAY 1 ᴿᴬᵂ	SPFL Replay 1 RAW [UK]	dummy			0		
UK: SPFL REPLAY 2 ᴿᴬᵂ	SPFL Replay 2 RAW [UK]	dummy			0		
UK: SPFL REPLAY 3 ᴿᴬᵂ	SPFL Replay 3 RAW [UK]	dummy			0		
UK: SPFL REPLAY 4 ᴿᴬᵂ	SPFL Replay 4 RAW [UK]	dummy			0		
UK: SPFL REPLAY 5 ᴿᴬᵂ	SPFL Replay 5 RAW [UK]	dummy			0		
UK: SPFL REPLAY 6 ᴿᴬᵂ	SPFL Replay 6 RAW [UK]	dummy			0		
UK: SPFL REPLAY HIGHLIGHTS ᴿᴬᵂ	SPFL Replay Highlights RAW [UK]	dummy			0		
UK: SPFL REPLAY INFO ᴿᴬᵂ	SPFL Replay Info RAW [UK]	dummy			0		
UK: STV NORTH ◉	Stv North [UK]	norm-name	provider_5	STVNorth.uk@SD	111	af1c93046a	All Elite Wrestling: Collision | Unwind with STV | James Martin's American Adventure
UK: THE CHASE ᴴᴰ	The Chase HD [UK]	dummy			0		
UK: TNT SPORT ULTIMATE ᵁᴴᴰ ³⁸⁴⁰ᴾ	TNT Sport Ultimate UHD 3840p [UK]	dummy			0		
UK: TNT SPORTS BOX OFFICE 4K	TNT Sports Box Office 4K [UK]	dup-feed-scrub	UK1	TNT.Sports.Box.Office.uk	0		
UK: TNT SPORTS BOX OFFICE HD	TNT Sports Box Office HD [UK]	dup-feed-scrub	UK1	TNT.Sports.Box.Office.uk	0		
UK: TNT SPORTS BOX OFFICE HEVC	TNT Sports Box Office HEVC [UK]	dup-feed-scrub	UK1	TNT.Sports.Box.Office.uk	0		
UK: TNT SPORTS EVENT 1	TNT Sports Event 1 [UK]	rescue-token	provider_13	tntsports1.uk	33	2564480b23	Major League Baseball | UEFA Europa League Goals Reload | UEFA Champions League Goals Reload
UK: TNT SPORTS EVENT 10	TNT Sports Event 10 [UK]	rescue-token	UK1	TNT.Sports.10.HD.uk	11	ae4d69a6b2	This is TNT Sports 10 | Live: Women's Cycling Pro Series | Live: Men's Cycling World Tour
UK: TNT SPORTS EVENT 11	TNT Sports Event 11 [UK]	dummy			0		
UK: TNT SPORTS EVENT 12	TNT Sports Event 12 [UK]	dummy			0		
UK: TNT SPORTS EVENT 13	TNT Sports Event 13 [UK]	dummy			0		
UK: TNT SPORTS EVENT 14	TNT Sports Event 14 [UK]	dummy			0		
UK: TNT SPORTS EVENT 15	TNT Sports Event 15 [UK]	dummy			0		
UK: TNT SPORTS EVENT 16	TNT Sports Event 16 [UK]	dummy			0		
UK: TNT SPORTS EVENT 17	TNT Sports Event 17 [UK]	dummy			0		
UK: TNT SPORTS EVENT 18	TNT Sports Event 18 [UK]	dummy			0		
UK: TNT SPORTS EVENT 2	TNT Sports Event 2 [UK]	rescue-token	provider_13	tntsports2.uk	40	f4f9e40c3c	Tour de Suisse | The Cycling Show | Ultimate Pool Champions League
UK: TNT SPORTS EVENT 3	TNT Sports Event 3 [UK]	rescue-token	provider_13	tntsports3.uk	45	f52f725e07	Premier League Stories | Tour de Suisse | It's a Number's Game
UK: TNT SPORTS EVENT 4	TNT Sports Event 4 [UK]	rescue-token	provider_13	tntsports4.uk	44	78cf63c195	Endurance Uncovered: Racing for Excellence | Belgium Tour | FIM Superbike World Championship Motorcycle Racing
UK: TNT SPORTS EVENT 5	TNT Sports Event 5 [UK]	rescue-token	UK1	TNT.Sports.5.HD.uk	14	4b794c486e	This is TNT Sports 5 | Live: Giro d'Italia Next Gen Men | Live: IFSC Climbing World Series
UK: TNT SPORTS EVENT 6	TNT Sports Event 6 [UK]	rescue-token	UK1	TNT.Sports.6.HD.uk	13	4981c9932a	This is TNT Sports 6 | Live: Men's Cycling Pro Series | Live: ABB FIA Formula E World Championship
UK: TNT SPORTS EVENT 7	TNT Sports Event 7 [UK]	rescue-token	UK1	TNT.Sports.7.HD.uk	12	1b2438b112	This is TNT Sports 7 | Live: Women's Cycling Pro Series | Live: Men's Cycling Pro Series
UK: TNT SPORTS EVENT 8	TNT Sports Event 8 [UK]	rescue-token	UK1	TNT.Sports.8.HD.uk	14	8d306a83bb	This is TNT Sports 8 | Live: Men's Cycling Pro Series | Live AFL
UK: TNT SPORTS EVENT 9	TNT Sports Event 9 [UK]	rescue-token	UK1	TNT.Sports.9.HD.uk	13	9f0ae2dd48	This is TNT Sports 9 | Live: ABB FIA Formula E World Championship | Live: Giro d'Italia Next Gen Men
UK: TOWIE TV ᴴᴰ	Towie TV HD [UK]	dummy			0		
UK: TRAVEL CHANNEL ◉	Travel Channel [UK]	norm-name	provider_3	088ffb78-2fed-4ebb-bf13-bf009d0700d7	124	0b4c5dfb79	Beyond the Unknown | The Jersey Devil: Monster in the Pines | American Mobster: Mysteries at the Museum
UK: TRT WORLD ◉	Trt World [UK]	token	UK1	TRT.World.HD.uk	186	c19ded4ca0	News | Africa Matters | Newsfeed
UK: TRUE MOVIES +1 ◉	True Movies +1 [UK]	dummy			0		
UK: TRUE MOVIES ◉	True Movies [UK]	dummy			0		
UK: UK: SKY ONE HEVC 4K	UK: Sky One HEVC 4K [UK]	token	UK1	Sky.One.HD.uk	119	6fb0bac335	Grimm | Hawaii Five-0 | S.W.A.T.
UK: VERA ᴴᴰ	Vera HD [UK]	dummy			0		
UK: W! - WATCH 4K ◉	W! - Watch 4K [UK]	dummy			0		
UK: WATCH +1 ◉	Watch +1 [UK]	dummy			0		
UK: WATCH HEVC 4K	Watch HEVC 4K [UK]	dummy			0		
UK: WATCH HEVC HD	Watch HEVC HD [UK]	dummy			0		
UK: WILLOW 01	Willow 01 [UK]	dummy			0		
UK: WILLOW 02	Willow 02 [UK]	dummy			0		
UK: WILLOW 03	Willow 03 [UK]	dummy			0		
UK: WILLOW 04	Willow 04 [UK]	dummy			0		
UK: WILLOW 05	Willow 05 [UK]	dummy			0		
US: A WEALTH OF ENTERTAINMENT (AWE)	A Wealth Of Entertainment (Awe) [US]	rescue-token	US2	AWE.A.Wealth.of.Entertainment.HD.us2	164	f85e06ad74	Behind the Gates | A Taste of Travel | Dream Cruises
US: ABC (EAST)	ABC (East) [US]	norm-name	provider_11	ABC.us@East	0		
US: ABC (KABC)	ABC (KABC) [US]	callsign	US_LOCALS1	KABC-DT.us_locals1	116	2e9f775d56	Will Trent | Eyewitness News 11PM | Jimmy Kimmel Live!
US: ABC (KDNL)	ABC (KDNL) [US]	callsign	US_LOCALS1	KDNL-DT.us_locals1	123	43ddee24ba	Nightline | The Perfect Line | Your Little Castle
US: ABC (KGO) SAN FRANCISCO CALIFORNIA	ABC (KGO) San Francisco California [US]	callsign	US_LOCALS1	KGO-LD.us_locals1	118	7bd6c686f1	Will Trent | ABC7 Eyewitness News 11:00PM | Jimmy Kimmel Live!
US: ABC (KMGH)	ABC (KMGH) [US]	callsign	provider_13	KMGH.us	65	ff7bc66dc1	Good Morning America | Live with Kelly and Mark | The View
US: ABC (KNXV)	ABC (KNXV) [US]	callsign	provider_13	KNXV.us	55	2fd43bda93	ABC15 News at 6:00AM | Good Morning America | Sonoran Living
US: ABC (KOAT) ALBUQUERQUE NEW MEXICO	ABC (KOAT) Albuquerque New Mexico [US]	callsign	US_LOCALS1	KOAT-DT.us_locals1	113	91b9642298	Jimmy Kimmel Live! | Nightline | Entertainment Tonight
US: ABC (KOCO)	ABC (KOCO) [US]	callsign	US_LOCALS1	KOCO-DT.us_locals1	117	9368943a0a	Nightline | In Depth With Graham Bensinger | Access Hollywood
US: ABC (KOMO)	ABC (KOMO) [US]	callsign	US_LOCALS1	KOMO-DT.us_locals1	123	ec75bdab38	Will Trent | Live: KOMO 4 News 11:00pm | Jimmy Kimmel Live!
US: ABC (KTNV)	ABC (KTNV) [US]	callsign	US_LOCALS1	KTNV-DT.us_locals1	123	6527c36963	Will Trent | Channel 13 News at 11PM | Jimmy Kimmel Live!
US: ABC (WABC)	ABC (WABC) [US]	callsign	US_LOCALS1	WABC-DT.us_locals1	108	d01e2df7be	Nightline | ABC World News Tonight With David Muir | Live with Kelly and Mark
US: ABC (WCPO)	ABC (WCPO) [US]	callsign	US_LOCALS1	WCPO-DT.us_locals1	123	9d7eaf37d7	Nightline | Good Morning Football: Overtime | In Depth With Graham Bensinger
US: ABC (WCVB)	ABC (WCVB) [US]	callsign	US_LOCALS1	WCVB-DT.us_locals1	122	130f5eec46	Nightline | Tamron Hall | 25 Words or Less
US: ABC (WDAY) FARGO HD	ABC (WDAY) Fargo HD [US]	callsign	US_LOCALS1	WDAY-DT.us_locals1	127	3f9761c463	Nightline | Paid Programming | 25 Words or Less
US: ABC (WFAA)	ABC (WFAA) [US]	callsign	provider_13	WFAA.us	62	490299e39f	Good Morning Texas | The View | Midday News
US: ABC (WJLA)	ABC (WJLA) [US]	callsign	US_LOCALS1	WJLA-DT.us_locals1	124	ced8acc5e7	Nightline | Under Eye Bags? SOLUTION! | The Drew Barrymore Show
US: ABC (WLS)	ABC (WLS) [US]	callsign	provider_13	WLS.us	60	670c4419a3	Live with Kelly and Mark | The View | ABC7 Eyewitness News at 11am
US: ABC (WMAR)	ABC (WMAR) [US]	callsign	US_LOCALS1	WMAR-DT.us_locals1	137	afab16ff01	Nightline | Good Morning Football: Overtime | The Aging Brain
US: ABC (WMTW) PORTLAND MAINE	ABC (WMTW) Portland Maine [US]	callsign	US_LOCALS1	WMTW-LD.us_locals1	115	80b2a06662	Nightline | Access Hollywood | InvestigateTV
US: ABC (WPLG)	ABC (WPLG) [US]	callsign	provider_13	WPLG.us	62	6bb1bd0bee	Local 10 News at 9AM | Local 10 News | Live with Kelly and Mark
US: ABC (WPVI)	ABC (WPVI) [US]	callsign	US_LOCALS1	WPVI-DT.us_locals1	124	b94d53e5ef	Nightline | ABC World News Tonight With David Muir | Live with Kelly and Mark
US: ABC (WTAE)	ABC (WTAE) [US]	callsign	US_LOCALS1	WTAE-DT.us_locals1	111	bebeea9727	Nightline | The Jennifer Hudson Show | Access Hollywood
US: ABC (WTVD) DURHAM NORTH CAROLINA	ABC (WTVD) Durham North Carolina [US]	callsign	US_LOCALS1	WTVD-DT.us_locals1	120	908e8dd6f7	Nightline | ABC World News Tonight With David Muir | Live with Kelly and Mark
US: ABC (WXYZ)	ABC (WXYZ) [US]	callsign	US_LOCALS1	WXYZ-DT.us_locals1	122	cb396027ce	Nightline | Entertainment Tonight | iCRIME With Elizabeth Vargas
US: ABC (WZVN) FORT MYERS FLORIDA	ABC (WZVN) Fort Myers Florida [US]	callsign	US_LOCALS1	WZVN-DT.us_locals1	120	cefdc59a29	Nightline | Entertainment Tonight | Extra
US: ABC 10 (KAKE) WICHITA HD	ABC 10 (KAKE) Wichita HD [US]	callsign	US_LOCALS1	KAKE-DT.us_locals1	120	7c35c4d0a6	Nightline | Entertainment Tonight | KAKE News at 10pm
US: ABC 10 (KGTV) SAN DIEGO HD	ABC 10 (KGTV) San Diego HD [US]	callsign	US_LOCALS1	KGTV-DT.us_locals1	118	a2c528dbd6	Will Trent | 10News at 11pm | Jimmy Kimmel Live!
US: ABC 10 (KXTV) SACRAMENTO HD	ABC 10 (KXTV) Sacramento HD [US]	callsign	US_LOCALS1	KXTV-DT.us_locals1	120	5c01cfd429	Will Trent | ABC10 Late News Tonight | Jimmy Kimmel Live!
US: ABC 10 (WPLG) MIAMI HD	ABC 10 (WPLG) Miami HD [US]	callsign	provider_13	WPLG.us	62	6bb1bd0bee	Local 10 News at 9AM | Local 10 News | Live with Kelly and Mark
US: ABC 10 MiIAMI (WPLG)	ABC 10 Miiami (WPLG) [US]	callsign	provider_13	WPLG.us	62	6bb1bd0bee	Local 10 News at 9AM | Local 10 News | Live with Kelly and Mark
US: ABC 11 DURHAM NC (WTVD) HD	ABC 11 Durham Nc (WTVD) HD [US]	callsign	US_LOCALS1	WTVD-DT.us_locals1	120	908e8dd6f7	Nightline | ABC World News Tonight With David Muir | Live with Kelly and Mark
US: ABC 11 HD [RALEIGH]	ABC 11 HD [Raleigh] [US]	dummy			0		
US: ABC 11 MERIDIAN MS (WTOK) HD	ABC 11 Meridian Ms (WTOK) HD [US]	callsign	US_LOCALS1	WTOK-DT.us_locals1	137	6bfa7282d6	Nightline | InvestigateTV+ | iCRIME With Elizabeth Vargas
US: ABC 12 (KODE) JOPLIN	ABC 12 (KODE) Joplin [US]	callsign	US_LOCALS1	KODE-DT.us_locals1	133	6131dcb617	Nightline | iCRIME With Elizabeth Vargas | Extra
US: ABC 12 (KSAT) SAN ANTONIO HD	ABC 12 (KSAT) San Antonio HD [US]	callsign	US_LOCALS1	KSAT-DT.us_locals1	126	9810235595	Nightline | Paid Programming | Judy Justice
US: ABC 12 (WISN) MILWAUKEE HD	ABC 12 (WISN) Milwaukee HD [US]	callsign	US_LOCALS1	WISN-DT.us_locals1	118	49c17a028d	Nightline | Access Hollywood | WISN 12 News at 10
US: ABC 13 (WBKO) BOWLING GREEN	ABC 13 (WBKO) Bowling Green [US]	callsign	US_LOCALS1	WBKO-DT.us_locals1	118	143b37c988	Nightline | Extra | InvestigateTV+
US: ABC 13 ANCHORAGE AK (KYUR)	ABC 13 Anchorage Ak (KYUR) [US]	callsign	US_LOCALS1	KYUR-DT.us_locals1	134	a1f7dcaca2	Will Trent | ABC News at 10 | Jimmy Kimmel Live!
US: ABC 13 Asheville	ABC 13 Asheville [US]	dummy			0		
US: ABC 13 GRAND RAPIDS MI (WZZM)	ABC 13 Grand Rapids Mi (WZZM) [US]	callsign	US_LOCALS1	WZZM-DT.us_locals1	130	2ab752db55	Nightline | Entertainment Tonight | WZZM 13 News at 11pm
US: ABC 13 HD [HAMPTON ROADS]	ABC 13 HD [Hampton Roads] [US]	dummy			0		
US: ABC 13 HD [LAS VEGAS]	ABC 13 HD [Las Vegas] [US]	dummy			0		
US: ABC 13 LYNCHBURG VA (WSET)	ABC 13 Lynchburg Va (WSET) [US]	callsign	US_LOCALS1	WSET-DT.us_locals1	132	75800173da	Nightline | Extra | Secret to More Energy, Better Focus & Restful Sleep
US: ABC 13 TOLEDO OH (WTVG)	ABC 13 Toledo Oh (WTVG) [US]	callsign	US_LOCALS1	WTVG-DT.us_locals1	132	e38c39e78a	Nightline | Inside Edition | InvestigateTV+
US: ABC 15 (WPDE) FLORENCE	ABC 15 (WPDE) Florence [US]	callsign	US_LOCALS1	WPDE-DT.us_locals1	119	48e085f949	Nightline | Bathroom Makeover | Dateline
US: ABC 16 (WAPT) JACKSON HD	ABC 16 (WAPT) Jackson HD [US]	callsign	US_LOCALS1	WAPT-DT.us_locals1	117	fb90af8eb8	Nightline | Tamron Hall | WAPT 10p News
US: ABC 16 (WNEP)	ABC 16 (WNEP) [US]	callsign	US_LOCALS1	WNEP-DT.us_locals1	129	3b445a147a	Nightline | Live with Kelly and Mark | ABC World News Now
US: ABC 18 DOTHAN AL (WDHN) HD	ABC 18 Dothan Al (WDHN) HD [US]	callsign	US_LOCALS1	WDHN-DT.us_locals1	123	32f64d4029	Nightline | The Neighborhood | Seinfeld
US: ABC 2 (KATU) PORTLAND (A) HD	ABC 2 (KATU) Portland HD [US]	callsign	US_LOCALS1	KATU-DT2.us_locals1	141	9ce7b84997	Live: ARC Portland | ARC Portland | Live: KATU News at 11
US: ABC 2 (WKRN) NASHVILLE HD	ABC 2 (WKRN) Nashville HD [US]	callsign	US_LOCALS1	WKRN-DT.us_locals1	117	ad807e8254	Nightline | Extra | Chicago Fire
US: ABC 2 HD [ATLANTA]	ABC 2 HD [Atlanta] [US]	dummy			0		
US: ABC 2 HD [BALTIMORE]	ABC 2 HD [Baltimore] [US]	dummy			0		
US: ABC 2 HD [BATON ROUGE]	ABC 2 HD [Baton Rouge] [US]	dummy			0		
US: ABC 20 (WICS) Springfield	ABC 20 (WICS) Springfield [US]	callsign	US_LOCALS1	WICS-DT.us_locals1	128	cc2580c7e8	Nightline | Extra | Entertainment Tonight
US: ABC 20 HD [GAINESVILLE]	ABC 20 HD [Gainesville] [US]	dummy			0		
US: ABC 22 (WKEF) DAYTON	ABC 22 (WKEF) Dayton [US]	callsign	US_LOCALS1	WKEF-DT.us_locals1	129	68f9b217c3	Nightline | Crime Exposé With Nancy O'Dell | Seinfeld
US: ABC 22 WJCL Savannah	ABC 22 Wjcl Savannah [US]	dummy			0		
US: ABC 23 (KERO) BAKERSFIELD (H)	ABC 23 (KERO) Bakersfield [US]	callsign	US_LOCALS1	KERO-DT.us_locals1	121	146cdb73e9	Will Trent | 23ABC News at 11pm | Jimmy Kimmel Live!
US: ABC 24 (WATN) MEMPHIS HD	ABC 24 (WATN) Memphis HD [US]	callsign	US_LOCALS1	WATN-DT.us_locals1	136	41c972b379	Nightline | Extra | Young Sheldon
US: ABC 24 (WJET) ERIE	ABC 24 (WJET) Erie [US]	callsign	US_LOCALS1	WJET-DT.us_locals1	129	b8971bb082	Nightline | Entertainment Tonight | Paid Programming
US: ABC 25 (WPBF) West Palm Beach HD	ABC 25 (WPBF) West Palm Beach HD [US]	callsign	US_LOCALS1	WPBF-DT.us_locals1	113	6e04adbb44	Nightline | WPBF 25 News at 11:00 | Relieve your foot pain with WalkFit!
US: ABC 25 HD [DISCTRICT OF COLUMBIA]	ABC 25 HD [Disctrict Of Columbia] [US]	dummy			0		
US: ABC 25 JACKSONVILLE FL (WJXX)	ABC 25 Jacksonville Fl (WJXX) [US]	callsign	US_LOCALS1	WJXX-DT.us_locals1	135	cf6cfc752f	Nightline | 25 Words or Less | Judge Judy
US: ABC 27 HD [HARRISBURG]	ABC 27 HD [Harrisburg] [US]	dummy			0		
US: ABC 27 HD [MADISON]	ABC 27 HD [Madison] [US]	dummy			0		
US: ABC 27 WTXL TALLAHASSEE HD	ABC 27 Wtxl Tallahassee HD [US]	dummy			0		
US: ABC 28 (WFTS) TAMPA BAY HD	ABC 28 (WFTS) Tampa Bay HD [US]	callsign	US_LOCALS1	WFTS-DT.us_locals1	125	e4688a9cd6	Nightline | Tampa Bay's Morning Blend | Relief For Neuropathy Pain!
US: ABC 3 (KOTA) RAPID CITY	ABC 3 (KOTA) Rapid City [US]	callsign	US_LOCALS1	KOTA-DT.us_locals1	128	6908a3eafc	Jimmy Kimmel Live! | Nightline | InvestigateTV+
US: ABC 3 CORPUS CHRISTI TX (KIII) HD	ABC 3 Corpus Christi Tx (KIII) HD [US]	callsign	US_LOCALS1	KIII-DT.us_locals1	122	b911979243	Nightline | Natural Blood Pressure Management | Modern Family
US: ABC 3 HD [PENSACOLA]	ABC 3 HD [Pensacola] [US]	dummy			0		
US: ABC 3 HD [SHREVEPORT]	ABC 3 HD [Shreveport] [US]	dummy			0		
US: ABC 3 WSIL	ABC 3 Wsil [US]	dummy			0		
US: ABC 30 (KDNL) ST. LOUIS HD	ABC 30 (KDNL) St. Louis HD [US]	callsign	US_LOCALS1	KDNL-DT.us_locals1	123	43ddee24ba	Nightline | The Perfect Line | Your Little Castle
US: ABC 30 (KFSN) FRESNO HD	ABC 30 (KFSN) Fresno HD [US]	callsign	US_LOCALS1	KFSN-DT.us_locals1	122	3a532e0eaa	Will Trent | Action News Live at 11 | Jimmy Kimmel Live!
US: ABC 31 HUNTSVILLE AL (WAAY)	ABC 31 Huntsville Al (WAAY) [US]	callsign	US_LOCALS1	WAAY-DT.us_locals1	132	6e998b0863	Nightline | WAAY 31 News at 10 | Funny You Should Ask
US: ABC 33 BIRMINGHAM AL (WABM) HD	ABC 33 Birmingham Al (WABM) HD [US]	callsign	US_LOCALS1	WABM-DT.us_locals1	133	bce8a1bd5d	Crime Exposé With Nancy O'Dell | 48 Hours | Last Man Standing
US: ABC 33 SPRINGFIELD MO (KSPR) HD	ABC 33 Springfield Mo (KSPR) HD [US]	callsign	US_LOCALS1	KSPR-LD.us_locals1	126	bd9cf69824	Nightline | KSPR News at 10 | InvestigateTV+
US: ABC 33/40 HD [BIRMINGHAM]	ABC 33/40 HD [Birmingham] [US]	dummy			0		
US: ABC 36 HD [LEXINGTON]	ABC 36 HD [Lexington] [US]	dummy			0		
US: ABC 4 (KOMO) SEATTLE HD	ABC 4 (KOMO) Seattle HD [US]	callsign	US_LOCALS1	KOMO-DT.us_locals1	123	ec75bdab38	Will Trent | Live: KOMO 4 News 11:00pm | Jimmy Kimmel Live!
US: ABC 4 (KTVX) SALT LAKE CITY HD	ABC 4 (KTVX) Salt Lake City HD [US]	callsign	US_LOCALS1	KTVX-DT.us_locals1	126	644c1f2b6d	Jimmy Kimmel Live! | Nightline | InvestigateTV+
US: ABC 4 HD [CHARLESTON]	ABC 4 HD [Charleston] [US]	dummy			0		
US: ABC 4 HD [HONOLULU]	ABC 4 HD [Honolulu] [US]	dummy			0		
US: ABC 45 HD [WINSTON-SALEM]	ABC 45 HD [Winston-Salem] [US]	dummy			0		
US: ABC 5 (WCVB) BOSTON HD	ABC 5 (WCVB) Boston HD [US]	callsign	US_LOCALS1	WCVB-DT.us_locals1	122	130f5eec46	Nightline | Tamron Hall | 25 Words or Less
US: ABC 5 (WEWS) CLEVELAND HD	ABC 5 (WEWS) Cleveland HD [US]	callsign	US_LOCALS1	WEWS-DT.us_locals1	120	4769c61c93	Nightline | Suits | Access Hollywood
US: ABC 5 HD [OKLAHOMA CITY]	ABC 5 HD [Oklahoma City] [US]	dummy			0		
US: ABC 5 HD [ST. PAUL]	ABC 5 HD [St. Paul] [US]	dummy			0		
US: ABC 5 WEST DES MOINES IA (WOI)	ABC 5 West Des Moines Ia (WOI) [US]	callsign	US_LOCALS1	WOI-DT.us_locals1	118	e3782e57d0	Nightline | Dateline | Will Trent
US: ABC 6 (WPVI) PHILADELPHIA HD	ABC 6 (WPVI) Philadelphia HD [US]	callsign	US_LOCALS1	WPVI-DT.us_locals1	124	b94d53e5ef	Nightline | ABC World News Tonight With David Muir | Live with Kelly and Mark
US: ABC 6 (WRTV) INDIANAPOLIS HD	ABC 6 (WRTV) Indianapolis HD [US]	callsign	US_LOCALS1	WRTV-DT.us_locals1	121	9369b05595	Nightline | Divine Life Transformation with Samantha Taylor | Paid Programming
US: ABC 6 (WSYX) COLUMBUS HD	ABC 6 (WSYX) Columbus HD [US]	callsign	US_LOCALS1	WSYX-DT3.us_locals1	118	b9fde76b3e	Modern Family | Young Sheldon | TMZ
US: ABC 6 HD [AUGUSTA]	ABC 6 HD [Augusta] [US]	dummy			0		
US: ABC 6 WESLACO TX (KRGV) HD	ABC 6 Weslaco Tx (KRGV) HD [US]	callsign	US_LOCALS1	KRGV-DT.us_locals1	126	1af0775c9b	Nightline | Law & Order: Special Victims Unit | Seinfeld
US: ABC 7 (KABC) LOS ANGELES HD	ABC 7 (KABC) Los Angeles HD [US]	callsign	US_LOCALS1	KABC-DT.us_locals1	116	2e9f775d56	Will Trent | Eyewitness News 11PM | Jimmy Kimmel Live!
US: ABC 7 (KGO) SAN FRANCISCO HD	ABC 7 (KGO) San Francisco HD [US]	callsign	US_LOCALS1	KGO-LD.us_locals1	118	a4b9d1849a	Will Trent | ABC7 Eyewitness News 11:00PM | Jimmy Kimmel Live!
US: ABC 7 (WJLA) WASHINGTON HD	ABC 7 (WJLA) Washington HD [US]	callsign	US_LOCALS1	WJLA-DT.us_locals1	124	ced8acc5e7	Nightline | Under Eye Bags? SOLUTION! | The Drew Barrymore Show
US: ABC 7 (WXYZ) DETROIT HD	ABC 7 (WXYZ) Detroit HD [US]	callsign	US_LOCALS1	WXYZ-DT.us_locals1	122	cb396027ce	Nightline | Entertainment Tonight | iCRIME With Elizabeth Vargas
US: ABC 7 HD [BUFFALO]	ABC 7 HD [Buffalo] [US]	dummy			0		
US: ABC 7 HD [EL PASO]	ABC 7 HD [El Paso] [US]	dummy			0		
US: ABC 7 HD [FORT MYERS]	ABC 7 HD [Fort Myers] [US]	dummy			0		
US: ABC 7 NEW YORK	ABC 7 New York [US]	dummy			0		
US: ABC 8 (WTNH) NEW HAVEN HD	ABC 8 (WTNH) New Haven HD [US]	callsign	US_LOCALS1	WTNH-DT.us_locals1	127	ae36043461	Nightline | Extra | Entertainment Tonight
US: ABC 8 RICHMOND VA (WRIC)	ABC 8 Richmond Va (WRIC) [US]	callsign	US_LOCALS1	WRIC-DT.us_locals1	123	d5f06166bf	Nightline | Dateline | The Drew Barrymore Show
US: ABC 9 (KMBC) KANSAS CITY HD	ABC 9 (KMBC) Kansas City HD [US]	callsign	US_LOCALS1	KMBC-DT.us_locals1	120	240b6eb7d2	Nightline | Entertainment Tonight | Extra
US: ABC 9 (WFTV) ORLANDO HD	ABC 9 (WFTV) Orlando HD [US]	callsign	US_LOCALS1	WFTV-DT.us_locals1	131	110b49241e	Nightline | National News Now | Court Cam
US: ABC 9 CEDAR RAPIDS IA (KCRG) HD	ABC 9 Cedar Rapids Ia (KCRG) HD [US]	callsign	US_LOCALS1	KCRG-DT.us_locals1	119	b51619363a	Nightline | Dateline | The Big Bang Theory
US: ABC 9 COLUMBUS GA (WTVM) HD	ABC 9 Columbus Ga (WTVM) HD [US]	callsign	US_LOCALS1	WTVM-DT.us_locals1	138	470239adde	Nightline | WTVM News Leader 9 at 11 | iCRIME With Elizabeth Vargas
US: ABC 9 HD [CHARLOTTE]	ABC 9 HD [Charlotte] [US]	dummy			0		
US: ABC 9 HD [MANCHESTER]	ABC 9 HD [Manchester] [US]	dummy			0		
US: ABC 9 HD [SYRACUSE]	ABC 9 HD [Syracuse] [US]	dummy			0		
US: ABC AL MONTGOMERY (WNCF) HD	ABC Al Montgomery (WNCF) HD [US]	callsign	US_LOCALS1	WNCF-DT.us_locals1	117	c3edbacc54	Nightline | Access Hollywood | Live with Kelly and Mark
US: ABC HD	ABC HD [US]	dummy			0		
US: ABC HD [NEW YORK]	ABC HD [New York] [US]	dummy			0		
US: ABC NEWS 2 HD	ABC News 2 HD [US]	dummy			0		
US: ABC NEWS HD	ABC News HD [US]	norm-name	provider_3	ba49e669-31ec-499c-9ede-3c766016226e	168	6a2472e52b	ABC News Live First | New York Knicks Parade of Champions | ABC News Live
US: ABC NEWS INTERNATIONAL	ABC News International [US]	dummy			0		
US: ABC NEWS LIVE HD	ABC News Live HD [US]	norm-name	provider_3	ba49e669-31ec-499c-9ede-3c766016226e	168	6a2472e52b	ABC News Live First | New York Knicks Parade of Champions | ABC News Live
US: ABC TAMPA (FL)	ABC Tampa [US]	dummy			0		
US: ABC TAMPA NEWS (WFTS)	ABC Tampa News (WFTS) [US]	callsign	US_LOCALS1	WFTS-DT.us_locals1	125	e4688a9cd6	Nightline | Tampa Bay's Morning Blend | Relief For Neuropathy Pain!
US: ABC WATE - KNOXVILLE	ABC Wate - Knoxville [US]	norm-name	provider_11	WATETV61.us@HD	0		
US: AFV FAMILY	Afv Family [US]	dummy			0		
US: ALTITUDE SPORTS 2 HD	Altitude Sports 2 HD [US]	dup-feed-scrub	US2	Altitude.Sports.2.HD.us2	0		
US: AMERICA HEROES HD	America Heroes HD [US]	dummy			0		
US: ANGELS BROADCAST TELEVISION (ABTV) ᴿᴬᵂ	Angels Broadcast Television (Abtv) RAW [US]	dummy			0		
US: AXS TV NOW	Axs TV Now [US]	token	provider_3	44483b11-87ac-4da6-a420-538a462f45e0	203	1bb9a1ed58	UNLOCK OMEGA XL's POWER with JOHN WALSH | The Very Very Best of the '70s | The Top Ten Revealed
US: BBC WORLD NEWS	BBC World News [US]	rescue-token	provider_13	bbcworldnews.nz	108	bf25bc7587	BBC News Now | Business Today - NYSE Opening Bell | Verified Live
US: BEIN SPORTS 8 HD	beIN Sports 8 HD [US]	norm-name	provider_1	beINSports8.qa@MENA	69	9d1dc91cde	Race - Session 7 - 2026 FIA World Endurance Championship - 24H Le Mans Round | Race - Session 8 - 2026 FIA World Endurance Championship - 24H Le Mans Round | Main Race - F1 Barcelona - Catalunya Grand Prix - 2026
US: BIG BROTHER 1 4K	Big Brother 1 4K [US]	dummy			0		
US: BIG BROTHER 2 4K	Big Brother 2 4K [US]	dummy			0		
US: BIG BROTHER 3 4K	Big Brother 3 4K [US]	dummy			0		
US: BIG BROTHER 4 4K	Big Brother 4 4K [US]	dummy			0		
US: BIG BROTHER QUAD VIEW 4K	Big Brother Quad View 4K [US]	dummy			0		
US: BILLIARD TV	Billiard TV [US]	norm-name	provider_3	e6dd5b81-803d-4602-b8c9-90bb65a6f0af	73	80c5535ce7	International Pool Association Billiards | 2026 Predator Pro Billiard Series: Austria | Mosconi Cup Highlights
US: BLOOMBERG HD	Bloomberg HD [US]	norm-name	provider_5	92/bloomberg	0		
US: BOSTON 25 NEWS HD	Boston 25 News HD [US]	dummy			0		
US: BOXING TV	Boxing TV [US]	dummy			0		
US: BRAVO EAST HD	Bravo East HD [US]	norm-name	provider_11	Bravo.us@East	0		
US: C-SPAN 1 HD	C-Span 1 HD [US]	dummy			0		
US: C-SPAN 2 HD	C-Span 2 HD [US]	norm-name	provider_3	fdb542e6-fbea-4c9d-875b-2252c1623023	103	d5de9485c8	Public Affairs Events | U.S. Senate | The Hearing Room
US: C-SPAN 3 HD	C-Span 3 HD [US]	norm-name	provider_11	CSPAN3.us@SD	0		
US: CATCHY COMEDY HD	Catchy Comedy HD [US]	norm-name	US2	Catchy.Comedy.us2	183	3faeef34b9	Full House | The Brady Bunch | Family Affair
US: CBS (KPHO)	CBS (KPHO) [US]	callsign	provider_13	KPHO.us	69	13eddfdfeb	Good Morning Arizona at 6am | CBS Mornings | The Price Is Right
US: CBS (KPIX) SAN FRANCISCO CALIFORNIA	CBS (KPIX) San Francisco California [US]	callsign	provider_13	KPIX.us	69	8ca9a06cda	CBS News Bay Area: Morning Edition 6am | CBS Mornings | Let's Make a Deal
US: CBS (KRQE) ALBUQUERQUE NEW MEXICO	CBS (KRQE) Albuquerque New Mexico [US]	callsign	provider_13	KRQE.us	65	5deb88e432	CBS Mornings | The Drew Barrymore Show | Let's Make a Deal
US: CBS (KRQE) ALBUQUERQUE-SANTA HD	CBS (KRQE) Albuquerque-Santa HD [US]	callsign	provider_13	KRQE.us	65	5deb88e432	CBS Mornings | The Drew Barrymore Show | Let's Make a Deal
US: CBS (KTVT)	CBS (KTVT) [US]	callsign	US_LOCALS1	KTVT-DT.us_locals1	137	841b3a4722	Funny You Should Ask | CBS News Texas at 10:00 PM | Protect Your Family From Identity Theft
US: CBS (KTXA)	CBS (KTXA) [US]	callsign	US_LOCALS1	KTXA-DT.us_locals1	156	7821fc15f4	Suits | Law & Order: Special Victims Unit | 48 Hours
US: CBS (KWTV)	CBS (KWTV) [US]	callsign	US_LOCALS1	KWTV-DT.us_locals1	122	e3dab84603	Funny You Should Ask | Entertainment Tonight | Extra
US: CBS (KYW)	CBS (KYW) [US]	callsign	provider_13	KYW.us	65	09f1e63a08	Live: Alex Scott: A Stand for Hope Telethon | Let's Make a Deal | The Price Is Right
US: CBS (WBBM)	CBS (WBBM) [US]	callsign	US_LOCALS1	WBBM-DT.us_locals1	132	be7b6ced30	Funny You Should Ask | CBS News Chicago 10:00pm | Comics Unleashed With Byron Allen
US: CBS (WBTV)	CBS (WBTV) [US]	callsign	US_LOCALS1	WBTV-DT.us_locals1	133	5b965d8491	Funny You Should Ask | Crime Exposé With Nancy O'Dell | CBS News Roundup
US: CBS (WBZ)	CBS (WBZ) [US]	callsign	provider_13	WBZ.us	75	1b397598dd	The Drew Barrymore Show | Let's Make a Deal | The Price Is Right
US: CBS (WCBS)	CBS (WCBS) [US]	dummy			0		
US: CBS (WCCO)	CBS (WCCO) [US]	callsign	US_LOCALS1	WCCO-DT.us_locals1	139	b64438e6e0	Funny You Should Ask | WCCO News at 10pm | Comics Unleashed With Byron Allen
US: CBS (WFOR)	CBS (WFOR) [US]	callsign	provider_13	WFOR.us	69	611396eef6	CBS News Miami at 9AM | Let's Make a Deal | The Price Is Right
US: CBS (WGCL)	CBS (WGCL) [US]	dummy			0		
US: CBS (WGME) PORTLAND MAINE	CBS (WGME) Portland Maine [US]	callsign	US_LOCALS1	WGME-DT2.us_locals1	115	9f29eb2c01	Crime Exposé With Nancy O'Dell | 48 Hours | Seinfeld
US: CBS (WINK) FORT MYERS FLORIDA	CBS (WINK) Fort Myers Florida [US]	callsign	US_LOCALS1	WINK-DT.us_locals1	132	ac09f51a86	Funny You Should Ask | The Neighborhood | Two and a Half Men
US: CBS (WJZ)	CBS (WJZ) [US]	callsign	US_LOCALS1	WJZ-DT.us_locals1	131	c1e9d31324	Funny You Should Ask | Entertainment Tonight | Protect Your Family From Identity Theft
US: CBS (WKRC)	CBS (WKRC) [US]	callsign	US_LOCALS1	WKRC-DT.us_locals1	121	12991aa94d	Funny You Should Ask | Comics Unleashed With Byron Allen | CBS News Roundup
US: CBS (WLNY)	CBS (WLNY) [US]	callsign	US_LOCALS1	WLNY-DT.us_locals1	167	38057dfde4	The Conners | Inside Edition | Entertainment Tonight
US: CBS (WNCN) GOLDSBORO NORTH CAROLINA	CBS (WNCN) Goldsboro North Carolina [US]	callsign	US_LOCALS1	WNCN-DT.us_locals1	129	9101c406ed	Funny You Should Ask | CBS 17 News Overnight | CBS News Roundup
US: CBS (WSBK) BOSTON HD	CBS (WSBK) Boston HD [US]	callsign	US_LOCALS1	WSBK-DT.us_locals1	176	ecb31476dd	People Puzzler | The Big Bang Theory | Comics Unleashed With Byron Allen
US: CBS (WTVF)	CBS (WTVF) [US]	callsign	US_LOCALS1	WTVF-DT.us_locals1	120	3df9f03683	Funny You Should Ask | Access Daily With Mario & Kit | Inside Edition
US: CBS (WUSA)	CBS (WUSA) [US]	callsign	US_LOCALS1	WUSA-DT.us_locals1	128	ed7befb378	Funny You Should Ask | Entertainment Tonight | CBS News Roundup
US: CBS (WWJ)	CBS (WWJ) [US]	callsign	provider_13	WWJ.us	67	edcbbaff1f	CBS News Detroit at 9am | Let's Make a Deal | The Price Is Right
US: CBS (WWL)	CBS (WWL) [US]	callsign	provider_13	WWL.us	67	fb435f083d	Great Day Louisiana | The Price Is Right | The Young and the Restless
US: CBS 10 (KFDA) AMARILLO HD	CBS 10 (KFDA) Amarillo HD [US]	callsign	US_LOCALS1	KFDA-DT.us_locals1	134	e3dc6a5547	Funny You Should Ask | iCRIME With Elizabeth Vargas | InvestigateTV+
US: CBS 10 (KLFY) LAFAYETTE HD	CBS 10 (KLFY) Lafayette HD [US]	callsign	US_LOCALS1	KLFY-DT.us_locals1	126	13a48bd04c	Funny You Should Ask | Judy Justice | Tribunal Justice
US: CBS 10 (KOLR) SPRINGFIELD HD	CBS 10 (KOLR) Springfield HD [US]	callsign	US_LOCALS1	KOLR-DT.us_locals1	132	192ed94247	Funny You Should Ask | Inside Edition | Paid Programming
US: CBS 10 (KTVL) MEDFORD HD	CBS 10 (KTVL) Medford HD [US]	callsign	US_LOCALS1	KTVL-DT.us_locals1	127	0fa8bc53dc	NCIS: Sydney | Live: The National News Desk | Comics Unleashed With Byron Allen
US: CBS 10 (KZTV) CORPCHRISTI HD	CBS 10 (KZTV) Corpchristi HD [US]	callsign	US_LOCALS1	KZTV-DT.us_locals1	126	6d745bad11	Funny You Should Ask | iCRIME With Elizabeth Vargas | Court Cam
US: CBS 10 (WBNS) COLUMBHD	CBS 10 (WBNS) Columbhd [US]	callsign	US_LOCALS1	WBNS-DT.us_locals1	124	b5ee92bac6	Funny You Should Ask | Hear Better With Audien | Ready for a safer shower? Enjoy a one-day bath remodel with Jacuzzi.
US: CBS 10 (WTAJ) ALTOONA HD	CBS 10 (WTAJ) Altoona HD [US]	callsign	US_LOCALS1	WTAJ-DT.us_locals1	131	a346bd6f86	Funny You Should Ask | Studio 814 | CBS News Roundup
US: CBS 10 (WTHI) TERRE HAUTE HD	CBS 10 (WTHI) Terre Haute HD [US]	callsign	US_LOCALS1	WTHI-DT.us_locals1	132	c7dfb61fb3	Funny You Should Ask | CIA | CBS News Roundup
US: CBS 10 (WTSP) ST. PETERSBURG HD	CBS 10 (WTSP) St. Petersburg HD [US]	callsign	US_LOCALS1	WTSP-DT.us_locals1	127	2bad00265f	Funny You Should Ask | Jeopardy! | Great Day Live
US: CBS 10 CORPUS CHRISTI TX (KZTV) HD	CBS 10 Corpus Christi Tx (KZTV) HD [US]	callsign	US_LOCALS1	KZTV-DT.us_locals1	126	6d745bad11	Funny You Should Ask | iCRIME With Elizabeth Vargas | Court Cam
US: CBS 10 TAMPA FL (WTSP) HD	CBS 10 Tampa Fl (WTSP) HD [US]	callsign	US_LOCALS1	WTSP-DT.us_locals1	127	2bad00265f	Funny You Should Ask | Jeopardy! | Great Day Live
US: CBS 11 (KCLO) RAPID CITY HD	CBS 11 (KCLO) Rapid City HD [US]	callsign	US_LOCALS1	KCLO-DT.us_locals1	133	b0277928ea	Funny You Should Ask | KELOLAND News at Ten | Entertainment Tonight
US: CBS 11 (KELO) SIOUX FALLS HD	CBS 11 (KELO) Sioux Falls HD [US]	callsign	US_LOCALS1	KELO-DT.us_locals1	128	530dbc3247	Funny You Should Ask | KELOLAND News at Ten | Entertainment Tonight
US: CBS 11 (KHOU) HOUSTON HD	CBS 11 (KHOU) Houston HD [US]	callsign	US_LOCALS1	KHOU-DT.us_locals1	128	4a2a09417a	Funny You Should Ask | Paid Programming | KHOU 11 News at 10
US: CBS 11 (KMVT) TWIN FALLS HD	CBS 11 (KMVT) Twin Falls HD [US]	callsign	US_LOCALS1	KMVT-DT.us_locals1	136	49f3b3f3e7	Comics Unleashed With Byron Allen | Funny You Should Ask | Family Feud
US: CBS 11 (WINK) FORT MYERS HD	CBS 11 (WINK) Fort Myers HD [US]	callsign	US_LOCALS1	WINK-DT.us_locals1	132	69af0009ca	Funny You Should Ask | The Neighborhood | Two and a Half Men
US: CBS 11 (WJHL) JOHNSON CITY HD	CBS 11 (WJHL) Johnson City HD [US]	callsign	US_LOCALS1	WJHL-DT2.us_locals1	132	abf7a0dad1	Nightline | Access Hollywood | Family Feud Favorites
US: CBS 11 DALLAS TX (KTVT) HD	CBS 11 Dallas Tx (KTVT) HD [US]	callsign	US_LOCALS1	KTVT-DT.us_locals1	137	841b3a4722	Funny You Should Ask | CBS News Texas at 10:00 PM | Protect Your Family From Identity Theft
US: CBS 11 FORT MYERS FL (WINK) HD	CBS 11 Fort Myers Fl (WINK) HD [US]	callsign	US_LOCALS1	WINK-DT.us_locals1	132	1b223f41fd	Funny You Should Ask | The Neighborhood | Two and a Half Men
US: CBS 11 HOUSTON TX (KHOU) HD	CBS 11 Houston Tx (KHOU) HD [US]	callsign	US_LOCALS1	KHOU-DT.us_locals1	128	4a2a09417a	Funny You Should Ask | Paid Programming | KHOU 11 News at 10
US: CBS 12 (KCOY) SANTA MARIA HD	CBS 12 (KCOY) Santa Maria HD [US]	dummy			0		
US: CBS 12 (KFVS) CAPE GIRARDEAU HD	CBS 12 (KFVS) Cape Girardeau HD [US]	callsign	US_LOCALS1	KFVS-DT.us_locals1	118	611e724ab2	Funny You Should Ask | Aging Untold | InvestigateTV+
US: CBS 12 (KHSL) CHICO / REDDING	CBS 12 (KHSL) Chico / Redding [US]	callsign	US_LOCALS1	KHSL-DT.us_locals1	125	0196866fd2	NCIS: Sydney | Action News Now at 11pm | Comics Unleashed With Byron Allen
US: CBS 12 (KWCH) HUTCHINSON HD	CBS 12 (KWCH) Hutchinson HD [US]	callsign	US_LOCALS1	KWCH-DT.us_locals1	130	d033efe093	Funny You Should Ask | InvestigateTV+ | Tired of Pain? Go Drug-Free
US: CBS 12 (KXII) SHERMAN HD	CBS 12 (KXII) Sherman HD [US]	callsign	US_LOCALS1	KXII-DT.us_locals1	134	3cbae49357	Funny You Should Ask | KXII 12 News at 10 | Aging Untold
US: CBS 12 (WBNG) BINGHAMTON HD	CBS 12 (WBNG) Binghamton HD [US]	callsign	US_LOCALS1	WBNG-DT.us_locals1	131	22ebcbc5eb	Funny You Should Ask | People Puzzler | CBS News Roundup
US: CBS 12 (WJTV) JACKSON HD	CBS 12 (WJTV) Jackson HD [US]	callsign	US_LOCALS1	WJTV-DT.us_locals1	132	5d3535cf43	Funny You Should Ask | 12 News at 10PM | Tired of Pain? Go Drug-Free
US: CBS 12 (WKRC) CINCINNATI HD	CBS 12 (WKRC) Cincinnati HD [US]	callsign	US_LOCALS1	WKRC-DT.us_locals1	121	12991aa94d	Funny You Should Ask | Comics Unleashed With Byron Allen | CBS News Roundup
US: CBS 12 (WRDW) AUGUSTA HD	CBS 12 (WRDW) Augusta HD [US]	callsign	US_LOCALS1	WRDW-DT.us_locals1	126	8a2f23f1f4	Funny You Should Ask | Aging Untold | CBS News Roundup
US: CBS 13 (KOLD) TUCSON HD	CBS 13 (KOLD) Tucson HD [US]	callsign	US_LOCALS1	KOLD-DT.us_locals1	123	d49964671a	News 13 at 10PM | Comics Unleashed With Byron Allen | Funny You Should Ask
US: CBS 13 (KOVR) STOCKTON HD	CBS 13 (KOVR) Stockton HD [US]	callsign	US_LOCALS1	KOVR-DT.us_locals1	136	b2b055b252	CBS 13 News at 10p | CBS 13 News at 11p | Comics Unleashed With Byron Allen
US: CBS 13 (KVAL) EUGENE HD	CBS 13 (KVAL) Eugene HD [US]	callsign	US_LOCALS1	KVAL-DT.us_locals1	123	bcdd3062e7	NCIS: Sydney | Live: KVAL News at 11pm | Comics Unleashed With Byron Allen
US: CBS 13 (KXMC) MINOT HD	CBS 13 (KXMC) Minot HD [US]	callsign	US_LOCALS1	KXMC-DT.us_locals1	112	380860ed1d	Funny You Should Ask | Seinfeld | CBS News Roundup
US: CBS 13 (WBTW) FLORENCE HD	CBS 13 (WBTW) Florence HD [US]	callsign	US_LOCALS1	WBTW-DT.us_locals1	130	e3143ec425	Funny You Should Ask | Paid Programming | CBS News Roundup
US: CBS 13 (WGME) PORTLAND HD	CBS 13 (WGME) Portland HD [US]	callsign	US_LOCALS1	WGME-DT2.us_locals1	115	9f29eb2c01	Crime Exposé With Nancy O'Dell | 48 Hours | Seinfeld
US: CBS 13 (WIBW) TOPEKA HD	CBS 13 (WIBW) Topeka HD [US]	callsign	US_LOCALS1	WIBW-DT.us_locals1	134	443326f5d8	Funny You Should Ask | Scrambled Up | Tribunal Justice
US: CBS 13 (WJZ) BALTIMORE HD	CBS 13 (WJZ) Baltimore HD [US]	callsign	US_LOCALS1	WJZ-DT.us_locals1	131	c1e9d31324	Funny You Should Ask | Entertainment Tonight | Protect Your Family From Identity Theft
US: CBS 13 (WLOX-DT2) GULFPORT HD	CBS 13 (WLOX-DT2) Gulfport HD [US]	callsign	US_LOCALS1	WLOX-DT.us_locals1	124	2feba07836	Nightline | Aging Untold | Scrambled Up
US: CBS 13 (WMAZ) GEORGIA (P) HD	CBS 13 (WMAZ) Georgia HD [US]	callsign	US_LOCALS1	WMAZ-DT.us_locals1	122	fe579c167c	Funny You Should Ask | 13 WMAZ News at 11 | CBS News Roundup
US: CBS 13 (WMAZ) MACON HD	CBS 13 (WMAZ) Macon HD [US]	callsign	US_LOCALS1	WMAZ-DT.us_locals1	122	fe579c167c	Funny You Should Ask | 13 WMAZ News at 11 | CBS News Roundup
US: CBS 13 (WOWK) HUNTINGTON HD	CBS 13 (WOWK) Huntington HD [US]	callsign	US_LOCALS1	WOWK-DT.us_locals1	133	54486fa9e4	Funny You Should Ask | TMZ | Extra
US: CBS 13 (WSVF-CD2) HARRISONBURG HD	CBS 13 (WSVF-CD2) Harrisonburg HD [US]	callsign	US_LOCALS1	WSVF-CD.us_locals1	116	1703cbf893	Modern Family | The Goldbergs | Law & Order: Special Victims Unit
US: CBS 13 SACRAMENTO CA (KOVR)	CBS 13 Sacramento Ca (KOVR) [US]	callsign	US_LOCALS1	KOVR-DT.us_locals1	136	3e4595bc5d	CBS 13 News at 10p | CBS 13 News at 11p | Comics Unleashed With Byron Allen
US: CBS 14 (KMEG) SIOUX CITY HD	CBS 14 (KMEG) Sioux City HD [US]	callsign	US_LOCALS1	KMEG-DT.us_locals1	130	f43fda0b54	Saturday Night Live | Key & Peele | Accident Compensation: Get Help Now!
US: CBS 15 (WANE) FORT WAYNE HD	CBS 15 (WANE) Fort Wayne HD [US]	callsign	US_LOCALS1	WANE-DT.us_locals1	130	6594a3f0a3	Funny You Should Ask | The Perfect Line | Inside Edition
US: CBS 17 (KSWL-LD) LAKE CHARLES HD	CBS 17 (KSWL-LD) Lake Charles HD [US]	callsign	US_LOCALS1	KSWL-LD.us_locals1	118	55ea39310b	Funny You Should Ask | America's Court With Judge Ross | CBS News Roundup
US: CBS 17 (WNCN) GOLDSBORO HD	CBS 17 (WNCN) Goldsboro HD [US]	callsign	US_LOCALS1	WNCN-DT.us_locals1	129	01ae7dd4a0	Funny You Should Ask | CBS 17 News Overnight | CBS News Roundup
US: CBS 18 (WECP-LD) PANAMA CITY HD	CBS 18 (WECP-LD) Panama City HD [US]	callsign	US_LOCALS1	WECP-LD.us_locals1	130	a854f59855	Funny You Should Ask | Extra | iCRIME With Elizabeth Vargas
US: CBS 18 (WLFI-DT) LAFAYETTE HD	CBS 18 (WLFI-DT) Lafayette HD [US]	callsign	US_LOCALS1	WLFI-DT.us_locals1	135	979878bae0	Funny You Should Ask | Access Hollywood | CBS News Roundup
US: CBS 19 (KYTX) LONGVIEW HD	CBS 19 (KYTX) Longview HD [US]	callsign	US_LOCALS1	KYTX-DT.us_locals1	136	174c0a31e4	Funny You Should Ask | Access Hollywood | Extra
US: CBS 19 (KYTX) TYLER (P) HD	CBS 19 (KYTX) Tyler HD [US]	callsign	US_LOCALS1	KYTX-DT.us_locals1	136	174c0a31e4	Funny You Should Ask | Access Hollywood | Extra
US: CBS 19 (WCAV) CHARLOTTESVILLE HD	CBS 19 (WCAV) Charlottesville HD [US]	callsign	US_LOCALS1	WCAV-DT.us_locals1	135	aad48e6698	Funny You Should Ask | CBS19 News at 11 | CBS News Roundup
US: CBS 19 (WHNT) HUNTSVILLE HD	CBS 19 (WHNT) Huntsville HD [US]	callsign	US_LOCALS1	WHNT-DT.us_locals1	121	f79409d113	Funny You Should Ask | Inside Edition | 48 Hours
US: CBS 19 (WLTX) COLUMBIA HD	CBS 19 (WLTX) Columbia HD [US]	callsign	US_LOCALS1	WLTX-DT.us_locals1	120	65392668b1	Funny You Should Ask | Pain Relief Revealed | CBS News Roundup
US: CBS 19 (WOIO) Cleveland (F)	CBS 19 (WOIO) Cleveland [US]	callsign	US_LOCALS1	WOIO-LD.us_locals1	124	b489c79b86	Funny You Should Ask | Aging Untold | CBS News Roundup
US: CBS 19 (WOIO) SHAKER HEIGHTS HD	CBS 19 (WOIO) Shaker Heights HD [US]	callsign	US_LOCALS1	WOIO-LD.us_locals1	124	b489c79b86	Funny You Should Ask | Aging Untold | CBS News Roundup
US: CBS 2 (KCBS) LOS ANGELES HD	CBS 2 (KCBS) Los Angeles HD [US]	callsign	US_LOCALS1	KCBS-DT.us_locals1	130	ad9e4fe833	NCIS: Sydney | CBS LA at 11pm | Comics Unleashed With Byron Allen
US: CBS 2 (KGAN) CEDAR RAPIDS HD	CBS 2 (KGAN) Cedar Rapids HD [US]	callsign	US_LOCALS1	KGAN-DT.us_locals1	130	6762b1720a	Funny You Should Ask | Paid Programming | Extra
US: CBS 2 (KTVN) RENO HD	CBS 2 (KTVN) Reno HD [US]	callsign	US_LOCALS1	KTVN-DT.us_locals1	132	b2d4a3977b	NCIS: Sydney | 2 News Nevada at 11:00p | Comics Unleashed With Byron Allen
US: CBS 2 (KTVQ) BILLINGS HD	CBS 2 (KTVQ) Billings HD [US]	callsign	US_LOCALS1	KTVQ-DT.us_locals1	114	64499245c4	Comics Unleashed With Byron Allen | Funny You Should Ask | CBS News Roundup
US: CBS 2 (WBBM) CHICAGO HD	CBS 2 (WBBM) Chicago HD [US]	callsign	US_LOCALS1	WBBM-DT.us_locals1	132	be7b6ced30	Funny You Should Ask | CBS News Chicago 10:00pm | Comics Unleashed With Byron Allen
US: CBS 2 (WCBS) NEW YORK HD	CBS 2 (WCBS) New York HD [US]	dup-feed-scrub	provider_3	e8058ad8-3008-417b-a2a7-04836bf9d281	0		
US: CBS 2 WCBS (NEW YORK) HD	CBS 2 Wcbs (New York) HD [US]	dup-feed-scrub	provider_3	e8058ad8-3008-417b-a2a7-04836bf9d281	0		
US: CBS 21 (WHP) HARRISBURG HD	CBS 21 (WHP) Harrisburg HD [US]	callsign	US_LOCALS1	WHP-DT.us_locals1	129	1e5d5e7925	Funny You Should Ask | Paid Programming | Extra
US: CBS 22 (WHLT) HATTIESBURG HD	CBS 22 (WHLT) Hattiesburg HD [US]	callsign	US_LOCALS1	WHLT-DT.us_locals1	132	7564164229	Funny You Should Ask | Ready for a safer shower? Enjoy a one-day bath remodel with Jacuzzi. | Tired of Pain? Go Drug-Free
US: CBS 22 (WSBT) SOUTH BEND HD	CBS 22 (WSBT) South Bend HD [US]	callsign	US_LOCALS1	WSBT-DT2.us_locals1	120	964ff92430	Crime Exposé With Nancy O'Dell | Bob Hearts Abishola | Access Hollywood
US: CBS 22 (WYOU) SCRANTON HD	CBS 22 (WYOU) Scranton HD [US]	callsign	US_LOCALS1	WYOU-DT.us_locals1	129	969102ae19	Funny You Should Ask | People Puzzler | CBS News Roundup
US: CBS 23 (WIFR-LD) ROCKFORD HD	CBS 23 (WIFR-LD) Rockford HD [US]	callsign	US_LOCALS1	WIFR-LD.us_locals1	132	c1344af6b2	Funny You Should Ask | Last Man Standing | WIFR News Update at 10
US: CBS 24 (WMDN) MERIDIAN HD	CBS 24 (WMDN) Meridian HD [US]	callsign	US_LOCALS1	WMDN-DT.us_locals1	134	9fed99e83f	Funny You Should Ask | The Big Bang Theory | The Perfect Line
US: CBS 27 (WKBN) YOUNGSTOWN HD	CBS 27 (WKBN) Youngstown HD [US]	callsign	US_LOCALS1	WKBN-DT.us_locals1	130	23a9914175	Funny You Should Ask | Access Hollywood | Tired of Pain? Go Drug-Free
US: CBS 27 (WKYT) LEXINGTON HD	CBS 27 (WKYT) Lexington HD [US]	callsign	US_LOCALS1	WKYT-DT.us_locals1	133	9d2457d6f4	Funny You Should Ask | InvestigateTV+ | Suits
US: CBS 29 (KIMA) YAKIMA HD	CBS 29 (KIMA) Yakima HD [US]	callsign	US_LOCALS1	KIMA-DT.us_locals1	132	03ac9709e9	NCIS: Sydney | Live: Action News at 11PM | Comics Unleashed With Byron Allen
US: CBS 3 (KIMT) ROCHESTER HD	CBS 3 (KIMT) Rochester HD [US]	callsign	US_LOCALS1	KIMT-DT.us_locals1	135	f6ca49878f	Funny You Should Ask | Comics Unleashed With Byron Allen | Equal Justice With Judge Eboni K. Williams
US: CBS 3 (KRTV) GREAT FALLS HD	CBS 3 (KRTV) Great Falls HD [US]	callsign	US_LOCALS1	KRTV-DT.us_locals1	112	ccb11fd1f7	Comics Unleashed With Byron Allen | Funny You Should Ask | CBS News Roundup
US: CBS 3 (KYW) PHILADELPHIA HD	CBS 3 (KYW) Philadelphia HD [US]	callsign	provider_13	KYW.us	65	09f1e63a08	Live: Alex Scott: A Stand for Hope Telethon | Let's Make a Deal | The Price Is Right
US: CBS 3 (WBTV) CHARLOTTE HD	CBS 3 (WBTV) Charlotte HD [US]	callsign	US_LOCALS1	WBTV-DT.us_locals1	133	cfd6405982	Funny You Should Ask | Crime Exposé With Nancy O'Dell | CBS News Roundup
US: CBS 3 (WCIA) CHAMPAIGN HD	CBS 3 (WCIA) Champaign HD [US]	callsign	US_LOCALS1	WCIA-DT.us_locals1	120	118951aa95	Funny You Should Ask | Pain Relief Revealed | Paid Programming
US: CBS 3 (WFSB) HARTFORD HD	CBS 3 (WFSB) Hartford HD [US]	callsign	provider_13	WFSB.us	71	5fc5ebde77	Great Day at 9 | InvestigateTV+ | Let's Make a Deal
US: CBS 3 (WRBL) COLUMBHD	CBS 3 (WRBL) Columbhd [US]	callsign	US_LOCALS1	WRBL-DT.us_locals1	129	e4e4c6bc03	Funny You Should Ask | The People's Court | CBS News Roundup
US: CBS 3 (WSHM) SPRINGFIELD (P) HD	CBS 3 (WSHM) Springfield HD [US]	callsign	US_LOCALS1	WSHM-LD.us_locals1	134	1c4c928bc9	Funny You Should Ask | Western Mass News at 11:00pm | CBS News Roundup
US: CBS 3 (WTKR) HAMPTON ROADS HD	CBS 3 (WTKR) Hampton Roads HD [US]	callsign	US_LOCALS1	WTKR-DT.us_locals1	124	eadc8184e6	Funny You Should Ask | Inside Edition | CBS News Roundup
US: CBS 3 (WWAY) WILMINGTON HD	CBS 3 (WWAY) Wilmington HD [US]	callsign	US_LOCALS1	WWAY-DT2.us_locals1	131	4d3821cfa9	Funny You Should Ask | The Neighborhood | CBS News Roundup
US: CBS 3 (WWAY-DT2) WILMINGTON HD	CBS 3 (WWAY-DT2) Wilmington HD [US]	callsign	US_LOCALS1	WWAY-DT2.us_locals1	131	4d3821cfa9	Funny You Should Ask | The Neighborhood | CBS News Roundup
US: CBS 3 BRYAN TX (KBTX) HD	CBS 3 Bryan Tx (KBTX) HD [US]	callsign	US_LOCALS1	KBTX-DT.us_locals1	132	396eac9eb0	Funny You Should Ask | Inside Edition | KBTX News 3 at Ten Replay
US: CBS 30 (KXJB) FARGO (P) HD	CBS 30 (KXJB) Fargo HD [US]	callsign	US_LOCALS1	KXJB-LD.us_locals1	133	7affbaf665	Funny You Should Ask | Valley News Live at 6:30 | iCRIME With Elizabeth Vargas
US: CBS 31 (WMBD) PEORIA HD	CBS 31 (WMBD) Peoria HD [US]	callsign	US_LOCALS1	WMBD-DT.us_locals1	132	3a8d8092a1	Funny You Should Ask | The Drew Barrymore Show | Paid Programming
US: CBS 32 (KTAB) ABILENE HD	CBS 32 (KTAB) Abilene HD [US]	callsign	US_LOCALS1	KTAB-DT.us_locals1	123	32d41bebd8	Funny You Should Ask | Paid Programming | CBS News Roundup
US: CBS 35 (WOHL-CD2) LIMA HD	CBS 35 (WOHL-CD2) Lima HD [US]	callsign	US_LOCALS1	WOHL-CD2.us_locals1	125	9b6842bf4c	Funny You Should Ask | America's Court With Judge Ross | CBS News Roundup
US: CBS 35 (WSEE) ERIE HD	CBS 35 (WSEE) Erie HD [US]	callsign	US_LOCALS1	WSEE-DT.us_locals1	131	950532364e	Funny You Should Ask | Inside Edition | Comics Unleashed With Byron Allen
US: CBS 39 (KJNB-LD2) JONESBORO HD	CBS 39 (KJNB-LD2) Jonesboro HD [US]	callsign	US_LOCALS1	KJNB-LD2.us_locals1	135	7f4cd3c4a2	Funny You Should Ask | The Drew Barrymore Show | Flip Side
US: CBS 4 (KDBC) EL PASO HD	CBS 4 (KDBC) El Paso HD [US]	callsign	US_LOCALS1	KDBC-DT.us_locals1	130	02d88740c1	Comics Unleashed With Byron Allen | Funny You Should Ask | Bathroom Makeover
US: CBS 4 (KGBT) HARLINGEN HD	CBS 4 (KGBT) Harlingen HD [US]	callsign	US_LOCALS1	KGBT-DT.us_locals1	143	ace950479d	Chicago P.D. | Sherri | The Drew Barrymore Show
US: CBS 4 (KMOV) ST. LOUIS HD	CBS 4 (KMOV) St. Louis HD [US]	callsign	US_LOCALS1	KMOV-DT.us_locals1	138	66fe766ad9	Funny You Should Ask | First Alert 4 at 10pm | Aging Untold
US: CBS 4 (KXLF) BUTTE HD	CBS 4 (KXLF) Butte HD [US]	callsign	US_LOCALS1	KXLF-DT.us_locals1	114	fa94f92d95	Comics Unleashed With Byron Allen | Funny You Should Ask | CBS News Roundup
US: CBS 4 (WBZ) BOSTON HD	CBS 4 (WBZ) Boston HD [US]	callsign	provider_13	WBZ.us	75	1b397598dd	The Drew Barrymore Show | Let's Make a Deal | The Price Is Right
US: CBS 4 (WCBI) COLUMBHD	CBS 4 (WCBI) Columbhd [US]	callsign	US_LOCALS1	WCBI-DT.us_locals1	125	efd4660f3f	Funny You Should Ask | WCBI News at Ten | 48 Hours
US: CBS 4 (WCCO) MINNEAPOLIS HD	CBS 4 (WCCO) Minneapolis HD [US]	callsign	US_LOCALS1	WCCO-DT.us_locals1	139	b64438e6e0	Funny You Should Ask | WCCO News at 10pm | Comics Unleashed With Byron Allen
US: CBS 4 (WFOR) MIAMI HD	CBS 4 (WFOR) Miami HD [US]	callsign	provider_13	WFOR.us	69	611396eef6	CBS News Miami at 9AM | Let's Make a Deal | The Price Is Right
US: CBS 4 (WHBF) ROCK ISLAND HD	CBS 4 (WHBF) Rock Island HD [US]	callsign	US_LOCALS1	WHBF-DT.us_locals1	125	e0db83607f	Funny You Should Ask | 48 Hours | Entertainment Tonight
US: CBS 4 (WTVY) DOTHAN HD	CBS 4 (WTVY) Dothan HD [US]	callsign	US_LOCALS1	WTVY-DT.us_locals1	129	b7fdaca96f	Funny You Should Ask | NCIS | NCIS: Origins
US: CBS 40 (WNKY-DT2) BOWLING GREEN HD	CBS 40 (WNKY-DT2) Bowling Green HD [US]	callsign	US_LOCALS1	WNKY-DT.us_locals1	108	2088b52869	Late Night With Seth Meyers | NEWS 40 @ 10 | Top Story With Tom Llamas
US: CBS 42 (KEYE) AUSTIN HD	CBS 42 (KEYE) Austin HD [US]	callsign	US_LOCALS1	KEYE-DT.us_locals1	126	74788e0297	Funny You Should Ask | We Are Austin | CBS Austin News at 10P
US: CBS 42 AUSTIN TX (KEYE) HD	CBS 42 Austin Tx (KEYE) HD [US]	callsign	US_LOCALS1	KEYE-DT.us_locals1	126	74788e0297	Funny You Should Ask | We Are Austin | CBS Austin News at 10P
US: CBS 46 (KION) MONTEREY HD	CBS 46 (KION) Monterey HD [US]	callsign	US_LOCALS1	KION-DT.us_locals1	129	ff036bd41b	NCIS: Sydney | KPIX News at 11pm on KION | Comics Unleashed With Byron Allen
US: CBS 46 (WGCL) ATLANTA HD	CBS 46 (WGCL) Atlanta HD [US]	dummy			0		
US: CBS 5 (KALB-DT2) ALEXANDRIA HD	CBS 5 (KALB-DT2) Alexandria HD [US]	callsign	provider_13	KALB.us	64	d26aa30cf9	Today 3rd Hour | Today With Jenna & Sheinelle | Flip Side
US: CBS 5 (KENS) SAN ANTONIO HD	CBS 5 (KENS) San Antonio HD [US]	callsign	US_LOCALS1	KENS-DT.us_locals1	131	4bca511ef6	Funny You Should Ask | Extra | Great Day SA
US: CBS 5 (KGMB) HONOLULU HD	CBS 5 (KGMB) Honolulu HD [US]	callsign	US_LOCALS1	KGMB-DT.us_locals1	119	c29f09dc67	NCIS | NCIS: Origins | NCIS: Sydney
US: CBS 5 (KGWN) CHEYENNE HD	CBS 5 (KGWN) Cheyenne HD [US]	callsign	US_LOCALS1	KGWN-DT.us_locals1	130	e9b636a4cd	Comics Unleashed With Byron Allen | Funny You Should Ask | InvestigateTV+
US: CBS 5 (KREX) GRAND JUNCTION HD	CBS 5 (KREX) Grand Junction HD [US]	callsign	provider_13	KREX.us	59	53872ea5ea	CBS Mornings | Family Feud | The Price Is Right
US: CBS 5 (WCSC) CHARLESTON HD	CBS 5 (WCSC) Charleston HD [US]	callsign	US_LOCALS1	WCSC-DT.us_locals1	122	757aca5bac	Funny You Should Ask | Aging Untold | CBS News Roundup
US: CBS 5 (WFRV) GREEN BAY HD	CBS 5 (WFRV) Green Bay HD [US]	callsign	US_LOCALS1	WFRV-DT.us_locals1	127	1a817f46fa	Funny You Should Ask | Friends | Local 5 News
US: CBS 5 (WKRG) MOBILE HD	CBS 5 (WKRG) Mobile HD [US]	callsign	US_LOCALS1	WKRG-DT.us_locals1	136	7478b09c1b	Funny You Should Ask | Access Hollywood | Paid Programming
US: CBS 5 (WNEM) BAY CITY HD	CBS 5 (WNEM) Bay City HD [US]	callsign	US_LOCALS1	WNEM-DT.us_locals1	130	b20934a338	Funny You Should Ask | Aging Untold | InvestigateTV+
US: CBS 5 (WTVF) NASHVILLE HD	CBS 5 (WTVF) Nashville HD [US]	callsign	US_LOCALS1	WTVF-DT.us_locals1	120	3df9f03683	Funny You Should Ask | Access Daily With Mario & Kit | Inside Edition
US: CBS 5 (WTVH) SYRACUSE HD	CBS 5 (WTVH) Syracuse HD [US]	callsign	US_LOCALS1	WTVH-DT.us_locals1	133	216187a153	Saturday Night Live | Key & Peele | Accident Compensation: Get Help Now!
US: CBS 57 (WYMT-DT) HAZARD HD	CBS 57 (WYMT-DT) Hazard HD [US]	callsign	US_LOCALS1	WYMT-DT.us_locals1	127	f53037a939	Funny You Should Ask | InvestigateTV+ | CBS News Roundup
US: CBS 58 (WDJT) MILWAUKEE HD	CBS 58 (WDJT) Milwaukee HD [US]	callsign	US_LOCALS1	WDJT-DT.us_locals1	130	03b8c7577b	Funny You Should Ask | Jeopardy! | The Drew Barrymore Show
US: CBS 6 (KFDM) PORT ARTHUR HD	CBS 6 (KFDM) Port Arthur HD [US]	callsign	US_LOCALS1	KFDM-DT.us_locals1	126	0bd2d450b6	Funny You Should Ask | 6 News Tonight | Paid Programming
US: CBS 6 (KOIN) PORTLAND HD	CBS 6 (KOIN) Portland HD [US]	callsign	provider_13	KOIN.us	61	5fe9bc4afc	KOIN 6 News at 6am | CBS Mornings | Let's Make a Deal
US: CBS 6 (KOTV) TULSA HD	CBS 6 (KOTV) Tulsa HD [US]	callsign	US_LOCALS1	KOTV-LD.us_locals1	123	bfa95710b0	Funny You Should Ask | Entertainment Tonight | The Bold and the Beautiful
US: CBS 6 (WCTV) TALLAHASSEE HD	CBS 6 (WCTV) Tallahassee HD [US]	callsign	US_LOCALS1	WCTV-DT.us_locals1	129	68af67fb46	Funny You Should Ask | Paid Programming | InvestigateTV+
US: CBS 6 (WKMG) ORLANDO HD	CBS 6 (WKMG) Orlando HD [US]	callsign	US_LOCALS1	WKMG-DT.us_locals1	128	bf0984267b	Funny You Should Ask | Ready for a safer shower? Enjoy a one-day bath remodel with Jacuzzi. | Protect Your Family From Identity Theft
US: CBS 6 (WRGB) ALBANY HD	CBS 6 (WRGB) Albany HD [US]	callsign	US_LOCALS1	WRGB-DT.us_locals1	120	6a350a0cba	Funny You Should Ask | Extra | CBS News Roundup
US: CBS 6 (WTVR) RICHMOND HD	CBS 6 (WTVR) Richmond HD [US]	callsign	US_LOCALS1	WTVR-DT.us_locals1	128	4d78dc6ce8	Funny You Should Ask | Inside Edition | CBS News Roundup
US: CBS 7 (KBNZ-LD) BEND HD	CBS 7 (KBNZ-LD) Bend HD [US]	callsign	US_LOCALS1	KBNZ-LD.us_locals1	133	279c3066c0	NCIS: Sydney | CO Daily News at 11pm | Comics Unleashed With Byron Allen
US: CBS 7 (KHQA-DT) QUINCY HD	CBS 7 (KHQA-DT) Quincy HD [US]	callsign	US_LOCALS1	KHQA-DT2.us_locals1	121	7772298733	Nightline | iCRIME With Elizabeth Vargas | Extra
US: CBS 7 (KIRO) SEATTLE HD	CBS 7 (KIRO) Seattle HD [US]	callsign	US_LOCALS1	KIRO-DT.us_locals1	135	ce94349ea5	NCIS: Sydney | KIRO 7 Tonight | Comics Unleashed With Byron Allen
US: CBS 7 (KOAM) JOPLIN HD	CBS 7 (KOAM) Joplin HD [US]	callsign	US_LOCALS1	KOAM-DT2.us_locals1	125	dc1500a0f7	Comics Unleashed With Byron Allen | Flip Side | Funny You Should Ask
US: CBS 7 (KOSA) MIDLAND HD	CBS 7 (KOSA) Midland HD [US]	callsign	US_LOCALS1	KOSA-DT.us_locals1	131	0b32d00dbd	Funny You Should Ask | The Drew Barrymore Show | Crime Exposé With Nancy O'Dell
US: CBS 7 (WBBJ-DT3) JACKSON HD	CBS 7 (WBBJ-DT3) Jackson HD [US]	callsign	US_LOCALS1	WBBJ-DT3.us_locals1	118	2f4e2f5301	Funny You Should Ask | Pawn Stars | CBS News Roundup
US: CBS 7 (WDBJ) ROANOKE HD	CBS 7 (WDBJ) Roanoke HD [US]	callsign	US_LOCALS1	WDBJ-DT.us_locals1	125	91de4bc884	Funny You Should Ask | 25 Words or Less | CBS News Roundup
US: CBS 7 (WSAW) WAUSAU HD	CBS 7 (WSAW) Wausau HD [US]	callsign	US_LOCALS1	WSAW-DT.us_locals1	134	bbd7b48f0c	Funny You Should Ask | InvestigateTV+ | Crime Exposé With Nancy O'Dell
US: CBS 7 (WSPA) SPARTANBURG HD	CBS 7 (WSPA) Spartanburg HD [US]	callsign	US_LOCALS1	WSPA-DT.us_locals1	133	2fe38b425c	Funny You Should Ask | The Andy Griffith Show | CBS News Roundup
US: CBS 8 (KCCI) DES MOINES HD	CBS 8 (KCCI) Des Moines HD [US]	callsign	US_LOCALS1	KCCI-DT.us_locals1	118	13f373f727	Funny You Should Ask | The Jennifer Hudson Show | In Depth With Graham Bensinger
US: CBS 8 (KFMB) SAN DIEGO HD	CBS 8 (KFMB) San Diego HD [US]	callsign	US_LOCALS1	KFMB-DT.us_locals1	129	da058ec967	NCIS: Sydney | CBS 8 News Live at 11pm | Comics Unleashed With Byron Allen
US: CBS 8 (KLAS) LAS VEGAS HD	CBS 8 (KLAS) Las Vegas HD [US]	callsign	US_LOCALS1	KLAS-DT.us_locals1	127	b31071f556	NCIS: Sydney | 8 News Now Live at 11PM | Comics Unleashed With Byron Allen
US: CBS 8 (KLST) SAN ANGELO HD	CBS 8 (KLST) San Angelo HD [US]	callsign	US_LOCALS1	KLST-DT.us_locals1	121	3939d273ee	Funny You Should Ask | Paid Programming | CBS News Roundup
US: CBS 8 (KNOE) MONROEÂ€“EL DORADO HD	CBS 8 (KNOE) MonroeÂ€“El Dorado HD [US]	callsign	US_LOCALS1	KNOE-DT2.us_locals1	121	8870862e8f	Nightline | iCRIME With Elizabeth Vargas | Extra
US: CBS 8 (WAKA) SELMA HD	CBS 8 (WAKA) Selma HD [US]	callsign	US_LOCALS1	WAKA-DT.us_locals1	120	2b34af3a5b	NCIS: Sydney | Paid Programming | CBS News Roundup
US: CBS 8 (WKBT) LA CROSSE HD	CBS 8 (WKBT) La Crosse HD [US]	callsign	US_LOCALS1	WKBT-DT.us_locals1	129	5c8ae83e56	Funny You Should Ask | Entertainment Tonight | Extra
US: CBS 9 (KCAL) LOS ANGELES HD	CBS 9 (KCAL) Los Angeles HD [US]	dummy			0		
US: CBS 9 (KWTV) OKLAHOMA CITY HD	CBS 9 (KWTV) Oklahoma City HD [US]	callsign	US_LOCALS1	KWTV-DT.us_locals1	122	e3dab84603	Funny You Should Ask | Entertainment Tonight | Extra
US: CBS 9 (WNCT) GREENVILLE HD	CBS 9 (WNCT) Greenville HD [US]	callsign	US_LOCALS1	WNCT-DT.us_locals1	129	50346b2c50	Funny You Should Ask | Paid Programming | CBS News Roundup
US: CBS 9 (WUSA) WASHINGTON HD	CBS 9 (WUSA) Washington HD [US]	callsign	US_LOCALS1	WUSA-DT.us_locals1	128	ed7befb378	Funny You Should Ask | Entertainment Tonight | CBS News Roundup
US: CBS AL MONTGOMERY/SELMA (WAKA) 4K	CBS Al Montgomery/Selma (WAKA) 4K [US]	callsign	US_LOCALS1	WAKA-DT.us_locals1	120	2b34af3a5b	NCIS: Sydney | Paid Programming | CBS News Roundup
US: CBS HD	CBS HD [US]	dummy			0		
US: CBS SPORTS GALAZO NETWORK 4K	CBS Sports Galazo Network 4K [US]	token	provider_3	bacabf02-88d4-489a-bd0a-a356730aeed0	96	509bc3c0fb	Boomer and Gio | Watercross | World of Outlaws
US: CBS SPORTS USA	CBS Sports USA [US]	dummy			0		
US: CBS WLNY HD	CBS Wlny HD [US]	dummy			0		
US: CIRCLE TV HD	Circle TV HD [US]	dummy			0		
US: CNC 3 TRINIDAD HD	Cnc 3 Trinidad HD [US]	dummy			0		
US: COMEDY TV HD	Comedy TV HD [US]	dummy			0		
US: CSN BAY AREA HD	Csn Bay Area HD [US]	dummy			0		
US: CSN BOSTON HD	Csn Boston HD [US]	dummy			0		
US: CSN CALIFORNIA HD	Csn California HD [US]	dummy			0		
US: CSN CHICAGO HD	Csn Chicago HD [US]	dummy			0		
US: CSN CHICAGO PLUS HD	Csn Chicago Plus HD [US]	dummy			0		
US: CSN PHILADELPHIA HD	Csn Philadelphia HD [US]	dummy			0		
US: CSN PHILADELPHIA PLUS HD	Csn Philadelphia Plus HD [US]	dummy			0		
US: CSN WASHINGTON HD	Csn Washington HD [US]	dummy			0		
US: CW (KOCB)	CW (KOCB) [US]	callsign	US_LOCALS1	KOCB-DT.us_locals1	165	849815a7cf	TMZ Live | Natural Blood Pressure Management | Two and a Half Men
US: CW (KSTW)	CW (KSTW) [US]	callsign	provider_13	KSTW.us	90	59c1d0843a	Justice With Judge Mablean | Andrew Wommack: Gospel Truth | Life Today
US: CW (KVCW)	CW (KVCW) [US]	callsign	US_LOCALS1	KVCW-DT.us_locals1	121	61004df731	Live: The CW News at 10 | Seinfeld | Last Man Standing
US: CW (WKBD)	CW (WKBD) [US]	callsign	US_LOCALS1	WKBD-DT.us_locals1	160	54f478ac7e	The Conners | Seinfeld | Last Man Standing
US: CW (WNUV)	CW (WNUV) [US]	callsign	provider_13	WNUV.us	80	a270ebef88	Ready for a safer shower? Enjoy a one-day bath remodel with Jacuzzi. | Hot Bench | Judy Justice
US: CW (WPCW)	CW (WPCW) [US]	callsign	provider_13	WPCW.us	76	3bf1b343a2	Cutlers Court | The 700 Club | Hot Bench
US: CW (WPSG)	CW (WPSG) [US]	callsign	provider_13	WPSG.us	90	952655c6cd	Crime Exposé With Nancy O'Dell | Hot Bench | America's Court With Judge Ross
US: CW (WUCW)	CW (WUCW) [US]	callsign	US_LOCALS1	WUCW-DT.us_locals1	134	7f462a169d	Live PD Presents | Paid Programming | Extra
US: CW 11 HD [SEATTLE]	CW 11 HD [Seattle] [US]	dup-feed-scrub	provider_13	KSTW.us	0		
US: CW 13 HD [LAREDO]	CW 13 HD [Laredo] [US]	dummy			0		
US: CW 17 HD [JACKSONVILLE]	CW 17 HD [Jacksonville] [US]	dummy			0		
US: CW 18 HD [CHARLOTTE]	CW 18 HD [Charlotte] [US]	dummy			0		
US: CW 18 HD [DAYTONA BEACH]	CW 18 HD [Daytona Beach] [US]	dummy			0		
US: CW 18 HD [MILWAUKEE]	CW 18 HD [Milwaukee] [US]	dummy			0		
US: CW 19 HD [TULSA]	CW 19 HD [Tulsa] [US]	dummy			0		
US: CW 20 HD GREENSBORO/HIGH POINT/WINSTON-SALEM AREA	CW 20 HD Greensboro/High Point/Winston-Salem Area [US]	dummy			0		
US: CW 21 BIRMINGHAM AL (WTTO) HD	CW 21 Birmingham Al (WTTO) HD [US]	callsign	US_LOCALS1	WTTO-DT.us_locals1	157	e439a19480	ABC 33/40 Late News Repeat | Modern Family | Two and a Half Men
US: CW 21 SHREVEPORT LA (KPXJ) HD	CW 21 Shreveport La (KPXJ) HD [US]	callsign	US_LOCALS1	KPXJ-DT.us_locals1	128	afd4def026	Bob Hearts Abishola | Family Feud Favorites | Flip Side
US: CW 22 HD [MONTGOMERY]	CW 22 HD [Montgomery] [US]	dummy			0		
US: CW 25 (WCWW) South Bend	CW 25 (WCWW) South Bend [US]	callsign	US_LOCALS1	WCWW-LD.us_locals1	132	42bc995006	The Conners | The Goldbergs | Extra
US: CW 26 HD [CHICAGO]	CW 26 HD [Chicago] [US]	dummy			0		
US: CW 29 HD [KANSAS CITY]	CW 29 HD [Kansas City] [US]	dummy			0		
US: CW 33 HD [LAS VEGAS]	CW 33 HD [Las Vegas] [US]	dummy			0		
US: CW 35 HD [SAN ANTONIO]	CW 35 HD [San Antonio] [US]	dummy			0		
US: CW 36 (KICU) SAN JOSE HD	CW 36 (KICU) San Jose HD [US]	callsign	US_LOCALS1	KICU-DT.us_locals1	131	81f20e3566	Seinfeld | TMZ | The 10PM News on KTVU Plus
US: CW 39 (KIAH) Houston HD	CW 39 (KIAH) Houston HD [US]	callsign	US_LOCALS1	KIAH-DT.us_locals1	143	b25e50e212	ABC13 Eyewitness News at 9P on CW39 | Bob Hearts Abishola | Last Man Standing
US: CW 44 HD [TAMPA]	CW 44 HD [Tampa] [US]	dummy			0		
US: CW 5 HD [PALM SPRINGS]	CW 5 HD [Palm Springs] [US]	dummy			0		
US: CW 50 HD [DETROIT]	CW 50 HD [Detroit] [US]	dummy			0		
US: CW 69 HD [ATLANTA]	CW 69 HD [Atlanta] [US]	dummy			0		
US: CW 8 HD [MISSOULA]	CW 8 HD [Missoula] [US]	dummy			0		
US: CW ATLANTA HD	CW Atlanta HD [US]	dummy			0		
US: CW CHICAGO HD	CW Chicago HD [US]	dummy			0		
US: CW HD	CW HD [US]	dummy			0		
US: CW PIX 11 HD	CW Pix 11 HD [US]	alias	US_LOCALS1	WPIX-DT.us_locals1	132	7fa94c9913	The Big Bang Theory | Young Sheldon | Protect Your Family From Identity Theft
US: CW SEATTLE HD	CW Seattle HD [US]	dummy			0		
US: California CBS (KOVR) Sacramento	California CBS (KOVR) Sacramento [US]	callsign	US_LOCALS1	KOVR-DT.us_locals1	136	60eccf8658	CBS 13 News at 10p | CBS 13 News at 11p | Comics Unleashed With Byron Allen
US: DAZN COMBAT	DAZN Combat [US]	dummy			0		
US: DAZN FAST+	DAZN Fast+ [US]	dummy			0		
US: DAZN RISE	DAZN Rise [US]	dummy			0		
US: DAZN WOMANS FOOTBALL	DAZN Womans Football [US]	dummy			0		
US: DISCOVERY EAST HD	Discovery East HD [US]	dummy			0		
US: DISCOVERY SCIENCE HD	Discovery Science HD [US]	norm-name	provider_5	DiscoveryScienceEurope.uk@UKHD	0		
US: DISTRICT KNOWLEDGE NETWORK 4K	District Knowledge Network 4K [US]	dummy			0		
US: DISTRICT OF COLUMBIA NETWORK 4K	District Of Columbia Network 4K [US]	dummy			0		
US: DIY HD	Diy HD [US]	dummy			0		
US: DUS (S)	Dus [US]	dummy			0		
US: EL REY	El Rey [US]	dummy			0		
US: ELEVEN SPORTS HD	Eleven Sports HD [US]	dummy			0		
US: ESPN 2 HD	ESPN 2 HD [US]	dup-feed-scrub	provider_3	5a24a595-c58b-4144-9a95-928f1c648d91	0		
US: ESPN U HD	ESPN U HD [US]	norm-name	provider_3	78a8f90a-df4f-4fcf-be56-df27539c5ac4	69	2b23530e12	Unsportsmanlike with Evan, Canty and Michelle | College Basketball | 2026 Men's College World Series
US: FANDUEL SPORTS SUN HD	Fanduel Sports Sun HD [US]	dummy			0		
US: FANTASY SPORTS NETWORK	Fantasy Sports Network [US]	dummy			0		
US: FASHION ONE ᵁᴴᴰ 3840P	Fashion One UHD 3840p [US]	dummy			0		
US: FIGHT NETWORK HD	Fight Network HD [US]	norm-name	provider_3	ea4a382a-356e-4693-9a4d-36782f1f2713	91	f747402ee9	ROH Classics | AXS TV Fights | Fight Network Recharged
US: FITE TV 24/7 ᴴᴰ	Fite TV 24/7 HD [US]	dummy			0		
US: FL WMBB ABC 13	Fl Wmbb ABC 13 [US]	dummy			0		
US: FORMULA 1 CHANNEL (FM1TV) ᴿᴬᵂ	Formula 1 Channel (FM1TV) RAW [US]	dummy			0		
US: FOX (KABB) SAN ANTONIO HD	FOX (KABB) San Antonio HD [US]	callsign	US_LOCALS1	KABB-DT.us_locals1	107	b95b7eb54a	Last Man Standing | The Conners | Sherri
US: FOX (KBFX) BAKERSFIELD HD	FOX (KBFX) Bakersfield HD [US]	callsign	US_LOCALS1	KBFX-CD.us_locals1	121	dd4cc13f09	Live: Eyewitness News on KBFX at 10 | Last Man Standing | iCRIME With Elizabeth Vargas
US: FOX (KBSI) PADUCAH HD	FOX (KBSI) Paducah HD [US]	callsign	US_LOCALS1	KBSI-DT.us_locals1	126	495c83ed70	Two and a Half Men | Seinfeld | The Neighborhood
US: FOX (KCPQ)	FOX (KCPQ) [US]	callsign	US_LOCALS1	KCPQ-LD.us_locals1	106	a31285a76b	Seattle News Tonight | West Coast News Wrap | Washington Sports Wrap
US: FOX (KDFW)	FOX (KDFW) [US]	callsign	US_LOCALS1	KDFW-DT.us_locals1	104	a1cab5b050	TMZ | Fox 4 News at 10 | Chicago P.D.
US: FOX (KDSM) DES MOINES HD	FOX (KDSM) Des Moines HD [US]	callsign	US_LOCALS1	KDSM-DT.us_locals1	116	22a127c1a4	iCRIME With Elizabeth Vargas | Live PD Presents | Sherri
US: FOX (KDVR)	FOX (KDVR) [US]	callsign	provider_13	KDVR.us	60	14a3ba55cb	FOX 31 Morning News at 7:00am | FOX 31 Morning News at 8:00am | FOX 31 Morning News at 9:00am
US: FOX (KFOX) EL PASO HD	FOX (KFOX) El Paso HD [US]	callsign	provider_13	KFOX.us	52	90509849bc	Live: KFOX14 Morning News 8-9A | Daytime | Live: FIFA World Cup Live
US: FOX (KFXA) CEDAR RAPIDS HD	FOX (KFXA) Cedar Rapids HD [US]	callsign	US_LOCALS1	KFXA-DT.us_locals1	133	ef5defe22b	Saturday Night Live | Key & Peele | Accident Compensation: Get Help Now!
US: FOX (KFXL) LINCOLN HD	FOX (KFXL) Lincoln HD [US]	callsign	US_LOCALS1	KFXL-DT.us_locals1	104	ca7fef88da	Modern Family | Two and a Half Men | Judge Mathis
US: FOX (KKFX) LOMPOC HD	FOX (KKFX) Lompoc HD [US]	callsign	US_LOCALS1	KKFX-CD.us_locals1	121	99d47a5e6e	News Channel 11 at 10 PM | Seinfeld | Two and a Half Men
US: FOX (KMPH) FRESNO HD	FOX (KMPH) Fresno HD [US]	callsign	provider_13	KMPH.us	58	4e45d5d0a2	Live: FIFA World Cup Live | Live: FIFA World Cup 2026 | Live: FIFA World Cup Today
US: FOX (KMSP)	FOX (KMSP) [US]	callsign	US_LOCALS1	KMSP-DT.us_locals1	112	d77c1b19a4	Sherri | TMZ | Bathroom Makeover
US: FOX (KOKH)	FOX (KOKH) [US]	callsign	provider_13	KOKH.us	54	8b641df028	Good Day OK at 8A | Live: Living Oklahoma | Live with Kelly and Mark
US: FOX (KOKH) OKLAHOMA CITY HD	FOX (KOKH) Oklahoma City HD [US]	callsign	provider_13	KOKH.us	54	8b641df028	Good Day OK at 8A | Live: Living Oklahoma | Live with Kelly and Mark
US: FOX (KPTM) OMAHA HD	FOX (KPTM) Omaha HD [US]	callsign	US_LOCALS1	KPTM-DT.us_locals1	109	3c79d2a811	Seinfeld | Modern Family | The Neighborhood
US: FOX (KRIV)	FOX (KRIV) [US]	callsign	US_LOCALS1	KRIV-DT.us_locals1	101	2cf2367152	Chattin' With Chelsea | FOX SOUL Faceoff | Law & Order: Special Victims Unit
US: FOX (KRQE) ALBUQUERQUE HD	FOX (KRQE) Albuquerque HD [US]	callsign	provider_13	KRQE.us	65	5deb88e432	CBS Mornings | The Drew Barrymore Show | Let's Make a Deal
US: FOX (KRQEDT2) ALBUQUERQUE NEW MEXICO	FOX (KRQEDT2) Albuquerque New Mexico [US]	dummy			0		
US: FOX (KRXI) RENO HD	FOX (KRXI) Reno HD [US]	callsign	US_LOCALS1	KRXI-DT.us_locals1	122	4d9e1dbd65	Live: FOX 11 News at 10 | NSN Tonight | Access Hollywood
US: FOX (KSAS) WICHITA HD	FOX (KSAS) Wichita HD [US]	callsign	provider_13	KSAS.us	65	2007542a45	Live: The National Weather Desk | Paid Programming | Live with Kelly and Mark
US: FOX (KSAZ)	FOX (KSAZ) [US]	callsign	provider_13	KSAZ.us	59	641c891b2a	FOX 10 Arizona Morning at 5:30am | FOX 10 Arizona Morning at 6am | FOX 10 Arizona Morning
US: FOX (KSCC) CORPCHRISTI HD	FOX (KSCC) Corpchristi HD [US]	callsign	US_LOCALS1	KSCC-DT.us_locals1	117	08225ccce1	Law & Order: Special Victims Unit | Access Hollywood | Dateline
US: FOX (KTBC)	FOX (KTBC) [US]	callsign	US_LOCALS1	KTBC-DT.us_locals1	97	ed30b3e39c	TMZ Live | 25 Words or Less | Divorce Court
US: FOX (KTTV)	FOX (KTTV) [US]	callsign	US_LOCALS1	KTTV-DT.us_locals1	112	7f1ee638bc	Good Nite LA | West Coast News Wrap | TMZ
US: FOX (KTVI)	FOX (KTVI) [US]	callsign	US_LOCALS1	KTVI-DT.us_locals1	106	11e648132e	Seinfeld | Flip Side | Access Hollywood
US: FOX (KTVU) OAKLAND CALIFORNIA	FOX (KTVU) Oakland California [US]	callsign	US_LOCALS1	KTVU-LD.us_locals1	107	42709b44df	The Ten O'Clock News on KTVU FOX 2 | Live: The Eleven O'Clock News on KTVU FOX 2 | Like it Or Not
US: FOX (KVVU)	FOX (KVVU) [US]	callsign	US_LOCALS1	KVVU-DT.us_locals1	105	57c14765d4	FOX5 News at 10:00pm | FOX5 News at 11:00pm | Sound Off Sports
US: FOX (WACH) COLUMBIA HD	FOX (WACH) Columbia HD [US]	callsign	provider_13	WACH.us	55	bb333a7a42	Judge Mathis | The People's Court | Maury
US: FOX (WBFF)	FOX (WBFF) [US]	callsign	US_LOCALS1	WBFF-DT.us_locals1	106	34648db57f	Wheel of Fortune | 48 Hours | Court Cam
US: FOX (WBFF) BALTIMORE HD	FOX (WBFF) Baltimore HD [US]	callsign	US_LOCALS1	WBFF-DT.us_locals1	106	34648db57f	Wheel of Fortune | 48 Hours | Court Cam
US: FOX (WDKY) LEXINGTON HD	FOX (WDKY) Lexington HD [US]	callsign	US_LOCALS1	WDKY-DT.us_locals1	111	d6dc0e1437	The Big Bang Theory | Two and a Half Men | Young Sheldon
US: FOX (WEMT) TRI-CITIES HD	FOX (WEMT) Tri-Cities HD [US]	callsign	US_LOCALS1	WEMT-DT.us_locals1	133	216187a153	Saturday Night Live | Key & Peele | Accident Compensation: Get Help Now!
US: FOX (WEVV) EVANSVILLE HD	FOX (WEVV) Evansville HD [US]	callsign	provider_13	WEVV.us	61	9856caeb6e	The Perfect Line | The Price Is Right | The Young and the Restless
US: FOX (WEVV2) OWENSBORO HD	FOX (WEVV2) Owensboro HD [US]	dummy			0		
US: FOX (WFLD)	FOX (WFLD) [US]	callsign	provider_13	WFLD.us	49	c33d73aae7	Good Day Chicago | Live: FIFA World Cup Live | Live: FIFA World Cup 2026
US: FOX (WFXT)	FOX (WFXT) [US]	callsign	provider_13	WFXT.us	51	187a451096	Live: Boston 25 Morning News at 9AM | Live: Boston 25 Morning News at 10AM | Live: Boston 25 Morning News at 11AM
US: FOX (WGXA) MACON HD	FOX (WGXA) Macon HD [US]	callsign	US_LOCALS1	WGXA-DT2.us_locals1	117	97222bc510	Nightline | Dateline | ABC World News Now
US: FOX (WITI)	FOX (WITI) [US]	callsign	US_LOCALS1	WITI-DT.us_locals1	105	31a1e22ec4	Dateline | Judge Judy | Sherri
US: FOX (WJBK)	FOX (WJBK) [US]	callsign	provider_13	WJBK.us	41	08e92d55e6	FOX 2 News Morning: Good Morning Detroit | Live: FIFA World Cup Live | Live: FIFA World Cup 2026
US: FOX (WJZY)	FOX (WJZY) [US]	callsign	US_LOCALS1	WJZY-DT.us_locals1	110	666c40b0a5	Tribunal Justice | The Big Bang Theory | Rev Walt
US: FOX (WLUK) GREEN BAY HD	FOX (WLUK) Green Bay HD [US]	callsign	provider_13	WLUK.us	44	caf44fab3c	Live with Kelly and Mark | Fox 11 Living | Live: FIFA World Cup Live
US: FOX (WOFL)	FOX (WOFL) [US]	callsign	US_LOCALS1	WOFL-DT.us_locals1	100	72209e9d67	TMZ Live | Paid Programming | Bathroom Makeover
US: FOX (WOGX)	FOX (WOGX) [US]	callsign	US_LOCALS1	WOGX-DT.us_locals1	100	3a4115ae8e	FOX 51 News at 10pm LIVE | Law & Order: Special Victims Unit | RateEscape: Stop Overpaying For Cellular
US: FOX (WPFO) WATERVILLE MAINE	FOX (WPFO) Waterville Maine [US]	callsign	US_LOCALS1	WPFO-DT.us_locals1	133	c4d965cd8d	Saturday Night Live | Key & Peele | Accident Compensation: Get Help Now!
US: FOX (WPGH)	FOX (WPGH) [US]	callsign	US_LOCALS1	WPGH-DT.us_locals1	123	de622268ee	The Conners | Access Daily | TMZ
US: FOX (WRAZ) RALEIGH NORTH CAROLINA	FOX (WRAZ) Raleigh North Carolina [US]	callsign	US_LOCALS1	WRAZ-DT.us_locals1	107	ef55b6b4f7	The Kelly Clarkson Show | Flip Side | The Perfect Line
US: FOX (WSVN)	FOX (WSVN) [US]	callsign	provider_13	fox7wsvn.us	61	5f8ead22a3	Today in Florida News | Sherri | FIFA World Cup Live
US: FOX (WTVT)	FOX (WTVT) [US]	callsign	US_LOCALS1	WTVT-DT.us_locals1	115	012947fb68	FOX13 Special: Storm Season 2026 | 25 Words or Less | Judge Judy
US: FOX (WTXF)	FOX (WTXF) [US]	callsign	US_LOCALS1	WTXF-DT.us_locals1	109	c4ed9f9e4f	25 Words or Less | The Simpsons | Divorce Court
US: FOX (WVAH) CHARLESTON HD	FOX (WVAH) Charleston HD [US]	callsign	provider_13	WCHSDT2.us	58	eaee4e037f	Live: The National News Desk | Cutlers Court | The People's Court
US: FOX (WVUE)	FOX (WVUE) [US]	callsign	US_LOCALS1	WVUE-DT.us_locals1	114	20c4f3e58f	The Goldbergs | The Perfect Line | Fox 8 News at 9pm
US: FOX (WZTV)	FOX (WZTV) [US]	callsign	US_LOCALS1	WZTV-DT2.us_locals1	145	aa70e31984	The Neighborhood | Scrambled Up | Flip Side
US: FOX (WZTV) NASHVILLE HD	FOX (WZTV) Nashville HD [US]	callsign	US_LOCALS1	WZTV-DT2.us_locals1	145	aa70e31984	The Neighborhood | Scrambled Up | Flip Side
US: FOX 10 HD [ALABAMA]	FOX 10 HD [Alabama] [US]	dummy			0		
US: FOX 10 XTRA HD [PHOENIX]	FOX 10 Xtra HD [Phoenix] [US]	dummy			0		
US: FOX 11 (KRXI) RENO HD	FOX 11 (KRXI) Reno HD [US]	callsign	US_LOCALS1	KRXI-DT.us_locals1	122	4d9e1dbd65	Live: FOX 11 News at 10 | NSN Tonight | Access Hollywood
US: FOX 11 (KTTV) LOS ANGELES HD	FOX 11 (KTTV) Los Angeles HD [US]	callsign	US_LOCALS1	KTTV-DT.us_locals1	112	7f1ee638bc	Good Nite LA | West Coast News Wrap | TMZ
US: FOX 13 (KCPQ) TACOMA HD	FOX 13 (KCPQ) Tacoma HD [US]	callsign	US_LOCALS1	KCPQ-LD.us_locals1	106	a31285a76b	Seattle News Tonight | West Coast News Wrap | Washington Sports Wrap
US: FOX 13 (WTVT) TAMPA HD	FOX 13 (WTVT) Tampa HD [US]	callsign	US_LOCALS1	WTVT-DT.us_locals1	115	012947fb68	FOX13 Special: Storm Season 2026 | 25 Words or Less | Judge Judy
US: FOX 13 HD [ALBUQUERQUE]	FOX 13 HD [Albuquerque] [US]	dummy			0		
US: FOX 13 HD [SEATTLE]	FOX 13 HD [Seattle] [US]	dummy			0		
US: FOX 14 HD [JACKSON]	FOX 14 HD [Jackson] [US]	dummy			0		
US: FOX 17 (KDSM) DES MOINES HD	FOX 17 (KDSM) Des Moines HD [US]	callsign	US_LOCALS1	KDSM-DT.us_locals1	116	22a127c1a4	iCRIME With Elizabeth Vargas | Live PD Presents | Sherri
US: FOX 17 (KTTW) SIOUX FALLS HD	FOX 17 (KTTW) Sioux Falls HD [US]	callsign	US_LOCALS1	KTTW-DT.us_locals1	161	fcda2f9200	Gaither Gospel Hour | Stem Cell Activators With Joseph Christiano ND | Frankly Speaking With Pastor Frank Amedia
US: FOX 17 (WZTV) NASHVILLE HD	FOX 17 (WZTV) Nashville HD [US]	callsign	US_LOCALS1	WZTV-DT2.us_locals1	145	aa70e31984	The Neighborhood | Scrambled Up | Flip Side
US: FOX 19 (WXIX) NEWPORT HD	FOX 19 (WXIX) Newport HD [US]	callsign	US_LOCALS1	WXIX-DT.us_locals1	104	8db248ab91	The Goldbergs | The Drew Barrymore Show | Suits
US: FOX 19 HD [CINCINNATI]	FOX 19 HD [Cincinnati] [US]	dummy			0		
US: FOX 2 (KHON) HONOLULU HD	FOX 2 (KHON) Honolulu HD [US]	callsign	provider_13	KHON.us	56	b8dfc82d36	Live with Kelly and Mark | Paid Programming | Business First With Angela Miles
US: FOX 2 HD [SAN FRANCISCO]	FOX 2 HD [San Francisco] [US]	dummy			0		
US: FOX 20 (KCVU) CHICO / REDDING	FOX 20 (KCVU) Chico / Redding [US]	callsign	US_LOCALS1	KCVU-DT.us_locals1	133	33c1bd2c9a	Saturday Night Live | Key & Peele | Accident Compensation: Get Help Now!
US: FOX 21 HD [ASHEVILLE]	FOX 21 HD [Asheville] [US]	dummy			0		
US: FOX 21 HD [GREENVILLE SC]	FOX 21 HD [Greenville Sc] [US]	dummy			0		
US: FOX 22 (WSBT) SOUTH BEND HD	FOX 22 (WSBT) South Bend HD [US]	callsign	US_LOCALS1	WSBT-DT2.us_locals1	120	964ff92430	Crime Exposé With Nancy O'Dell | Bob Hearts Abishola | Access Hollywood
US: FOX 22 COLUMBIA MO (KQFX) HD	FOX 22 Columbia Mo (KQFX) HD [US]	callsign	US_LOCALS1	KQFX-LD.us_locals1	128	a72e946636	The Neighborhood | Bob Hearts Abishola | Access Hollywood
US: FOX 23 (KBSI) CAPE GIRARDEAU HD	FOX 23 (KBSI) Cape Girardeau HD [US]	callsign	US_LOCALS1	KBSI-DT.us_locals1	126	495c83ed70	Two and a Half Men | Seinfeld | The Neighborhood
US: FOX 23 (KOKI) TULSA HD	FOX 23 (KOKI) Tulsa HD [US]	callsign	US_LOCALS1	KOKI-DT.us_locals1	133	216187a153	Saturday Night Live | Key & Peele | Accident Compensation: Get Help Now!
US: FOX 23 (WPFO) PORTLAND HD	FOX 23 (WPFO) Portland HD [US]	callsign	US_LOCALS1	WPFO-DT.us_locals1	133	c4d965cd8d	Saturday Night Live | Key & Peele | Accident Compensation: Get Help Now!
US: FOX 24 (WGXA) MACON HD	FOX 24 (WGXA) Macon HD [US]	callsign	US_LOCALS1	WGXA-DT2.us_locals1	117	97222bc510	Nightline | Dateline | ABC World News Now
US: FOX 24 HD [FORT SMITH]	FOX 24 HD [Fort Smith] [US]	dummy			0		
US: FOX 25 (WLAX) EAU CLAIRE HD	FOX 25 (WLAX) Eau Claire HD [US]	callsign	US_LOCALS1	WLAX-DT.us_locals1	123	df95dd9fdf	Young Sheldon | Modern Family | The Conners
US: FOX 26 (KRIV) HOUSTON HD	FOX 26 (KRIV) Houston HD [US]	callsign	US_LOCALS1	KRIV-DT.us_locals1	101	2cf2367152	Chattin' With Chelsea | FOX SOUL Faceoff | Law & Order: Special Victims Unit
US: FOX 27 (WFXR) ROANOKE HD	FOX 27 (WFXR) Roanoke HD [US]	callsign	US_LOCALS1	WFXR-DT.us_locals1	118	534edcc9a5	Family Feud Favorites | The Big Bang Theory | Comics Unleashed With Byron Allen
US: FOX 28 (KAYU) SPOKANE HD	FOX 28 (KAYU) Spokane HD [US]	callsign	US_LOCALS1	KAYU-DT.us_locals1	118	c693742ba6	4 News Now at 10 on FOX 28 | Family Feud | Modern Family
US: FOX 28 (WTGS) HARDEEVILLE HD	FOX 28 (WTGS) Hardeeville HD [US]	callsign	US_LOCALS1	WTGS-DT.us_locals1	135	f0f78a8471	Bob Hearts Abishola | The Neighborhood | The Big Bang Theory
US: FOX 29 (KABB) SAN ANTONIO HD	FOX 29 (KABB) San Antonio HD [US]	callsign	US_LOCALS1	KABB-DT.us_locals1	107	b95b7eb54a	Last Man Standing | The Conners | Sherri
US: FOX 29 (WTXF) PHILADELPHIA HD	FOX 29 (WTXF) Philadelphia HD [US]	callsign	US_LOCALS1	WTXF-DT.us_locals1	109	c4ed9f9e4f	25 Words or Less | The Simpsons | Divorce Court
US: FOX 29 HD [BUFFALO]	FOX 29 HD [Buffalo] [US]	token	provider_13	WUTV.us	64	5a6f718670	Mathis Court With Judge Mathis | The 700 Club | Judge Mathis
US: FOX 29 HD [PALM BEACH]	FOX 29 HD [Palm Beach] [US]	token	provider_13	WUTV.us	64	5a6f718670	Mathis Court With Judge Mathis | The 700 Club | Judge Mathis
US: FOX 30 HD [MERIDIAN MS]	FOX 30 HD [Meridian Ms] [US]	dummy			0		
US: FOX 31 (WUHF) ROCHESTER HD	FOX 31 (WUHF) Rochester HD [US]	callsign	US_LOCALS1	WUHF-DT.us_locals1	110	a3914760bb	TMZ | Paid Programming | Young Sheldon
US: FOX 33 (KMSS) SHREVEPORT HD	FOX 33 (KMSS) Shreveport HD [US]	callsign	US_LOCALS1	KMSS-DT.us_locals1	123	64b4254392	Crime Beat | The Big Bang Theory | Two and a Half Men
US: FOX 33 (WZAW) WAUSAU HD	FOX 33 (WZAW) Wausau HD [US]	callsign	US_LOCALS1	WZAW-LD.us_locals1	128	a344ad172c	The Conners | The Goldbergs | Modern Family
US: FOX 35 (WOFL) ORLANDO HD	FOX 35 (WOFL) Orlando HD [US]	callsign	US_LOCALS1	WOFL-DT.us_locals1	100	72209e9d67	TMZ Live | Paid Programming | Bathroom Makeover
US: FOX 35 PLUS HD [ORLANDO]	FOX 35 Plus HD [Orlando] [US]	dummy			0		
US: FOX 36 (WFTX) CAPE CORAL HD	FOX 36 (WFTX) Cape Coral HD [US]	callsign	US_LOCALS1	WFTX-DT.us_locals1	111	0035ce6d9c	Sherri | Live PD Presents | Divorce Court
US: FOX 38 (KSCC) CORPCHRISTI HD	FOX 38 (KSCC) Corpchristi HD [US]	callsign	US_LOCALS1	KSCC-DT.us_locals1	117	08225ccce1	Law & Order: Special Victims Unit | Access Hollywood | Dateline
US: FOX 4 (KDFW) DALLAS HD	FOX 4 (KDFW) Dallas HD [US]	callsign	US_LOCALS1	KDFW-DT.us_locals1	104	a1cab5b050	TMZ | Fox 4 News at 10 | Chicago P.D.
US: FOX 4 BILLINGS MT (KHMT) HD	FOX 4 Billings Mt (KHMT) HD [US]	callsign	US_LOCALS1	KHMT-DT.us_locals1	110	01c6a2d2c7	Live: Colorado Sports Night | The Big Bang Theory | The Neighborhood
US: FOX 40 (KTXL) SACRAMENTO HD	FOX 40 (KTXL) Sacramento HD [US]	callsign	US_LOCALS1	KTXL-DT.us_locals1	108	df32155e1c	FOX 40 News at 10:00 PM | FOX 40 News at 11:00pm | Two and a Half Men
US: FOX 41 HD [YAKIMA]	FOX 41 HD [Yakima] [US]	dummy			0		
US: FOX 43 (WFXB) MYRTLE BEACH HD	FOX 43 (WFXB) Myrtle Beach HD [US]	callsign	US_LOCALS1	WFXB-DT.us_locals1	118	177e8b9c52	The Autry Benton Show | Bob Hearts Abishola | Mathis Court With Judge Mathis
US: FOX 43 (WPMT) YORK HD	FOX 43 (WPMT) York HD [US]	callsign	US_LOCALS1	WPMT-DT.us_locals1	111	614e77f876	Live PD Presents | Court Cam | Tribunal Justice
US: FOX 43 (WYZZ) BLOOMINGTON HD	FOX 43 (WYZZ) Bloomington HD [US]	callsign	US_LOCALS1	WYZZ-DT.us_locals1	120	c01ec3c82a	Seinfeld | The Neighborhood | Funny You Should Ask
US: FOX 43 HD [HARRISBURG]	FOX 43 HD [Harrisburg] [US]	dummy			0		
US: FOX 44 (KWKT) WACO HD	FOX 44 (KWKT) Waco HD [US]	callsign	US_LOCALS1	KWKT-DT.us_locals1	125	6feef0ba15	Two and a Half Men | Bob Hearts Abishola | The Neighborhood
US: FOX 44 (WGMB) BATON ROUGE HD	FOX 44 (WGMB) Baton Rouge HD [US]	callsign	US_LOCALS1	WGMB-DT.us_locals1	126	1d5af917e8	Two and a Half Men | The Big Bang Theory | Paid Programming
US: FOX 44 HD [EVANSVILLE]	FOX 44 HD [Evansville] [US]	dummy			0		
US: FOX 45 (WBFF) BALTIMORE HD	FOX 45 (WBFF) Baltimore HD [US]	callsign	US_LOCALS1	WBFF-DT.us_locals1	106	34648db57f	Wheel of Fortune | 48 Hours | Court Cam
US: FOX 45 (WRGT) DAYTON HD	FOX 45 (WRGT) Dayton HD [US]	callsign	US_LOCALS1	WRGT-DT.us_locals1	131	ea08cd0a5f	Saturday Night Live | Key & Peele | Accident Compensation: Get Help Now!
US: FOX 46 (WJZY) BELMONT HD	FOX 46 (WJZY) Belmont HD [US]	callsign	US_LOCALS1	WJZY-DT.us_locals1	110	666c40b0a5	Tribunal Justice | The Big Bang Theory | Rev Walt
US: FOX 46 HD [CHARLOTTE]	FOX 46 HD [Charlotte] [US]	dummy			0		
US: FOX 47 (WMSN) MADISON HD	FOX 47 (WMSN) Madison HD [US]	callsign	US_LOCALS1	WMSN-DT.us_locals1	117	a1809493e8	Modern Family | iCRIME With Elizabeth Vargas | Live PD Presents
US: FOX 49 (KRBK) OSAGE BEACH HD	FOX 49 (KRBK) Osage Beach HD [US]	callsign	US_LOCALS1	KRBK-DT.us_locals1	115	27663cd861	iCRIME With Elizabeth Vargas | TMZ | Extra
US: FOX 5 (WAGA) ATLANTA HD	FOX 5 (WAGA) Atlanta HD [US]	callsign	US_LOCALS1	WAGA-DT.us_locals1	104	1361698a0e	TMZ | Portia | FOX 5: The Pulse
US: FOX 5 (WNYW) NEW YORK HD	FOX 5 (WNYW) New York HD [US]	callsign	US_LOCALS1	WNYW-DT.us_locals1	105	f67b7867f1	25 Words or Less | TMZ | Paid Programming
US: FOX 5 (WTTG) WASHINGTON HD	FOX 5 (WTTG) Washington HD [US]	callsign	US_LOCALS1	WTTG-DT.us_locals1	105	b5ee4d5ad3	Family Feud | Paid Programming | The Final 5
US: FOX 5 HD [LAS VEGAS]	FOX 5 HD [Las Vegas] [US]	dummy			0		
US: FOX 5 HD [SAN DIEGO]	FOX 5 HD [San Diego] [US]	dummy			0		
US: FOX 5 PLUS HD [WASHINGTON]	FOX 5 Plus HD [Washington] [US]	dummy			0		
US: FOX 50 (WRAZ) RALEIGH HD	FOX 50 (WRAZ) Raleigh HD [US]	callsign	US_LOCALS1	WRAZ-DT.us_locals1	107	ef55b6b4f7	The Kelly Clarkson Show | Flip Side | The Perfect Line
US: FOX 50 HD	FOX 50 HD [US]	dummy			0		
US: FOX 51 (KFXL) LINCOLN HD	FOX 51 (KFXL) Lincoln HD [US]	callsign	US_LOCALS1	KFXL-DT.us_locals1	104	ca7fef88da	Modern Family | Two and a Half Men | Judge Mathis
US: FOX 51 (WOGX) OCALA HD	FOX 51 (WOGX) Ocala HD [US]	callsign	US_LOCALS1	WOGX-DT.us_locals1	100	f85662a618	FOX 51 News at 10pm LIVE | Law & Order: Special Victims Unit | RateEscape: Stop Overpaying For Cellular
US: FOX 51 HD [GAINESVILLE]	FOX 51 HD [Gainesville] [US]	dummy			0		
US: FOX 53 (WPGH) PITTSBURGH HD	FOX 53 (WPGH) Pittsburgh HD [US]	callsign	US_LOCALS1	WPGH-DT.us_locals1	123	de622268ee	The Conners | Access Daily | TMZ
US: FOX 54 (WFXG) AUGTA HD	FOX 54 (WFXG) Augta HD [US]	callsign	US_LOCALS1	WFXG-DT.us_locals1	109	acf7e027a7	iCRIME With Elizabeth Vargas | Crime Exposé With Nancy O'Dell | FOX 54 News at 10
US: FOX 55 (WFFT) FORT WAYNE HD	FOX 55 (WFFT) Fort Wayne HD [US]	callsign	US_LOCALS1	WFFT-DT.us_locals1	129	6e84099502	Live with Kelly and Mark | The Big Bang Theory | Young Sheldon
US: FOX 55 (WRSP) SPRINGFIELD HD	FOX 55 (WRSP) Springfield HD [US]	callsign	US_LOCALS1	WRSP-DT.us_locals1	123	349acbe5a0	Access Hollywood | Family Feud | 25 Words or Less
US: FOX 56 (WDKY) DANVILLE HD	FOX 56 (WDKY) Danville HD [US]	callsign	US_LOCALS1	WDKY-DT.us_locals1	111	d6dc0e1437	The Big Bang Theory | Two and a Half Men | Young Sheldon
US: FOX 56 WOLF HD	FOX 56 Wolf HD [US]	dummy			0		
US: FOX 59 (WXIN) INDIANAPOLIS HD	FOX 59 (WXIN) Indianapolis HD [US]	callsign	US_LOCALS1	WXIN-DT.us_locals1	107	e129bcb1ce	Modern Family | Bob Hearts Abishola | The Neighborhood
US: FOX 6 (WBRC) BIRMINGHAM HD	FOX 6 (WBRC) Birmingham HD [US]	callsign	US_LOCALS1	WBRC-DT.us_locals1	112	b19cd79713	InvestigateTV+ | Good Morning Football: Overtime | TMZ Live
US: FOX 6 (WITI) MILWAUKEE HD	FOX 6 (WITI) Milwaukee HD [US]	callsign	US_LOCALS1	WITI-DT.us_locals1	105	31a1e22ec4	Dateline | Judge Judy | Sherri
US: FOX 6 BIRMINGHAM AL (WBRC) HD	FOX 6 Birmingham Al (WBRC) HD [US]	callsign	US_LOCALS1	WBRC-DT.us_locals1	112	b19cd79713	InvestigateTV+ | Good Morning Football: Overtime | TMZ Live
US: FOX 6 MILWAUKEE WI (WITI) HD	FOX 6 Milwaukee Wi (WITI) HD [US]	callsign	US_LOCALS1	WITI-DT.us_locals1	105	31a1e22ec4	Dateline | Judge Judy | Sherri
US: FOX 61 (WTIC) HARTFORD HD	FOX 61 (WTIC) Hartford HD [US]	callsign	provider_13	WTIC.us	51	9c12de5c7d	FOX 61 Morning News | Good Morning Football: Overtime | Live: FIFA World Cup Live
US: FOX 61 HD [HARTFORD]	FOX 61 HD [Hartford] [US]	dummy			0		
US: FOX 62 (WYFX) YOUNGSTOWN HD	FOX 62 (WYFX) Youngstown HD [US]	callsign	US_LOCALS1	WYFX-LD.us_locals1	127	cd36a2a89e	Young Sheldon | iCRIME With Elizabeth Vargas | The Big Bang Theory
US: FOX 62 HD [YOUNGSTOWN]	FOX 62 HD [Youngstown] [US]	dummy			0		
US: FOX 64 (WNAC) PROVIDENCE HD	FOX 64 (WNAC) Providence HD [US]	callsign	US_LOCALS1	WNAC-DT2.us_locals1	135	6dce717556	Two and a Half Men | Last Man Standing | Pawn Stars
US: FOX 64 HD [PROVIDENCE]	FOX 64 HD [Providence] [US]	dummy			0		
US: FOX 66 (WFXP) ERIE	FOX 66 (WFXP) Erie [US]	callsign	US_LOCALS1	WFXP-DT.us_locals1	124	856b4fdaf0	The Perfect Line | Flip Side | Bob Hearts Abishola
US: FOX 66 (WSMH) FLINT HD	FOX 66 (WSMH) Flint HD [US]	callsign	US_LOCALS1	WSMH-DT2.us_locals1	106	5df4a13ee3	Late Night With Seth Meyers | NBC Nightly News With Tom Llamas | Top Story With Tom Llamas
US: FOX 67 (KFXV) TEXAS HD	FOX 67 (KFXV) Texas HD [US]	callsign	US_LOCALS1	KFXV-DT.us_locals1	122	a08a2020e6	Extra | Access Hollywood | Modern Family
US: FOX 68 (WSYT) SYRACE HD	FOX 68 (WSYT) Syrace HD [US]	callsign	US_LOCALS1	WSYT-DT.us_locals1	129	1d95d4ebc9	Judge Judy | Supreme Justice With Judge Karen | Justice for All With Judge Cristina Pérez
US: FOX 7 (KTBC) ATIN HD	FOX 7 (KTBC) Atin HD [US]	callsign	US_LOCALS1	KTBC-DT.us_locals1	97	ed30b3e39c	TMZ Live | 25 Words or Less | Divorce Court
US: FOX 7 HD [AUSTIN]	FOX 7 HD [Austin] [US]	dummy			0		
US: FOX 8 (WGHP) HIGH POINT HD	FOX 8 (WGHP) High Point HD [US]	callsign	US_LOCALS1	WGHP-DT.us_locals1	115	d15a4e799c	Access Hollywood | Seinfeld | Ready for a safer shower? Enjoy a one-day bath remodel with Jacuzzi.
US: FOX 8 (WVUE) NEW ORLEANS HD	FOX 8 (WVUE) New Orleans HD [US]	callsign	US_LOCALS1	WVUE-DT.us_locals1	114	ab7a340bf1	The Goldbergs | The Perfect Line | Fox 8 News at 9pm
US: FOX 8 HD [GREENSBORO]	FOX 8 HD [Greensboro] [US]	dummy			0		
US: FOX 9 (KMSP) MINNEAPOLIS HD	FOX 9 (KMSP) Minneapolis HD [US]	callsign	US_LOCALS1	KMSP-DT.us_locals1	112	d77c1b19a4	Sherri | TMZ | Bathroom Makeover
US: FOX 9 (KNIN) CALDWELL HD	FOX 9 (KNIN) Caldwell HD [US]	callsign	US_LOCALS1	KNIN-DT.us_locals1	108	55fc2c8681	Chicago Fire | Chicago P.D. | The Jennifer Hudson Show
US: FOX 9 PLUS HD [MINNEAPOLIS]	FOX 9 Plus HD [Minneapolis] [US]	dummy			0		
US: FOX AL MONTGOMERY (WCOV) HD	FOX Al Montgomery (WCOV) HD [US]	callsign	US_LOCALS1	WCOV-DT.us_locals1	123	c99738a2ae	Justice for the People With Judge Milian | Justice for All With Judge Cristina Pérez | The Jennifer Hudson Show
US: FOX HARTFORD (WTIC)	FOX Hartford (WTIC) [US]	callsign	provider_13	WTIC.us	51	9c12de5c7d	FOX 61 Morning News | Good Morning Football: Overtime | Live: FIFA World Cup Live
US: FOX HD	FOX HD [US]	dummy			0		
US: FOX MO CAPE GIRARDEAU (KBSI) HD	FOX Mo Cape Girardeau (KBSI) HD [US]	callsign	US_LOCALS1	KBSI-DT.us_locals1	126	495c83ed70	Two and a Half Men | Seinfeld | The Neighborhood
US: FOX NET [ABILENE TX]	FOX Net [Abilene Tx] [US]	dummy			0		
US: FOX NET [APLENA]	FOX Net [Aplena] [US]	dummy			0		
US: FOX NET [BINGHAMPTON NY]	FOX Net [Binghampton Ny] [US]	dummy			0		
US: FOX SOUL	FOX Soul [US]	norm-name	provider_3	6e4cfd3d-56dd-4463-8f48-9620c2e6ab5d	118	fd3c13f132	The Good Word | Chattin' With Chelsea | Portia
US: FOX SPORTS 2	FOX Sports 2 [US]	norm-name	provider_3	bfc46e01-73b9-4571-8357-f8298d2b2ced	89	de00a9b49a	AFL Premiership Football | FIFA World Cup 2026 | American Flat Track
US: FOX SPORTS ARIZONA HD	FOX Sports Arizona HD [US]	dummy			0		
US: FOX SPORTS CAROLINAS HD	FOX Sports Carolinas HD [US]	dummy			0		
US: FOX SPORTS COLLEGE ATLANTIC HD	FOX Sports College Atlantic HD [US]	token	provider_3	9f07c24a-045f-42b4-90a7-fee624e62356	169	70fa3a46d0	First Things First | First Things First: OT | The Herd With Colin Cowherd
US: FOX SPORTS COLLEGE CENTRAL HD	FOX Sports College Central HD [US]	dummy			0		
US: FOX SPORTS COLLEGE PACIFIC HD	FOX Sports College Pacific HD [US]	dummy			0		
US: FOX SPORTS DEPORTES	FOX Sports Deportes [US]	dummy			0		
US: FOX SPORTS DETROIT HD	FOX Sports Detroit HD [US]	dummy			0		
US: FOX SPORTS FLORIDA HD	FOX Sports Florida HD [US]	dummy			0		
US: FOX SPORTS KANSAS CITY HD	FOX Sports Kansas City HD [US]	dummy			0		
US: FOX SPORTS MID WEST HD	FOX Sports Mid West HD [US]	dummy			0		
US: FOX SPORTS MIDWEST HD	FOX Sports Midwest HD [US]	dummy			0		
US: FOX SPORTS NETBASE HD	FOX Sports Netbase HD [US]	dummy			0		
US: FOX SPORTS NORTH HD	FOX Sports North HD [US]	dummy			0		
US: FOX SPORTS OHIO HD	FOX Sports Ohio HD [US]	dummy			0		
US: FOX SPORTS OKLAHOMA HD	FOX Sports Oklahoma HD [US]	dummy			0		
US: FOX SPORTS PRIME TICKET HD	FOX Sports Prime Ticket HD [US]	dummy			0		
US: FOX SPORTS SAN DIEGO HD	FOX Sports San Diego HD [US]	dummy			0		
US: FOX SPORTS SOCCER HD	FOX Sports Soccer HD [US]	dummy			0		
US: FOX SPORTS SOUTH EAST HD	FOX Sports South East HD [US]	dummy			0		
US: FOX SPORTS SOUTH HD	FOX Sports South HD [US]	dummy			0		
US: FOX SPORTS SOUTH WEST HD	FOX Sports South West HD [US]	dummy			0		
US: FOX SPORTS SOUTHEAST HD	FOX Sports Southeast HD [US]	dummy			0		
US: FOX SPORTS SOUTHWEST HD	FOX Sports Southwest HD [US]	dummy			0		
US: FOX SPORTS SPORTSTIME OHIO HD	FOX Sports Sportstime Ohio HD [US]	dummy			0		
US: FOX SPORTS SUN HD	FOX Sports Sun HD [US]	dummy			0		
US: FOX SPORTS TENNESSEE HD	FOX Sports Tennessee HD [US]	dummy			0		
US: FOX SPORTS WEST HD	FOX Sports West HD [US]	dummy			0		
US: FOX SPORTS WISCONSIN HD	FOX Sports Wisconsin HD [US]	norm-name	provider_13	FOXSports.us	0		
US: FOX SPORTS YES HD	FOX Sports Yes HD [US]	dummy			0		
US: FOX SPORTS YES NETWORK HD	FOX Sports Yes Network HD [US]	dummy			0		
US: FOX SPORTSTIME OHIO HD	FOX Sportstime Ohio HD [US]	dummy			0		
US: FOX VISALIA (KMPH)	FOX Visalia (KMPH) [US]	callsign	provider_13	KMPH.us	58	0f71ad8e16	Live: FIFA World Cup Live | Live: FIFA World Cup 2026 | Live: FIFA World Cup Today
US: FUBO SPORTS 2 HD	Fubo Sports 2 HD [US]	dummy			0		
US: FUBO SPORTS 3 HD	Fubo Sports 3 HD [US]	dummy			0		
US: FUBO SPORTS 4 HD	Fubo Sports 4 HD [US]	dummy			0		
US: FUBO SPORTS 5 HD	Fubo Sports 5 HD [US]	dummy			0		
US: FUSE MUSIC HD	Fuse Music HD [US]	dummy			0		
US: FXM HD	Fxm HD [US]	dummy			0		
US: GAME TV HD	Game TV HD [US]	norm-name	provider_13	GameTV.ca	71	5f3bf55852	Cash Cab Music | Talkabout | Split Second
US: GINX ESPORTS HD	Ginx Esports HD [US]	dummy			0		
US: GREAT AMERICAN COUNTRY 4K	Great American Country 4K [US]	dummy			0		
US: GREAT AMERICAN FAITH & LIVING	Great American Faith & Living [US]	dummy			0		
US: Game Show Central	Game Show Central [US]	norm-name	provider_11	GameShowCentral.us@SD	0		
US: HD NET MOVIES HD	HD Net Movies HD [US]	dummy			0		
US: INFOWARS TV HD	Infowars TV HD [US]	dummy			0		
US: ION	Ion [US]	dummy			0		
US: ION MYSTERY	Ion Mystery [US]	norm-name	US2	ION.Mystery.us2	72	2fc3d798d5	Criminal Minds | The Listener | Bull
US: ION PLUS	Ion Plus [US]	dummy			0		
US: JEWELRY tv	Jewelry TV [US]	norm-name	provider_11	JewelryTV.us@SD	0		
US: KEY TV HD	Key TV HD [US]	dummy			0		
US: KIRO 7 NEWS	Kiro 7 News [US]	dummy			0		
US: KTLA LOS ANGELES HD	Ktla Los Angeles HD [US]	dummy			0		
US: LAW & CRIME	Law & Crime [US]	dummy			0		
US: LIFETIME REAL WOMEN HD	Lifetime Real Women HD [US]	norm-name	US2	Lifetime.Real.Women.us2	108	7504efae1a	Bring It! | Paid Programming | Pain Relief Revealed
US: LIVENOW FROM FOX	Livenow From FOX [US]	norm-name	provider_11	LiveNOWfromFOX.us@SD	0		
US: LOCAL NOW HD	Local Now HD [US]	dummy			0		
US: MARQUEE SPORTS NETWORK HD	Marquee Sports Network HD [US]	norm-name	provider_3	4ee999b9-4089-478e-91cc-05440acc38b9	102	78b2bddd46	Cubs In 15 | Cubs Now | The Lovable Reunion
US: MASSN 2 HD	Massn 2 HD [US]	dummy			0		
US: MASSN HD	Massn HD [US]	dummy			0		
US: ME TV	Me TV [US]	norm-name	provider_3	038e34a5-d895-44cb-81da-f5d0b860fd06	173	989c14ccb2	Leave It to Beaver | Perry Mason | Matlock
US: MEGA TV	Mega TV [US]	dummy			0		
US: MGM HD	MGM HD [US]	dummy			0		
US: MLB STRIKE ZONE HD	MLB Strike Zone HD [US]	norm-name	provider_3	23d4fb04-2b56-4a9e-9066-47022a5e164f	1	5034fb5ed9	MLB Network Strike Zone
US: MUSIC CHOICE CLASSIC COUNTRY HD	Music Choice Classic Country HD [US]	dummy			0		
US: MUSIC CHOICE HIP-HOP AND R&B	Music Choice Hip-Hop And R&B [US]	dummy			0		
US: MUSIC CHOICE MAX	Music Choice MAX [US]	norm-name	provider_11	MusicChoiceMax.us@SD	0		
US: MUSIC CHOICE POP HITS	Music Choice Pop Hits [US]	norm-name	provider_11	MusicChoicePopHits.us@SD	0		
US: MUSIC CHOICE TROPICALES HD	Music Choice Tropicales HD [US]	norm-name	provider_11	MusicChoiceTropicales.us@SD	0		
US: MUSIC CHOICE: HIP-HOP CLASSICS	Music Choice: Hip-Hop Classics [US]	dummy			0		
US: MYTV 9 (WCTX) WATERBURY HD	Mytv 9 (WCTX) Waterbury HD [US]	callsign	US_LOCALS1	WCTX-DT.us_locals1	160	62bc7a8235	Chicago P.D. | 48 Hours | Family Feud Favorites
US: Moto America TV	Moto America TV [US]	dummy			0		
US: NBC (KDEN) TELEMUNDO (D) ᴿᴬᵂ	NBC (KDEN) Telemundo RAW [US]	dummy			0		
US: NBC (KHNL) HONOLULU (A) ᴿᴬᵂ	NBC (KHNL) Honolulu RAW [US]	callsign	US_LOCALS1	KHNL-DT.us_locals1	110	d60d94fc33	America's Got Talent | Password | Hawaii News Now 10p
US: NBC (KPRC) HOUSTON (A) ᴿᴬᵂ	NBC (KPRC) Houston RAW [US]	callsign	US_LOCALS1	KPRC-DT.us_locals1	107	340d2a0e46	Late Night With Seth Meyers | KPRC 2 News at 10pm | Top Story With Tom Llamas
US: NBC (KSL) SALT LAKE CITY (A) ᴿᴬᵂ	NBC (KSL) Salt Lake City RAW [US]	callsign	US_LOCALS1	KSL-DT.us_locals1	106	364b49437b	The Tonight Show Starring Jimmy Fallon | Late Night With Seth Meyers | KSL 5 News
US: NBC (KSNF) JOPLIN-PITTSBURG (D) ᴿᴬᵂ	NBC (KSNF) Joplin-Pittsburg RAW [US]	callsign	US_LOCALS1	KSNF-DT.us_locals1	103	c7afb1d991	Late Night With Seth Meyers | Access Hollywood | Judge Judy
US: NBC (KSTS) TELEMUNDO (D) ᴿᴬᵂ	NBC (KSTS) Telemundo RAW [US]	dummy			0		
US: NBC (KTMD) TELEMUNDO (D) ᴿᴬᵂ	NBC (KTMD) Telemundo RAW [US]	dummy			0		
US: NBC (KTUU) ANCHORAGE (A) ᴿᴬᵂ	NBC (KTUU) Anchorage RAW [US]	callsign	US_LOCALS1	KTUU-DT.us_locals1	103	6bf3333e89	Password | Channel 2 News: Late Edition | The Tonight Show Starring Jimmy Fallon
US: NBC (KUAN) TELEMUNDO (D) ᴿᴬᵂ	NBC (KUAN) Telemundo RAW [US]	dummy			0		
US: NBC (KVDA) TELEMUNDO (D) ᴿᴬᵂ	NBC (KVDA) Telemundo RAW [US]	dummy			0		
US: NBC (KVEA) TELEMUNDO (D) ᴿᴬᵂ	NBC (KVEA) Telemundo RAW [US]	dummy			0		
US: NBC (KXAS) FORT WORTH (D) ᴿᴬᵂ	NBC (KXAS) Fort Worth RAW [US]	dummy			0		
US: NBC (WCNC) CHARLOTTE (D) ᴿᴬᵂ	NBC (WCNC) Charlotte RAW [US]	callsign	US_LOCALS1	WCNC-DT.us_locals1	109	87f1720055	Late Night With Seth Meyers | WCNC Charlotte at 11:00 | Top Story With Tom Llamas
US: NBC (WITN) WASHINGTON (D) ᴿᴬᵂ	NBC (WITN) Washington RAW [US]	callsign	US_LOCALS1	WITN-DT.us_locals1	101	b3488721bf	Late Night With Seth Meyers | WITN 7 News at 11pm | Top Story With Tom Llamas
US: NBC (WMAQ) CHICAGO (D) ᴿᴬᵂ	NBC (WMAQ) Chicago RAW [US]	callsign	US_LOCALS1	WMAQ-DT.us_locals1	99	84ccb511f0	Late Night With Seth Meyers | NBC 5 News at 10 PM | NBC Nightly News With Tom Llamas
US: NBC (WNBC) NEW YORK (D) ᴿᴬᵂ	NBC (WNBC) New York RAW [US]	callsign	US_LOCALS1	WNBC-DT.us_locals1	100	8b343d1d2f	Late Night With Seth Meyers | News 4 NY at 11 | NBC Nightly News With Tom Llamas
US: NBC (WNEU) TELEMUNDO (D) ᴿᴬᵂ	NBC (WNEU) Telemundo RAW [US]	dummy			0		
US: NBC (WNJU) TELEMUNDO (D) ᴿᴬᵂ	NBC (WNJU) Telemundo RAW [US]	dummy			0		
US: NBC (WRC) WASHINGTON DC (D) ᴿᴬᵂ	NBC (WRC) Washington Dc RAW [US]	callsign	US_LOCALS1	WRC-DT.us_locals1	93	dd901d7198	Late Night With Seth Meyers | NEWS4 AT 11P | NBC Nightly News With Tom Llamas
US: NBC (WRDM) TELEMUNDO (D) ᴿᴬᵂ	NBC (WRDM) Telemundo RAW [US]	dummy			0		
US: NBC (WSNS) TELEMUNDO (D) ᴿᴬᵂ	NBC (WSNS) Telemundo RAW [US]	dummy			0		
US: NBC (WTLV) JACKSONVILLE (D) ᴿᴬᵂ	NBC (WTLV) Jacksonville RAW [US]	callsign	US_LOCALS1	WTLV-DT.us_locals1	102	8118831446	Late Night With Seth Meyers | First Coast News at 11 | Top Story With Tom Llamas
US: NBC (WTMO) TELEMUNDO (D) ᴿᴬᵂ	NBC (WTMO) Telemundo RAW [US]	dummy			0		
US: NBC (WWDT) TELEMUNDO (D) ᴿᴬᵂ	NBC (WWDT) Telemundo RAW [US]	dummy			0		
US: NBC (WWSI) TELEMUNDO (D) ᴿᴬᵂ	NBC (WWSI) Telemundo RAW [US]	dummy			0		
US: NBC (WXIA) ATLANTA (D) ᴿᴬᵂ	NBC (WXIA) Atlanta RAW [US]	callsign	US_LOCALS1	WXIA-DT.us_locals1	101	e88321d5e7	Late Night With Seth Meyers | 11Alive News at 11PM | Top Story With Tom Llamas
US: NBC (WYFF) GREENVILLE/SPARTANBURG/ASHEVILLE/ANDERSON (D) ᴿᴬᵂ	NBC (WYFF) Greenville/Spartanburg/Asheville/Anderson RAW [US]	callsign	US_LOCALS1	WYFF-DT.us_locals1	98	b4756829d8	Late Night With Seth Meyers | WYFF News 4 at 11pm | Top Story With Tom Llamas
US: NBC (WZDC) TELEMUNDO (D) ᴿᴬᵂ	NBC (WZDC) Telemundo RAW [US]	dummy			0		
US: NBC 10 (KTEN) ADA (D) ᴿᴬᵂ	NBC 10 (KTEN) Ada RAW [US]	callsign	US_LOCALS1	KTEN-DT.us_locals1	108	0582821f03	Late Night With Seth Meyers | KTEN News at 10 | Paid Programming
US: NBC 10 (KTTC) ROCHESTER (D) ᴿᴬᵂ	NBC 10 (KTTC) Rochester RAW [US]	callsign	US_LOCALS1	KTTC-DT.us_locals1	96	4f79d8d4e8	Late Night With Seth Meyers | KTTC News at Ten | Top Story With Tom Llamas
US: NBC 10 (KTVE) EL DORADO (D) ᴿᴬᵂ	NBC 10 (KTVE) El Dorado RAW [US]	callsign	US_LOCALS1	KTVE-DT.us_locals1	99	dc6af23530	Late Night With Seth Meyers | In Depth With Graham Bensinger | Top Story With Tom Llamas
US: NBC 10 (WALB) ALBANY (D) ᴿᴬᵂ	NBC 10 (WALB) Albany RAW [US]	callsign	US_LOCALS1	WALB-DT.us_locals1	103	600500c445	Late Night With Seth Meyers | America's Got Talent | Early Today
US: NBC 10 (WAVY) HAMPTON ROADS (A) ᴿᴬᵂ	NBC 10 (WAVY) Hampton Roads RAW [US]	callsign	US_LOCALS1	WAVY-DT.us_locals1	99	da8eb4e927	Late Night With Seth Meyers | Extra | Top Story With Tom Llamas
US: NBC 10 (WAVY) NORFOLK/PORTSMOUTH/NEWPORT NEWS (H) ᴿᴬᵂ	NBC 10 (WAVY) Norfolk/Portsmouth/Newport News RAW [US]	callsign	US_LOCALS1	WAVY-DT.us_locals1	99	be9c54db55	Late Night With Seth Meyers | Extra | Top Story With Tom Llamas
US: NBC 10 (WBIR) KNOXVILLE (D) ᴿᴬᵂ	NBC 10 (WBIR) Knoxville RAW [US]	callsign	US_LOCALS1	WBIR-DT.us_locals1	98	04d342fbc9	Late Night With Seth Meyers | 10News at 11PM | Top Story With Tom Llamas
US: NBC 10 (WBTS) BOSTON (H) ᴿᴬᵂ	NBC 10 (WBTS) Boston RAW [US]	callsign	US_LOCALS1	WBTS-CD.us_locals1	104	3893aebe6d	Late Night With Seth Meyers | NBC 10 Boston News at 11pm | NBC Nightly News With Tom Llamas
US: NBC 10 (WCAU) PHILADELPHIA (A) ᴿᴬᵂ	NBC 10 (WCAU) Philadelphia RAW [US]	callsign	US_LOCALS1	WCAU-DT.us_locals1	97	7f1e8e3b65	Late Night With Seth Meyers | NBC10 News at 11p | NBC Nightly News With Tom Llamas
US: NBC 10 (WCAU) TRENTON (H) ᴿᴬᵂ	NBC 10 (WCAU) Trenton RAW [US]	callsign	US_LOCALS1	WCAU-DT.us_locals1	97	7f1e8e3b65	Late Night With Seth Meyers | NBC10 News at 11p | NBC Nightly News With Tom Llamas
US: NBC 10 (WGEM) QUINCY (D) ᴿᴬᵂ	NBC 10 (WGEM) Quincy RAW [US]	callsign	US_LOCALS1	WGEM-DT.us_locals1	99	44f2ebf9ce	Late Night With Seth Meyers | WGEM News at 10 | Top Story With Tom Llamas
US: NBC 10 (WGEM-DT) QUINCY (H) ᴿᴬᵂ	NBC 10 (WGEM-DT) Quincy RAW [US]	callsign	US_LOCALS1	WGEM-DT.us_locals1	99	44f2ebf9ce	Late Night With Seth Meyers | WGEM News at 10 | Top Story With Tom Llamas
US: NBC 10 (WHEC) ROCHESTER (H) ᴿᴬᵂ	NBC 10 (WHEC) Rochester RAW [US]	callsign	US_LOCALS1	WHEC-DT.us_locals1	98	09236f160d	Late Night With Seth Meyers | News10NBC at Eleven | Top Story With Tom Llamas
US: NBC 10 (WILX) ONONDAGA (D) ᴿᴬᵂ	NBC 10 (WILX) Onondaga RAW [US]	callsign	US_LOCALS1	WILX-DT.us_locals1	107	7502bdbabc	Late Night With Seth Meyers | News 10 at 11PM | Top Story With Tom Llamas
US: NBC 10 (WIS) COLUMBIA (H) ᴿᴬᵂ	NBC 10 (WIS) Columbia RAW [US]	callsign	US_LOCALS1	WIS-DT.us_locals1	100	1a8dd1b72c	Late Night With Seth Meyers | WIS News 10 at 11 | Top Story With Tom Llamas
US: NBC 10 (WJAR) RHODE ISLAND (A) ᴿᴬᵂ	NBC 10 (WJAR) Rhode Island RAW [US]	callsign	US_LOCALS1	WJAR-DT2.us_locals1	133	de62400698	Nightline | 25 Words or Less | Inside Edition
US: NBC 10 (WSLS) ROANOKE (A) ᴿᴬᵂ	NBC 10 (WSLS) Roanoke RAW [US]	callsign	US_LOCALS1	WSLS-DT.us_locals1	104	05a2c5abe9	Late Night With Seth Meyers | WSLS 10 at 11 | Top Story With Tom Llamas
US: NBC 11 (KARE) MINNEAPOLIS (H) ᴿᴬᵂ	NBC 11 (KARE) Minneapolis RAW [US]	callsign	US_LOCALS1	KARE-DT.us_locals1	105	c9fb1c763d	Late Night With Seth Meyers | NBC Nightly News With Tom Llamas | KARE 11 News at 10
US: NBC 11 (KCBD) LUBBOCK/TEXAS (D) ᴿᴬᵂ	NBC 11 (KCBD) Lubbock/Texas RAW [US]	callsign	US_LOCALS1	KCBD-DT.us_locals1	109	b9d37a31dd	Late Night With Seth Meyers | 10p News Repeat | Paid Programming
US: NBC 11 (KKCO) GRAND JUNCTION (D) ᴿᴬᵂ	NBC 11 (KKCO) Grand Junction RAW [US]	callsign	US_LOCALS1	KKCO-DT.us_locals1	106	40de265257	The Tonight Show Starring Jimmy Fallon | Late Night With Seth Meyers | The TEN on KKCO 11 News
US: NBC 11 (KNTV) CONCORD (H) ᴿᴬᵂ	NBC 11 (KNTV) Concord RAW [US]	callsign	US_LOCALS1	KNTV-DT.us_locals1	104	93b7ee869c	Password | NBC Bay Area News at 11 | The Tonight Show Starring Jimmy Fallon
US: NBC 11 (KNTV) SAN FRANCISCO (D) ᴿᴬᵂ	NBC 11 (KNTV) San Francisco RAW [US]	callsign	US_LOCALS1	KNTV-DT.us_locals1	104	93b7ee869c	Password | NBC Bay Area News at 11 | The Tonight Show Starring Jimmy Fallon
US: NBC 11 (KTVF) FAIRBANKS (D) ᴿᴬᵂ	NBC 11 (KTVF) Fairbanks RAW [US]	callsign	US_LOCALS1	KTVF-DT.us_locals1	111	5f060824c0	America's Got Talent | Password | News At 11
US: NBC 11 (KVLY) FARGO (H) ᴿᴬᵂ	NBC 11 (KVLY) Fargo RAW [US]	callsign	US_LOCALS1	KVLY-DT.us_locals1	99	c16c2cc063	Late Night With Seth Meyers | NBC Nightly News With Tom Llamas | Valley News Live at 10pm
US: NBC 11 (WBAL) BALTIMORE (A) ᴿᴬᵂ	NBC 11 (WBAL) Baltimore RAW [US]	callsign	US_LOCALS1	WBAL-DT.us_locals1	91	30290c2ed9	Late Night With Seth Meyers | 11 News at 11pm | Access Daily With Mario & Kit
US: NBC 11 (WPXI) PITTSBURGH (H) ᴿᴬᵂ	NBC 11 (WPXI) Pittsburgh RAW [US]	callsign	US_LOCALS1	WPXI-DT.us_locals1	102	c6d86ffed1	Late Night With Seth Meyers | 11 on 11 WPXI News | Top Story With Tom Llamas
US: NBC 11 (WXIA) ATLANTA (A) ᴿᴬᵂ	NBC 11 (WXIA) Atlanta RAW [US]	callsign	US_LOCALS1	WXIA-DT.us_locals1	101	be8e74fad7	Late Night With Seth Meyers | 11Alive News at 11PM | Top Story With Tom Llamas
US: NBC 12 (KBMT) BEAUMONT (D) ᴿᴬᵂ	NBC 12 (KBMT) Beaumont RAW [US]	callsign	US_LOCALS1	KBMT-DT2.us_locals1	107	bccc531461	Late Night With Seth Meyers | Entertainment Tonight | Top Story With Tom Llamas
US: NBC 12 (KBMT-DT2) BEAUMONT/PORT ARTHUR (H) ᴿᴬᵂ	NBC 12 (KBMT-DT2) Beaumont/Port Arthur RAW [US]	callsign	US_LOCALS1	KBMT-DT2.us_locals1	107	bccc531461	Late Night With Seth Meyers | Entertainment Tonight | Top Story With Tom Llamas
US: NBC 12 (KPNX) PHOENIX (A) ᴿᴬᵂ	NBC 12 (KPNX) Phoenix RAW [US]	callsign	US_LOCALS1	KPNX-DT.us_locals1	106	92dc05d2fb	12 News at 10pm | The Tonight Show Starring Jimmy Fallon | Late Night With Seth Meyers
US: NBC 12 (KTGF) GREAT FALLS (H) ᴿᴬᵂ	NBC 12 (KTGF) Great Falls RAW [US]	callsign	US_LOCALS1	KTGF-LD.us_locals1	108	a55a887315	The Tonight Show Starring Jimmy Fallon | Late Night With Seth Meyers | KTVH/KBGF News at 10pm
US: NBC 12 (KTVH) HELENA (D) ᴿᴬᵂ	NBC 12 (KTVH) Helena RAW [US]	callsign	US_LOCALS1	KTVH-DT.us_locals1	108	a55a887315	The Tonight Show Starring Jimmy Fallon | Late Night With Seth Meyers | KTVH/KBGF News at 10pm
US: NBC 12 (WBOY) CLARKSBURG/WESTON (D) ᴿᴬᵂ	NBC 12 (WBOY) Clarksburg/Weston RAW [US]	callsign	US_LOCALS1	WBOY-DT.us_locals1	109	be0d7b12eb	Late Night With Seth Meyers | 12 News at 11pm | Top Story With Tom Llamas
US: NBC 12 (WICU) ERIE (H) ᴿᴬᵂ	NBC 12 (WICU) Erie RAW [US]	callsign	US_LOCALS1	WICU-DT.us_locals1	100	d2ebcc3aeb	Late Night With Seth Meyers | Erie News Now at 11pm | Top Story With Tom Llamas
US: NBC 12 (WJFW) RHINELANDER (D) ᴿᴬᵂ	NBC 12 (WJFW) Rhinelander RAW [US]	callsign	US_LOCALS1	WJFW-DT.us_locals1	101	96c5683b85	Late Night With Seth Meyers | Newswatch 12 at 10pm | Top Story With Tom Llamas
US: NBC 12 (WJFW) WAUSAU (H) ᴿᴬᵂ	NBC 12 (WJFW) Wausau RAW [US]	callsign	US_LOCALS1	WJFW-DT.us_locals1	101	96c5683b85	Late Night With Seth Meyers | Newswatch 12 at 10pm | Top Story With Tom Llamas
US: NBC 12 (WSFA) MONTGOMERY (H) ᴿᴬᵂ	NBC 12 (WSFA) Montgomery RAW [US]	callsign	US_LOCALS1	WSFA-DT.us_locals1	109	2a0834bfbf	Late Night With Seth Meyers | WSFA 12 News at 10 | Top Story With Tom Llamas
US: NBC 12 (WTLV) JACKSONVILLE (A) ᴿᴬᵂ	NBC 12 (WTLV) Jacksonville RAW [US]	callsign	US_LOCALS1	WTLV-DT.us_locals1	102	8118831446	Late Night With Seth Meyers | First Coast News at 11 | Top Story With Tom Llamas
US: NBC 12 (WWBT) RICHMOND (H) ᴿᴬᵂ	NBC 12 (WWBT) Richmond RAW [US]	callsign	provider_13	WWBT.us	64	506a89c254	Today 3rd Hour | Today With Jenna & Sheinelle | 12 News Midday
US: NBC 12 (WWBT) RICHMOND/PETERSBURG (D) ᴿᴬᵂ	NBC 12 (WWBT) Richmond/Petersburg RAW [US]	callsign	provider_13	WWBT.us	64	506a89c254	Today 3rd Hour | Today With Jenna & Sheinelle | 12 News Midday
US: NBC 12 (WXII) GREENSBORO/HIGH POINT/WINSTON-SALEM (H) ᴿᴬᵂ	NBC 12 (WXII) Greensboro/High Point/Winston-Salem RAW [US]	callsign	US_LOCALS1	WXII-DT.us_locals1	96	39027834d5	Late Night With Seth Meyers | WXII 12 News at 11 | Top Story With Tom Llamas
US: NBC 13 (KCWY) CASPER/RIVERTON (D) ᴿᴬᵂ	NBC 13 (KCWY) Casper/Riverton RAW [US]	callsign	US_LOCALS1	KCWY-DT.us_locals1	114	37809e5e2e	The Tonight Show Starring Jimmy Fallon | Late Night With Seth Meyers | NBC Nightly News With Tom Llamas
US: NBC 13 (KECI) MISSOULA (D) ᴿᴬᵂ	NBC 13 (KECI) Missoula RAW [US]	callsign	US_LOCALS1	KECI-DT.us_locals1	104	1370fa4e9e	The Tonight Show Starring Jimmy Fallon | Late Night With Seth Meyers | NBC Nightly News With Tom Llamas
US: NBC 13 (KHNL) HONOLULU (H) ᴿᴬᵂ	NBC 13 (KHNL) Honolulu RAW [US]	callsign	US_LOCALS1	KHNL-DT.us_locals1	110	d60d94fc33	America's Got Talent | Password | Hawaii News Now 10p
US: NBC 13 (KTVM) MONTANA (D) ᴿᴬᵂ	NBC 13 (KTVM) Montana RAW [US]	callsign	US_LOCALS1	KTVM-DT.us_locals1	104	1370fa4e9e	The Tonight Show Starring Jimmy Fallon | Late Night With Seth Meyers | NBC Nightly News With Tom Llamas
US: NBC 13 (KYMA) EL CENTRO (H) ᴿᴬᵂ	NBC 13 (KYMA) El Centro RAW [US]	callsign	US_LOCALS1	KYMA-DT.us_locals1	126	fe971c5849	13 on Your Side at 10 | Comics Unleashed With Byron Allen | Funny You Should Ask
US: NBC 13 (KYMA) YUMA (D) ᴿᴬᵂ	NBC 13 (KYMA) Yuma RAW [US]	callsign	US_LOCALS1	KYMA-DT.us_locals1	126	fe971c5849	13 on Your Side at 10 | Comics Unleashed With Byron Allen | Funny You Should Ask
US: NBC 13 (WEAU) EAU CLAIRE (H) ᴿᴬᵂ	NBC 13 (WEAU) Eau Claire RAW [US]	callsign	US_LOCALS1	WEAU-DT.us_locals1	108	6d220b25f3	Late Night With Seth Meyers | WEAU 13 News at Ten | Top Story With Tom Llamas
US: NBC 13 (WHO) DES MOINES (A) ᴿᴬᵂ	NBC 13 (WHO) Des Moines RAW [US]	callsign	US_LOCALS1	WHO-DT.us_locals1	105	0250421fc9	Late Night With Seth Meyers | WHO 13 News at 10 | Top Story With Tom Llamas
US: NBC 13 (WNYT) ALBANY (H) ᴿᴬᵂ	NBC 13 (WNYT) Albany RAW [US]	callsign	US_LOCALS1	WNYT-DT.us_locals1	108	bf4281207f	Late Night With Seth Meyers | NewsChannel 13 Live at 11 | The Aging Brain
US: NBC 13 (WNYT) ALBANY NY (A) ᴿᴬᵂ	NBC 13 (WNYT) Albany Ny RAW [US]	callsign	US_LOCALS1	WNYT-DT.us_locals1	108	bf4281207f	Late Night With Seth Meyers | NewsChannel 13 Live at 11 | The Aging Brain
US: NBC 13 (WREX) ROCKFORD (D) ᴿᴬᵂ	NBC 13 (WREX) Rockford RAW [US]	callsign	US_LOCALS1	WREX-DT.us_locals1	110	f45551662c	Late Night With Seth Meyers | Comics Unleashed With Byron Allen | ES.TV
US: NBC 13 (WRGX) DOTHAN (A) ᴿᴬᵂ	NBC 13 (WRGX) Dothan RAW [US]	callsign	US_LOCALS1	WRGX-LD.us_locals1	108	0a200abfcb	Late Night With Seth Meyers | NBC Nightly News With Tom Llamas | Top Story With Tom Llamas
US: NBC 13 (WTHR) INDIANAPOLIS (A) ᴿᴬᵂ	NBC 13 (WTHR) Indianapolis RAW [US]	callsign	US_LOCALS1	WTHR-DT.us_locals1	103	d34f6eb82f	Late Night With Seth Meyers | 13News at 11:00 PM | Top Story With Tom Llamas
US: NBC 13 (WVTM) BIRMINGHAM (A) ᴿᴬᵂ	NBC 13 (WVTM) Birmingham RAW [US]	callsign	provider_13	WVTM.us	58	352762500a	Today 3rd Hour | Today With Jenna & Sheinelle | WVTM 13 News at 11a
US: NBC 13 ALBANY NY (WNYT) HD	NBC 13 Albany Ny (WNYT) HD [US]	callsign	US_LOCALS1	WNYT-DT.us_locals1	108	bf4281207f	Late Night With Seth Meyers | NewsChannel 13 Live at 11 | The Aging Brain
US: NBC 13 HONOLULU HI (KHNL) HD	NBC 13 Honolulu Hi (KHNL) HD [US]	callsign	US_LOCALS1	KHNL-DT.us_locals1	110	d60d94fc33	America's Got Talent | Password | Hawaii News Now 10p
US: NBC 14 (WFIE) EVANSVILLE (H) ᴿᴬᵂ	NBC 14 (WFIE) Evansville RAW [US]	callsign	US_LOCALS1	WFIE-DT.us_locals1	106	c12df74b0c	Late Night With Seth Meyers | 14 News at 10:00PM | Top Story With Tom Llamas
US: NBC 15 (WMTV) MADISON (D) ᴿᴬᵂ	NBC 15 (WMTV) Madison RAW [US]	callsign	US_LOCALS1	WMTV-DT.us_locals1	107	bdf0903deb	Late Night With Seth Meyers | 15 News at 10 | Top Story With Tom Llamas
US: NBC 15 (WPMI) MOBILE/ALABAMA (A) ᴿᴬᵂ	NBC 15 (WPMI) Mobile/Alabama RAW [US]	callsign	US_LOCALS1	WPMI-DT.us_locals1	133	216187a153	Saturday Night Live | Key & Peele | Accident Compensation: Get Help Now!
US: NBC 15 (WTAP) PARKERSBURG (D) ᴿᴬᵂ	NBC 15 (WTAP) Parkersburg RAW [US]	callsign	US_LOCALS1	WTAP-DT.us_locals1	96	e5cd8a8863	Late Night With Seth Meyers | WTAP News at Eleven | InvestigateTV+
US: NBC 16 (KMTR) EUGENE (D) ᴿᴬᵂ	NBC 16 (KMTR) Eugene RAW [US]	callsign	US_LOCALS1	KMTR-DT.us_locals1	101	b1f37a909f	Password | Live: NBC 16 News at 11pm | The Tonight Show Starring Jimmy Fallon
US: NBC 16 (KSAN) SAN ANGELO (H) ᴿᴬᵂ	NBC 16 (KSAN) San Angelo RAW [US]	callsign	US_LOCALS1	KSAN-DT.us_locals1	113	c741f2ea0e	Late Night With Seth Meyers | Family Feud Favorites | Top Story With Tom Llamas
US: NBC 16 (WAGT) AUGUSTA (D) ᴿᴬᵂ	NBC 16 (WAGT) Augusta RAW [US]	callsign	US_LOCALS1	WAGT-CD.us_locals1	104	564f790b65	Late Night With Seth Meyers | News 26 at 11 | Top Story With Tom Llamas
US: NBC 16 (WNDU) ELKHART (H) ᴿᴬᵂ	NBC 16 (WNDU) Elkhart RAW [US]	callsign	US_LOCALS1	WNDU-DT.us_locals1	96	47352aec00	Late Night With Seth Meyers | 16 News Now at 11:00 | Top Story With Tom Llamas
US: NBC 16 (WNDU) SOUTH BEND (D) ᴿᴬᵂ	NBC 16 (WNDU) South Bend RAW [US]	callsign	US_LOCALS1	WNDU-DT.us_locals1	96	2ada11d743	Late Night With Seth Meyers | 16 News Now at 11:00 | Top Story With Tom Llamas
US: NBC 16 (WPBI) LAFAYETTE (D) ᴿᴬᵂ	NBC 16 (WPBI) Lafayette RAW [US]	callsign	US_LOCALS1	WPBI-LD.us_locals1	120	914494449f	Good Morning Football: Overtime | Last Man Standing | The Neighborhood
US: NBC 16 (WPBI-LD2) LAFAYETTE (H) ᴿᴬᵂ	NBC 16 (WPBI-LD2) Lafayette RAW [US]	callsign	US_LOCALS1	WPBI-LD.us_locals1	120	914494449f	Good Morning Football: Overtime | Last Man Standing | The Neighborhood
US: NBC 17 (KGET) BAKERSFIELD (D) ᴿᴬᵂ	NBC 17 (KGET) Bakersfield RAW [US]	callsign	US_LOCALS1	KGET-DT.us_locals1	102	acce1b5754	Password | 17 News at 11 | The Tonight Show Starring Jimmy Fallon
US: NBC 17 (KMOL) VICTORIA (D) ᴿᴬᵂ	NBC 17 (KMOL) Victoria RAW [US]	callsign	US_LOCALS1	KMOL-LD.us_locals1	99	bd2abcd813	Late Night With Seth Meyers | NBC Nightly News With Tom Llamas | Top Story With Tom Llamas
US: NBC 17 (KSNF) JOPLIN (H) ᴿᴬᵂ	NBC 17 (KSNF) Joplin RAW [US]	callsign	US_LOCALS1	KSNF-DT.us_locals1	103	c7afb1d991	Late Night With Seth Meyers | Access Hollywood | Judge Judy
US: NBC 17 (WAND) DECATUR (D) ᴿᴬᵂ	NBC 17 (WAND) Decatur RAW [US]	callsign	US_LOCALS1	WAND-DT.us_locals1	104	e57144d83b	Late Night With Seth Meyers | WAND News at 10 | Top Story With Tom Llamas
US: NBC 17 (WAND) SPRINGFIELD (H) ᴿᴬᵂ	NBC 17 (WAND) Springfield RAW [US]	callsign	US_LOCALS1	WAND-DT.us_locals1	104	6dbbaaf908	Late Night With Seth Meyers | WAND News at 10 | Top Story With Tom Llamas
US: NBC 18 (WETM) ELMIRA (D) ᴿᴬᵂ	NBC 18 (WETM) Elmira RAW [US]	callsign	US_LOCALS1	WETM-DT.us_locals1	101	4f4a92c045	Late Night With Seth Meyers | 18 News at 11 | Top Story With Tom Llamas
US: NBC 18 (WHIZ) ZANESVILLE (D) ᴿᴬᵂ	NBC 18 (WHIZ) Zanesville RAW [US]	callsign	US_LOCALS1	WHIZ-DT.us_locals1	107	1b7a81cd32	Late Night With Seth Meyers | NBC Nightly News With Tom Llamas | Top Story With Tom Llamas
US: NBC 18 (WLEX) LEXINGTON (A) ᴿᴬᵂ	NBC 18 (WLEX) Lexington RAW [US]	callsign	US_LOCALS1	WLEX-DT.us_locals1	103	b34b5d01be	Late Night With Seth Meyers | LEX 18 NEWS Late Edition | Top Story With Tom Llamas
US: NBC 2 (KJRH) TULSA (A) ᴿᴬᵂ	NBC 2 (KJRH) Tulsa RAW [US]	callsign	US_LOCALS1	KJRH-DT.us_locals1	102	2bc5f56b60	Late Night With Seth Meyers | 2 News Oklahoma at 10p Replay | Top Story With Tom Llamas
US: NBC 2 (KNOP) NORTH PLATTE (D) ᴿᴬᵂ	NBC 2 (KNOP) North Platte RAW [US]	callsign	US_LOCALS1	KNOP-DT.us_locals1	107	3e172c266a	Late Night With Seth Meyers | News 2 at Ten | Top Story With Tom Llamas
US: NBC 2 (KPRC) HOUSTON (H) ᴿᴬᵂ	NBC 2 (KPRC) Houston RAW [US]	callsign	US_LOCALS1	KPRC-DT.us_locals1	107	340d2a0e46	Late Night With Seth Meyers | KPRC 2 News at 10pm | Top Story With Tom Llamas
US: NBC 2 (KTUU) ANCHORAGE (H) ᴿᴬᵂ	NBC 2 (KTUU) Anchorage RAW [US]	callsign	US_LOCALS1	KTUU-DT.us_locals1	103	4d08dd11d5	Password | Channel 2 News: Late Edition | The Tonight Show Starring Jimmy Fallon
US: NBC 2 (WCBD) CHARLESTON (H) ᴿᴬᵂ	NBC 2 (WCBD) Charleston RAW [US]	callsign	US_LOCALS1	WCBD-DT.us_locals1	103	01453b4c9f	Late Night With Seth Meyers | People Puzzler | News 2 at 11pm
US: NBC 2 (WDTN) DAYTON (A) ᴿᴬᵂ	NBC 2 (WDTN) Dayton RAW [US]	callsign	US_LOCALS1	WDTN-DT.us_locals1	98	98993b94c3	Late Night With Seth Meyers | 2News Tonight | Top Story With Tom Llamas
US: NBC 2 (WESH) DAYTONA BEACH (H) ᴿᴬᵂ	NBC 2 (WESH) Daytona Beach RAW [US]	callsign	US_LOCALS1	WESH-LD.us_locals1	90	b1772b8cdd	Late Night With Seth Meyers | WESH 2 News at 11:00PM | Top Story With Tom Llamas
US: NBC 2 (WESH) ORLANDO (A) ᴿᴬᵂ	NBC 2 (WESH) Orlando RAW [US]	callsign	US_LOCALS1	WESH-LD.us_locals1	90	b1772b8cdd	Late Night With Seth Meyers | WESH 2 News at 11:00PM | Top Story With Tom Llamas
US: NBC 2 (WGRZ) BUFFALO (H) ᴿᴬᵂ	NBC 2 (WGRZ) Buffalo RAW [US]	callsign	US_LOCALS1	WGRZ-DT.us_locals1	100	2f0712240c	Late Night With Seth Meyers | Channel 2 News | Top Story With Tom Llamas
US: NBC 2 (WLBZ) BANGOR (H) ᴿᴬᵂ	NBC 2 (WLBZ) Bangor RAW [US]	callsign	US_LOCALS1	WLBZ-DT.us_locals1	94	a4446d615e	Late Night With Seth Meyers | News Center Maine at 11:00 p.m. | Dateline
US: NBC 2 (WTWO) TERRE HAUTE (D) ᴿᴬᵂ	NBC 2 (WTWO) Terre Haute RAW [US]	callsign	US_LOCALS1	WTWO-DT.us_locals1	112	f6c6e3858d	Late Night With Seth Meyers | WTWO News at 11 | Top Story With Tom Llamas
US: NBC 20 (WBBH) FORT MYERS (H) ᴿᴬᵂ	NBC 20 (WBBH) Fort Myers RAW [US]	callsign	US_LOCALS1	WBBH-DT.us_locals1	93	3754b5b1cc	Late Night With Seth Meyers | Gulf Coast News at 11pm on NBC | Top Story With Tom Llamas
US: NBC 20 (WBGH) BINGHAMTON (D) ᴿᴬᵂ	NBC 20 (WBGH) Binghamton RAW [US]	callsign	US_LOCALS1	WBGH-CD.us_locals1	115	4afc905243	Late Night With Seth Meyers | Access Hollywood | Judge Judy
US: NBC 21 (KNBN) RAPID CITY (D) ᴿᴬᵂ	NBC 21 (KNBN) Rapid City RAW [US]	callsign	US_LOCALS1	KNBN-DT.us_locals1	101	7b12971fcf	The Tonight Show Starring Jimmy Fallon | Late Night With Seth Meyers | NewsCenter1 at 10pm
US: NBC 21 (KNPG) ST. JOSEPH (D) ᴿᴬᵂ	NBC 21 (KNPG) St. Joseph RAW [US]	callsign	US_LOCALS1	KNPG-LD.us_locals1	102	4305e80d16	Late Night With Seth Meyers | KQ2 Hometown News at 10:00pm | Top Story With Tom Llamas
US: NBC 21 (KTVZ) BEND (D) ᴿᴬᵂ	NBC 21 (KTVZ) Bend RAW [US]	callsign	US_LOCALS1	KTVZ-DT.us_locals1	96	aa942409bd	Password | KTVZ News at 11:00 p.m. | The Tonight Show Starring Jimmy Fallon
US: NBC 21 (WFMJ) YOUNGSTOWN (H) ᴿᴬᵂ	NBC 21 (WFMJ) Youngstown RAW [US]	callsign	US_LOCALS1	WFMJ-DT.us_locals1	99	6ff3c54ee8	Late Night With Seth Meyers | 21 News 11PM | Top Story With Tom Llamas
US: NBC 21 (WPTA) FORT WAYNE (H) ᴿᴬᵂ	NBC 21 (WPTA) Fort Wayne RAW [US]	callsign	US_LOCALS1	WPTA-DT.us_locals1	124	37ab87a754	Nightline | Aging Untold | iCRIME With Elizabeth Vargas
US: NBC 22 (KSIX) HONOLULU (H) ᴿᴬᵂ	NBC 22 (KSIX) Honolulu RAW [US]	callsign	US_LOCALS1	KSIX-DT.us_locals1	110	d60d94fc33	America's Got Talent | Password | Hawaii News Now 10p
US: NBC 22 (WWLP) SPRINGFIELD (H) ᴿᴬᵂ	NBC 22 (WWLP) Springfield RAW [US]	callsign	US_LOCALS1	WWLP-DT2.us_locals1	133	0a2760944e	Chicago P.D. | TMZ | Live PD Presents
US: NBC 23 (KAGS) BRYAN (A) ᴿᴬᵂ	NBC 23 (KAGS) Bryan RAW [US]	callsign	US_LOCALS1	KAGS-LD.us_locals1	105	6fe84e8999	Late Night With Seth Meyers | 6 News at 10 | Top Story With Tom Llamas
US: NBC 23 (KNDO) YAKIMA (H) ᴿᴬᵂ	NBC 23 (KNDO) Yakima RAW [US]	callsign	US_LOCALS1	KNDO-DT.us_locals1	109	bc4e06952c	Password | NonStop Local @ 11 | The Tonight Show Starring Jimmy Fallon
US: NBC 23 (KNDO) YAKIMA/PASCO/RICHLAND/KENNEWICK (D) ᴿᴬᵂ	NBC 23 (KNDO) Yakima/Pasco/Richland/Kennewick RAW [US]	callsign	US_LOCALS1	KNDO-DT.us_locals1	109	bc4e06952c	Password | NonStop Local @ 11 | The Tonight Show Starring Jimmy Fallon
US: NBC 23 (KVEO) HARLINGEN/WESLACO/BROWNSVILLE/MCALLEN (D) ᴿᴬᵂ	NBC 23 (KVEO) Harlingen/Weslaco/Brownsville/Mcallen RAW [US]	callsign	US_LOCALS1	KVEO-DT2.us_locals1	124	76ba7591a2	Funny You Should Ask | Paid Programming | CBS News Roundup
US: NBC 24 (KNVNDT) CHICO (H) ᴿᴬᵂ	NBC 24 (KNVNDT) Chico RAW [US]	dummy			0		
US: NBC 24 (KNVNDT) CHICO/REDDING (D) ᴿᴬᵂ	NBC 24 (KNVNDT) Chico/Redding RAW [US]	dummy			0		
US: NBC 24 (KSEE) FRESNO/VISALIA (D) ᴿᴬᵂ	NBC 24 (KSEE) Fresno/Visalia RAW [US]	callsign	US_LOCALS1	KSEE-DT.us_locals1	110	19ff424bbf	Password | KSEE 24 News at 11pm | The Tonight Show Starring Jimmy Fallon
US: NBC 24 (WNWO) TOLEDO (A) ᴿᴬᵂ	NBC 24 (WNWO) Toledo RAW [US]	callsign	US_LOCALS1	WNWO-DT.us_locals1	113	75abba76b0	Late Night With Seth Meyers | NBC Nightly News With Tom Llamas | Top Story With Tom Llamas
US: NBC 25 (WEEK) PEORIA (D) ᴿᴬᵂ	NBC 25 (WEEK) Peoria RAW [US]	callsign	US_LOCALS1	WEEK-DT2.us_locals1	130	dc1afa79da	Nightline | Tribunal Justice | Judy Justice
US: NBC 25 (WEYI) FLINT/SAGINAW/BAY CITY (D) ᴿᴬᵂ	NBC 25 (WEYI) Flint/Saginaw/Bay City RAW [US]	callsign	US_LOCALS1	WEYI-DT.us_locals1	133	216187a153	Saturday Night Live | Key & Peele | Accident Compensation: Get Help Now!
US: NBC 25 (WXXV) GULFPORT/BILOXI (A) ᴿᴬᵂ	NBC 25 (WXXV) Gulfport/Biloxi RAW [US]	callsign	US_LOCALS1	WXXV-DT2.us_locals1	99	db9d80d54b	Late Night With Seth Meyers | NBC Nightly News With Tom Llamas | Top Story With Tom Llamas
US: NBC 26 (WGBA) FOND DU LAC (H) ᴿᴬᵂ	NBC 26 (WGBA) Fond Du Lac RAW [US]	callsign	US_LOCALS1	WGBA-DT.us_locals1	102	ada9d37079	Late Night With Seth Meyers | NBC26 News at 10pm | Earth Odyssey With Dylan Dreyer
US: NBC 26 (WGBA) GREEN BAY (A) ᴿᴬᵂ	NBC 26 (WGBA) Green Bay RAW [US]	callsign	US_LOCALS1	WGBA-DT.us_locals1	102	ada9d37079	Late Night With Seth Meyers | NBC26 News at 10pm | Earth Odyssey With Dylan Dreyer
US: NBC 27 (KSNT) TOPEKA (H) ᴿᴬᵂ	NBC 27 (KSNT) Topeka RAW [US]	callsign	US_LOCALS1	KSNT-DT.us_locals1	108	cf1a01ed27	Late Night With Seth Meyers | Entertainment Tonight | Inside Edition
US: NBC 28 (WBRE) WILKES-BARRE (H) ᴿᴬᵂ	NBC 28 (WBRE) Wilkes-Barre RAW [US]	callsign	US_LOCALS1	WBRE-DT.us_locals1	97	73ec56b481	Late Night With Seth Meyers | 28/22 News Night Shift | InvestigateTV+
US: NBC 29 (WVIR) CHARLOTTESVILLE (D) ᴿᴬᵂ	NBC 29 (WVIR) Charlottesville RAW [US]	callsign	US_LOCALS1	WVIR-CD.us_locals1	104	6c9e5ebaa2	Late Night With Seth Meyers | 29News at 11PM | Top Story With Tom Llamas
US: NBC 3 (KCRA) SACRAMENTO (A) ᴿᴬᵂ	NBC 3 (KCRA) Sacramento RAW [US]	callsign	US_LOCALS1	KCRA-DT.us_locals1	104	68c2f5661a	Password | KCRA 3 News at 11pm | The Tonight Show Starring Jimmy Fallon
US: NBC 3 (KFDX) WICHITA FALLS (H) ᴿᴬᵂ	NBC 3 (KFDX) Wichita Falls RAW [US]	callsign	US_LOCALS1	KFDX-DT.us_locals1	110	e3b8a92b78	Late Night With Seth Meyers | Inside Edition | Entertainment Tonight
US: NBC 3 (KIEM) EUREKA (D) ᴿᴬᵂ	NBC 3 (KIEM) Eureka RAW [US]	callsign	US_LOCALS1	KIEM-DT.us_locals1	108	e50077d78b	Password | Redwood News at 11 | The Tonight Show Starring Jimmy Fallon
US: NBC 3 (KSNV) LAS VEGAS (A) ᴿᴬᵂ	NBC 3 (KSNV) Las Vegas RAW [US]	callsign	US_LOCALS1	KSNV-DT.us_locals1	107	1476fb4c36	Password | News 3 Live at Eleven | The Tonight Show Starring Jimmy Fallon
US: NBC 3 (KSNW) WICHITA (H) ᴿᴬᵂ	NBC 3 (KSNW) Wichita RAW [US]	callsign	US_LOCALS1	KSNW-DT.us_locals1	96	213343ee43	Late Night With Seth Meyers | KSN News at 10p | Paid Programming
US: NBC 3 (KYTV) SPRINGFIELD (H) ᴿᴬᵂ	NBC 3 (KYTV) Springfield RAW [US]	callsign	US_LOCALS1	KYTV-DT.us_locals1	107	cc4849bde6	Late Night With Seth Meyers | KY3 News at Ten | Paid Programming
US: NBC 3 (WAVE) LOUISVILLE (H) ᴿᴬᵂ	NBC 3 (WAVE) Louisville RAW [US]	callsign	US_LOCALS1	WAVE-DT.us_locals1	103	584fc0c3d4	Late Night With Seth Meyers | WAVE News at 11PM | Top Story With Tom Llamas
US: NBC 3 (WKYC) CLEVELAND (A) ᴿᴬᵂ	NBC 3 (WKYC) Cleveland RAW [US]	callsign	US_LOCALS1	WKYC-DT.us_locals1	91	3a03912b59	Late Night With Seth Meyers | 3News at 11P | Top Story With Tom Llamas
US: NBC 3 (WLBT) JACKSON (D) ᴿᴬᵂ	NBC 3 (WLBT) Jackson RAW [US]	callsign	US_LOCALS1	WLBT-DT.us_locals1	118	3df018041c	Late Night With Seth Meyers | WLBT 10PM News | Top Story With Tom Llamas
US: NBC 3 (WRCB) CHATTANOOGA (H) ᴿᴬᵂ	NBC 3 (WRCB) Chattanooga RAW [US]	callsign	US_LOCALS1	WRCB-DT.us_locals1	101	1134f5bc55	Late Night With Seth Meyers | Local 3 News At 11PM | Top Story With Tom Llamas
US: NBC 3 (WSAV) SAVANNAH (H) ᴿᴬᵂ	NBC 3 (WSAV) Savannah RAW [US]	callsign	US_LOCALS1	WSAV-DT2.us_locals1	130	77658c5fef	Chicago P.D. | TMZ | 48 Hours
US: NBC 3 (WSAZ) HUNTINGTON (D) ᴿᴬᵂ	NBC 3 (WSAZ) Huntington RAW [US]	callsign	US_LOCALS1	WSAZ-DT.us_locals1	103	1ff8ec0b20	Late Night With Seth Meyers | WSAZ NewsChannel 3 Tonight | Top Story With Tom Llamas
US: NBC 3 (WSTM) SYRACUSE (A) ᴿᴬᵂ	NBC 3 (WSTM) Syracuse RAW [US]	callsign	US_LOCALS1	WSTM-DT.us_locals1	109	74a7ebfe62	Late Night With Seth Meyers | NBC 3 News at 11 | Top Story With Tom Llamas
US: NBC 30 (WGBC) MERIDIAN (D) ᴿᴬᵂ	NBC 30 (WGBC) Meridian RAW [US]	callsign	US_LOCALS1	WGBC-DT2.us_locals1	111	342284decf	Late Night With Seth Meyers | Twin States News at 10 | Inside Edition
US: NBC 30 (WGBC-DT2) MERIDIAN (H) ᴿᴬᵂ	NBC 30 (WGBC-DT2) Meridian RAW [US]	callsign	US_LOCALS1	WGBC-DT2.us_locals1	111	342284decf	Late Night With Seth Meyers | Twin States News at 10 | Inside Edition
US: NBC 30 (WVIT) HARTFORD (H) ᴿᴬᵂ	NBC 30 (WVIT) Hartford RAW [US]	callsign	US_LOCALS1	WVIT-DT.us_locals1	105	2d75b2c4b6	Late Night With Seth Meyers | NBC Connecticut News at 11 | NBC Nightly News With Tom Llamas
US: NBC 30 (WVIT) NEW BRITAIN (S) ᴿᴬᵂ	NBC 30 (WVIT) New Britain RAW [US]	callsign	US_LOCALS1	WVIT-DT.us_locals1	105	2d75b2c4b6	Late Night With Seth Meyers | NBC Connecticut News at 11 | NBC Nightly News With Tom Llamas
US: NBC 31 (WRDE) SALISBURY (D) ᴿᴬᵂ	NBC 31 (WRDE) Salisbury RAW [US]	callsign	US_LOCALS1	WRDE-LD.us_locals1	111	137b56a9a3	Late Night With Seth Meyers | WRDE Coast TV News at 11PM | Top Story With Tom Llamas
US: NBC 32 (WMBF) MYRTLE BEACH (H) ᴿᴬᵂ	NBC 32 (WMBF) Myrtle Beach RAW [US]	callsign	US_LOCALS1	WMBF-DT.us_locals1	112	18093dc7fe	Late Night With Seth Meyers | WMBF News at 11 | Today All Night
US: NBC 32 (WVLA) BATON ROUGE (H) ᴿᴬᵂ	NBC 32 (WVLA) Baton Rouge RAW [US]	callsign	US_LOCALS1	WVLA-DT.us_locals1	108	fa42838c4a	Late Night With Seth Meyers | Entertainment Tonight | Top Story With Tom Llamas
US: NBC 33 (WNBD) GREENWOOD (D) ᴿᴬᵂ	NBC 33 (WNBD) Greenwood RAW [US]	callsign	US_LOCALS1	WNBD-LD.us_locals1	110	2909bf2dda	Late Night With Seth Meyers | The Delta News Late Night | Top Story With Tom Llamas
US: NBC 33 (WVLA) BATON ROUGE (A) ᴿᴬᵂ	NBC 33 (WVLA) Baton Rouge RAW [US]	callsign	US_LOCALS1	WVLA-DT.us_locals1	108	fa42838c4a	Late Night With Seth Meyers | Entertainment Tonight | Top Story With Tom Llamas
US: NBC 36 (KXAN) AUSTIN (H) ᴿᴬᵂ	NBC 36 (KXAN) Austin RAW [US]	callsign	US_LOCALS1	KXAN-DT.us_locals1	99	69f98ed59a	Late Night With Seth Meyers | Friends | Top Story With Tom Llamas
US: NBC 36 (WCNC) CHARLOTTE (A) ᴿᴬᵂ	NBC 36 (WCNC) Charlotte RAW [US]	callsign	US_LOCALS1	WCNC-DT.us_locals1	109	87f1720055	Late Night With Seth Meyers | WCNC Charlotte at 11:00 | Top Story With Tom Llamas
US: NBC 38 (WLTZ) COLUMBUS (H) ᴿᴬᵂ	NBC 38 (WLTZ) Columbus RAW [US]	callsign	US_LOCALS1	WLTZ-DT.us_locals1	101	0f5d98508d	Late Night With Seth Meyers | News Leader 9 on NBC 38 at 11p | Top Story With Tom Llamas
US: NBC 39 (KNSD) SAN DIEGO (H) ᴿᴬᵂ	NBC 39 (KNSD) San Diego RAW [US]	callsign	US_LOCALS1	KNSD-DT.us_locals1	103	83f18f7010	Password | NBC 7 News at 11 | The Tonight Show Starring Jimmy Fallon
US: NBC 39 (WNBJ) JACKSON (H) ᴿᴬᵂ	NBC 39 (WNBJ) Jackson RAW [US]	callsign	US_LOCALS1	WNBJ-LD.us_locals1	114	13299acbad	Late Night With Seth Meyers | 39 News - Night Edition | Top Story With Tom Llamas
US: NBC 4 (KAMR) AMARILLO (H) ᴿᴬᵂ	NBC 4 (KAMR) Amarillo RAW [US]	callsign	US_LOCALS1	KAMR-DT.us_locals1	103	5a89fcb9e2	Late Night With Seth Meyers | KAMR Local 4 News at Ten | Paid Programming
US: NBC 4 (KARK) LITTLE ROCK (D) ᴿᴬᵂ	NBC 4 (KARK) Little Rock RAW [US]	callsign	provider_13	KARK.us	58	37b55fb88b	Today 3rd Hour | Today With Jenna & Sheinelle | Live with Kelly and Mark
US: NBC 4 (KFOR) OKLAHOMA CITY (A) ᴿᴬᵂ	NBC 4 (KFOR) Oklahoma City RAW [US]	callsign	US_LOCALS1	KFOR-DT.us_locals1	107	dd653c453f	Late Night With Seth Meyers | KFOR News 4 at 10:00pm | Top Story With Tom Llamas
US: NBC 4 (KNBC) LOS ANGELES (A) ᴿᴬᵂ	NBC 4 (KNBC) Los Angeles RAW [US]	callsign	US_LOCALS1	KNBC-DT.us_locals1	101	91ef30f3fd	Password | NBC4 News at 11pm | The Tonight Show Starring Jimmy Fallon
US: NBC 4 (KOB) ALBUQUERQUE (A) ᴿᴬᵂ	NBC 4 (KOB) Albuquerque RAW [US]	callsign	US_LOCALS1	KOB-DT.us_locals1	109	ea8dd2ffbc	The Tonight Show Starring Jimmy Fallon | Late Night With Seth Meyers | Access Hollywood
US: NBC 4 (KOB) ALBUQUERQUE-SANTA FE (H) ᴿᴬᵂ	NBC 4 (KOB) Albuquerque-Santa Fe RAW [US]	callsign	US_LOCALS1	KOB-DT.us_locals1	109	ea8dd2ffbc	The Tonight Show Starring Jimmy Fallon | Late Night With Seth Meyers | Access Hollywood
US: NBC 4 (KSNB) LINCOLN (H) ᴿᴬᵂ	NBC 4 (KSNB) Lincoln RAW [US]	callsign	US_LOCALS1	KSNB-DT.us_locals1	104	3743e49a54	Late Night With Seth Meyers | Local4 News at 10 | Top Story With Tom Llamas
US: NBC 4 (KTIV) SIOUX CITY (D) ᴿᴬᵂ	NBC 4 (KTIV) Sioux City RAW [US]	callsign	US_LOCALS1	KTIV-DT.us_locals1	104	8b3e231e2b	Late Night With Seth Meyers | News 4 at Ten | Suits
US: NBC 4 (KVOA) MARANA (H) ᴿᴬᵂ	NBC 4 (KVOA) Marana RAW [US]	callsign	US_LOCALS1	KVOA-DT.us_locals1	110	13b3364119	News 4 Tucson at 10pm | The Tonight Show Starring Jimmy Fallon | Late Night With Seth Meyers
US: NBC 4 (KVOA) TUCSON (D) ᴿᴬᵂ	NBC 4 (KVOA) Tucson RAW [US]	callsign	US_LOCALS1	KVOA-DT.us_locals1	110	13b3364119	News 4 Tucson at 10pm | The Tonight Show Starring Jimmy Fallon | Late Night With Seth Meyers
US: NBC 4 (WCMH) COLUMBUS OH (A) ᴿᴬᵂ	NBC 4 (WCMH) Columbus Oh RAW [US]	callsign	US_LOCALS1	WCMH-DT.us_locals1	94	d173c02772	Late Night With Seth Meyers | NBC 4 at 11 | Top Story With Tom Llamas
US: NBC 4 (WDIV) DETROIT (A) ᴿᴬᵂ	NBC 4 (WDIV) Detroit RAW [US]	callsign	US_LOCALS1	WDIV-DT.us_locals1	103	191947ebe2	Late Night With Seth Meyers | Local 4 News at 11 | Paid Programming
US: NBC 4 (WNBC) NEW YORK (A) ᴿᴬᵂ	NBC 4 (WNBC) New York RAW [US]	callsign	US_LOCALS1	WNBC-DT.us_locals1	100	8b343d1d2f	Late Night With Seth Meyers | News 4 NY at 11 | NBC Nightly News With Tom Llamas
US: NBC 4 (WOAI) SAN ANTONIO (H) ᴿᴬᵂ	NBC 4 (WOAI) San Antonio RAW [US]	callsign	US_LOCALS1	WOAI-DT.us_locals1	106	e25e68d10c	Access Hollywood | Late Night With Seth Meyers | News 4 San Antonio at 10p
US: NBC 4 (WRC) LEESBURG (H) ᴿᴬᵂ	NBC 4 (WRC) Leesburg RAW [US]	callsign	US_LOCALS1	WRC-DT.us_locals1	93	dd901d7198	Late Night With Seth Meyers | NEWS4 AT 11P | NBC Nightly News With Tom Llamas
US: NBC 4 (WRC) WASHINGTON (A) ᴿᴬᵂ	NBC 4 (WRC) Washington RAW [US]	callsign	US_LOCALS1	WRC-DT.us_locals1	93	dd901d7198	Late Night With Seth Meyers | NEWS4 AT 11P | NBC Nightly News With Tom Llamas
US: NBC 4 (WSMV) NASHVILLE (A) ᴿᴬᵂ	NBC 4 (WSMV) Nashville RAW [US]	callsign	US_LOCALS1	WSMV-DT.us_locals1	98	ce21dd525e	Late Night With Seth Meyers | WSMV 4 News at 10p Repeat | Aging Untold
US: NBC 4 (WTMJ) MILWAUKEE (A) ᴿᴬᵂ	NBC 4 (WTMJ) Milwaukee RAW [US]	callsign	US_LOCALS1	WTMJ-DT.us_locals1	94	2b7c7f70ea	Late Night With Seth Meyers | TMJ4 News at 10 | The Morning Blend
US: NBC 4 (WYFF) GREENVILLE/SPARTANBURG/ASHEVILLE/ANDERSON (H) ᴿᴬᵂ	NBC 4 (WYFF) Greenville/Spartanburg/Asheville/Anderson RAW [US]	callsign	US_LOCALS1	WYFF-DT.us_locals1	98	10a5a47c0e	Late Night With Seth Meyers | WYFF News 4 at 11pm | Top Story With Tom Llamas
US: NBC 40 (WNKY) BOWLING GREEN (D) ᴿᴬᵂ	NBC 40 (WNKY) Bowling Green RAW [US]	callsign	US_LOCALS1	WNKY-DT.us_locals1	108	2088b52869	Late Night With Seth Meyers | NEWS 40 @ 10 | Top Story With Tom Llamas
US: NBC 40 (WTWC-DT) TALLAHASSEE (H) ᴿᴬᵂ	NBC 40 (WTWC-DT) Tallahassee RAW [US]	callsign	US_LOCALS1	WTWC-DT2.us_locals1	118	9499515b01	Bob Hearts Abishola | The Big Bang Theory | Young Sheldon
US: NBC 41 (KSHB) KANSAS CITY (A) ᴿᴬᵂ	NBC 41 (KSHB) Kansas City RAW [US]	callsign	US_LOCALS1	KSHB-DT.us_locals1	103	e7463361b8	Late Night With Seth Meyers | KSHB 41 News 10PM | Top Story With Tom Llamas
US: NBC 41 (WMGT) MACON (D) ᴿᴬᵂ	NBC 41 (WMGT) Macon RAW [US]	callsign	US_LOCALS1	WMGT-DT.us_locals1	98	9feec46b00	Late Night With Seth Meyers | NBC Nightly News With Tom Llamas | Top Story With Tom Llamas
US: NBC 46 (KDLT) SIOUX FALLS (H) ᴿᴬᵂ	NBC 46 (KDLT) Sioux Falls RAW [US]	callsign	US_LOCALS1	KDLT-DT2.us_locals1	133	4268a7f9cf	Bob Hearts Abishola | Scrambled Up | People Puzzler
US: NBC 46 (KLAF) LAFAYETTE (H) ᴿᴬᵂ	NBC 46 (KLAF) Lafayette RAW [US]	callsign	US_LOCALS1	KLAF-LD.us_locals1	110	6b7f42a2ca	Late Night With Seth Meyers | Funny You Should Ask | Top Story With Tom Llamas
US: NBC 48 (WAFF) HUNTSVILLE (D) ᴿᴬᵂ	NBC 48 (WAFF) Huntsville RAW [US]	callsign	US_LOCALS1	WAFF-DT.us_locals1	97	b5bef4c2d1	Late Night With Seth Meyers | WAFF 48 News at 10 - repeat | Top Story With Tom Llamas
US: NBC 5 (KALB) ALEXANDRIA (H) ᴿᴬᵂ	NBC 5 (KALB) Alexandria RAW [US]	callsign	provider_13	KALB.us	64	d26aa30cf9	Today 3rd Hour | Today With Jenna & Sheinelle | Flip Side
US: NBC 5 (KFYR) MINOT/BISMARCK/DICKINSON (D) ᴿᴬᵂ	NBC 5 (KFYR) Minot/Bismarck/Dickinson RAW [US]	callsign	US_LOCALS1	KFYR-DT.us_locals1	107	ee3a65242c	Late Night With Seth Meyers | NBC Nightly News With Tom Llamas | Top Story With Tom Llamas
US: NBC 5 (KING) SEATTLE (A) ᴿᴬᵂ	NBC 5 (KING) Seattle RAW [US]	callsign	US_LOCALS1	KING-DT.us_locals1	99	43d183cbb9	Password | KING 5 News at 11 | The Tonight Show Starring Jimmy Fallon
US: NBC 5 (KOAA) PUEBLO (D) ᴿᴬᵂ	NBC 5 (KOAA) Pueblo RAW [US]	callsign	US_LOCALS1	KOAA-LD.us_locals1	108	4ca1f8c67f	The Tonight Show Starring Jimmy Fallon | Late Night With Seth Meyers | NBC Nightly News With Tom Llamas
US: NBC 5 (KOBI) MEDFORD (D) ᴿᴬᵂ	NBC 5 (KOBI) Medford RAW [US]	callsign	provider_13	KOBI.us	58	99f2e94a38	NBC 5 News at Sunrise | Today | Today 3rd Hour
US: NBC 5 (KSDK) ST. LOUIS (A) ᴿᴬᵂ	NBC 5 (KSDK) St. Louis RAW [US]	callsign	US_LOCALS1	KSDK-DT.us_locals1	109	62b47188d0	Late Night With Seth Meyers | 5 On Your Side at 10 PM | Top Story With Tom Llamas
US: NBC 5 (KSL) SALT LAKE CITY (H) ᴿᴬᵂ	NBC 5 (KSL) Salt Lake City RAW [US]	callsign	US_LOCALS1	KSL-DT.us_locals1	106	364b49437b	The Tonight Show Starring Jimmy Fallon | Late Night With Seth Meyers | KSL 5 News
US: NBC 5 (KXAS) DALLAS (A) ᴿᴬᵂ	NBC 5 (KXAS) Dallas RAW [US]	callsign	US_LOCALS1	KXAS-DT.us_locals1	101	f26fdc12c8	Late Night With Seth Meyers | NBC5 News at 10PM (R) | NBC Nightly News With Tom Llamas
US: NBC 5 (KXAS) FORT WORTH (S) ᴿᴬᵂ	NBC 5 (KXAS) Fort Worth RAW [US]	callsign	US_LOCALS1	KXAS-DT.us_locals1	101	f26fdc12c8	Late Night With Seth Meyers | NBC5 News at 10PM (R) | NBC Nightly News With Tom Llamas
US: NBC 5 (KXAS) THE COLONY (H) ᴿᴬᵂ	NBC 5 (KXAS) The Colony RAW [US]	callsign	US_LOCALS1	KXAS-DT.us_locals1	101	f26fdc12c8	Late Night With Seth Meyers | NBC5 News at 10PM (R) | NBC Nightly News With Tom Llamas
US: NBC 5 (WCYB) BRISTOL (H) ᴿᴬᵂ	NBC 5 (WCYB) Bristol RAW [US]	callsign	US_LOCALS1	WCYB-LD.us_locals1	104	c59caace74	Late Night With Seth Meyers | News 5 at 11pm | Top Story With Tom Llamas
US: NBC 5 (WLWT) CINCINNATI (H) ᴿᴬᵂ	NBC 5 (WLWT) Cincinnati RAW [US]	callsign	US_LOCALS1	WLWT-DT.us_locals1	93	f9273ca0ca	Late Night With Seth Meyers | WLWT News 5 at 11:00 | Top Story With Tom Llamas
US: NBC 5 (WMAQ) CHICAGO (A) ᴿᴬᵂ	NBC 5 (WMAQ) Chicago RAW [US]	callsign	US_LOCALS1	WMAQ-DT.us_locals1	99	84ccb511f0	Late Night With Seth Meyers | NBC 5 News at 10 PM | NBC Nightly News With Tom Llamas
US: NBC 5 (WMC) MEMPHIS (A) ᴿᴬᵂ	NBC 5 (WMC) Memphis RAW [US]	callsign	provider_13	WMC.us	66	574ee03cb8	Today 3rd Hour | Today With Jenna & Sheinelle | Action News 5 Midday
US: NBC 5 (WPTV) WEST PALM BEACH (H) ᴿᴬᵂ	NBC 5 (WPTV) West Palm Beach RAW [US]	callsign	US_LOCALS1	WPTV-DT.us_locals1	99	5297a9c1fd	Late Night With Seth Meyers | NBC Nightly News With Tom Llamas | Top Story With Tom Llamas
US: NBC 5 (WPTZ) PLATTSBURGH (H) ᴿᴬᵂ	NBC 5 (WPTZ) Plattsburgh RAW [US]	callsign	US_LOCALS1	WPTZ-DT.us_locals1	96	f6cf0c0722	Late Night With Seth Meyers | NBC5 News at 11 | Top Story With Tom Llamas
US: NBC 5 (WRAL) RALEIGH/DURHAM (A) ᴿᴬᵂ	NBC 5 (WRAL) Raleigh/Durham RAW [US]	callsign	US_LOCALS1	WRAL-DT.us_locals1	105	e28a7c83f6	Late Night With Seth Meyers | WRAL Late News | Top Story With Tom Llamas
US: NBC 5 BISMARCK ND (KFYR) HD	NBC 5 Bismarck Nd (KFYR) HD [US]	callsign	US_LOCALS1	KFYR-DT.us_locals1	107	ee3a65242c	Late Night With Seth Meyers | NBC Nightly News With Tom Llamas | Top Story With Tom Llamas
US: NBC 5 BRISTOL VA (WCYB) HD	NBC 5 Bristol Va (WCYB) HD [US]	callsign	US_LOCALS1	WCYB-LD.us_locals1	104	c59caace74	Late Night With Seth Meyers | News 5 at 11pm | Top Story With Tom Llamas
US: NBC 5 CINCINNATI OH (WLWT) HD	NBC 5 Cincinnati Oh (WLWT) HD [US]	callsign	US_LOCALS1	WLWT-DT.us_locals1	93	f9273ca0ca	Late Night With Seth Meyers | WLWT News 5 at 11:00 | Top Story With Tom Llamas
US: NBC 5 DALLAS TX (KXAS) HD	NBC 5 Dallas Tx (KXAS) HD [US]	callsign	US_LOCALS1	KXAS-DT.us_locals1	101	f26fdc12c8	Late Night With Seth Meyers | NBC5 News at 10PM (R) | NBC Nightly News With Tom Llamas
US: NBC 5 PLATTSBURGH NY (WPTZ) HD	NBC 5 Plattsburgh Ny (WPTZ) HD [US]	callsign	US_LOCALS1	WPTZ-DT.us_locals1	96	f6cf0c0722	Late Night With Seth Meyers | NBC5 News at 11 | Top Story With Tom Llamas
US: NBC 51 (KNWA) FORT SMITH (A) ᴿᴬᵂ	NBC 51 (KNWA) Fort Smith RAW [US]	callsign	US_LOCALS1	KNWA-DT.us_locals1	106	770ce2274d	Late Night With Seth Meyers | KNWA News at 10pm | Entertainment Tonight
US: NBC 56 (KETK) JACKSONVILLE (D) ᴿᴬᵂ	NBC 56 (KETK) Jacksonville RAW [US]	callsign	US_LOCALS1	KETK-DT.us_locals1	98	93bd28614f	Late Night With Seth Meyers | KETK News at 10 | Rose Heights Church Services
US: NBC 6 (KBJR) DULUTH/SUPERIOR (H) ᴿᴬᵂ	NBC 6 (KBJR) Duluth/Superior RAW [US]	callsign	US_LOCALS1	KBJR-DT.us_locals1	105	8f6e252ce7	Late Night With Seth Meyers | NBC Nightly News With Tom Llamas | Top Story With Tom Llamas
US: NBC 6 (KCEN) TEMPLE (H) ᴿᴬᵂ	NBC 6 (KCEN) Temple RAW [US]	callsign	US_LOCALS1	KCEN-DT.us_locals1	105	ef27ff8595	Late Night With Seth Meyers | 6 News at 10 | Top Story With Tom Llamas
US: NBC 6 (KHQ) SPOKANE (H) ᴿᴬᵂ	NBC 6 (KHQ) Spokane RAW [US]	callsign	US_LOCALS1	KHQ-DT.us_locals1	112	d610e7e11a	Password | NonStop Local @ 11 | The Tonight Show Starring Jimmy Fallon
US: NBC 6 (KMIR) PALM SPRINGS (H) ᴿᴬᵂ	NBC 6 (KMIR) Palm Springs RAW [US]	callsign	US_LOCALS1	KMIR-DT.us_locals1	115	8fae70a49c	Password | NBC Palm Springs News at 11 | The Tonight Show Starring Jimmy Fallon
US: NBC 6 (KPVI) IDAHO FALLS (A) ᴿᴬᵂ	NBC 6 (KPVI) Idaho Falls RAW [US]	callsign	US_LOCALS1	KPVI-DT.us_locals1	113	22a1e1aeb9	Late Night With Seth Meyers | Inside Edition | Entertainment Tonight
US: NBC 6 (KRIS) CORPUS CHRISTI (D) ᴿᴬᵂ	NBC 6 (KRIS) Corpus Christi RAW [US]	callsign	US_LOCALS1	KRIS-DT.us_locals1	107	3bd6448db8	Late Night With Seth Meyers | KRIS 6 News at Ten | Extra
US: NBC 6 (KSBY) SAN LUIS OBISPO (H) ᴿᴬᵂ	NBC 6 (KSBY) San Luis Obispo RAW [US]	callsign	US_LOCALS1	KSBY-DT.us_locals1	108	a0ef8543a5	Password | KSBY News at 11 | The Tonight Show Starring Jimmy Fallon
US: NBC 6 (KSBY) SANTA BARBARA (A) ᴿᴬᵂ	NBC 6 (KSBY) Santa Barbara RAW [US]	callsign	US_LOCALS1	KSBY-DT.us_locals1	108	a0ef8543a5	Password | KSBY News at 11 | The Tonight Show Starring Jimmy Fallon
US: NBC 6 (KSBY) SANTA BARBARA/SANTA MARIA/SAN LUIS OBISPO (D) ᴿᴬᵂ	NBC 6 (KSBY) Santa Barbara/Santa Maria/San Luis Obispo RAW [US]	callsign	US_LOCALS1	KSBY-DT.us_locals1	108	a0ef8543a5	Password | KSBY News at 11 | The Tonight Show Starring Jimmy Fallon
US: NBC 6 (KTAL) SHREVEPORT (H) ᴿᴬᵂ	NBC 6 (KTAL) Shreveport RAW [US]	callsign	US_LOCALS1	KTAL-DT.us_locals1	107	ac98256cd9	Late Night With Seth Meyers | NBC 6 News at 10 | Top Story With Tom Llamas
US: NBC 6 (KWQC) DAVENPORT (H) ᴿᴬᵂ	NBC 6 (KWQC) Davenport RAW [US]	callsign	US_LOCALS1	KWQC-DT.us_locals1	108	15cdde2de1	Late Night With Seth Meyers | NBC Nightly News With Tom Llamas | KWQC News at 10PM
US: NBC 6 (KWQC) DAVENPORT/ROCK ISLAND/MOLIN (D) ᴿᴬᵂ	NBC 6 (KWQC) Davenport/Rock Island/Molin RAW [US]	callsign	US_LOCALS1	KWQC-DT.us_locals1	108	15cdde2de1	Late Night With Seth Meyers | NBC Nightly News With Tom Llamas | KWQC News at 10PM
US: NBC 6 (WCSH) PORTLAND (H) ᴿᴬᵂ	NBC 6 (WCSH) Portland RAW [US]	callsign	US_LOCALS1	WCSH-DT.us_locals1	94	d246c272b8	Late Night With Seth Meyers | News Center Maine at 11:00 p.m. | Top Story With Tom Llamas
US: NBC 6 (WDSU) NEW ORLEANS (A) ᴿᴬᵂ	NBC 6 (WDSU) New Orleans RAW [US]	callsign	US_LOCALS1	WDSU-DT.us_locals1	91	657f05867e	Late Night With Seth Meyers | WDSU News at 10 | Top Story With Tom Llamas
US: NBC 6 (WECT) WILMINGTON (H) ᴿᴬᵂ	NBC 6 (WECT) Wilmington RAW [US]	callsign	US_LOCALS1	WECT-DT.us_locals1	108	5622b8d4e8	Late Night With Seth Meyers | WECT News at 11 | Top Story With Tom Llamas
US: NBC 6 (WJAC) JOHNSTOWN (A) ᴿᴬᵂ	NBC 6 (WJAC) Johnstown RAW [US]	callsign	US_LOCALS1	WJAC-LD.us_locals1	116	aae239dba7	Late Night With Seth Meyers | WJAC-TV News at 11 pm | Top Story With Tom Llamas
US: NBC 6 (WLUC) MARQUETTE (D) ᴿᴬᵂ	NBC 6 (WLUC) Marquette RAW [US]	callsign	US_LOCALS1	WLUC-DT.us_locals1	104	b5a10cde0e	Late Night With Seth Meyers | NBC Nightly News With Tom Llamas | Top Story With Tom Llamas
US: NBC 6 (WOWT) OMAHA (D) ᴿᴬᵂ	NBC 6 (WOWT) Omaha RAW [US]	callsign	US_LOCALS1	WOWT-DT.us_locals1	101	c641751ad5	Late Night With Seth Meyers | First Alert 6 at 10 | Top Story With Tom Llamas
US: NBC 6 (WPSD) PADUCAH (H) ᴿᴬᵂ	NBC 6 (WPSD) Paducah RAW [US]	callsign	US_LOCALS1	WPSD-DT.us_locals1	98	05b9b10541	Late Night With Seth Meyers | Local 6 at 10:00 | Top Story With Tom Llamas
US: NBC 6 (WPSD) PADUCAH/CAPE GIRARDEAU/HARRISBURG/MT VERNO (D) ᴿᴬᵂ	NBC 6 (WPSD) Paducah/Cape Girardeau/Harrisburg/Mt Verno RAW [US]	callsign	US_LOCALS1	WPSD-DT.us_locals1	98	05b9b10541	Late Night With Seth Meyers | Local 6 at 10:00 | Top Story With Tom Llamas
US: NBC 6 (WTVJ) MIAMI (A) ᴿᴬᵂ	NBC 6 (WTVJ) Miami RAW [US]	callsign	provider_13	WTVJ.us	60	1a0fb3d701	Today 3rd Hour | Today With Jenna & Sheinelle | The Kelly Clarkson Show
US: NBC 6 (WVVA) BLUEFIELD (D) ᴿᴬᵂ	NBC 6 (WVVA) Bluefield RAW [US]	callsign	US_LOCALS1	WVVA-DT.us_locals1	114	e2bf33e2eb	Late Night With Seth Meyers | WVVA News at 11 | iCRIME With Elizabeth Vargas
US: NBC 7 (KMNF) MANKATO (D) ᴿᴬᵂ	NBC 7 (KMNF) Mankato RAW [US]	callsign	US_LOCALS1	KMNF-CD.us_locals1	113	d7d42efa36	Late Night With Seth Meyers | KEYC News Now at 10 | InvestigateTV+
US: NBC 7 (KNSD) SAN DIEGO (A) ᴿᴬᵂ	NBC 7 (KNSD) San Diego RAW [US]	callsign	US_LOCALS1	KNSD-DT.us_locals1	103	83f18f7010	Password | NBC 7 News at 11 | The Tonight Show Starring Jimmy Fallon
US: NBC 7 (KPLC) LAKE CHARLES (D) ᴿᴬᵂ	NBC 7 (KPLC) Lake Charles RAW [US]	callsign	US_LOCALS1	KPLC-DT.us_locals1	111	60580f1ef0	Late Night With Seth Meyers | NBC Nightly News With Tom Llamas | Top Story With Tom Llamas
US: NBC 7 (KRNV) RENO (D) ᴿᴬᵂ	NBC 7 (KRNV) Reno RAW [US]	callsign	US_LOCALS1	KRNV-DT.us_locals1	133	33c1bd2c9a	Saturday Night Live | Key & Peele | Accident Compensation: Get Help Now!
US: NBC 7 (KTFT) TWIN FALLS (D) ᴿᴬᵂ	NBC 7 (KTFT) Twin Falls RAW [US]	callsign	US_LOCALS1	KTFT-LD.us_locals1	102	e99471fc6c	The Tonight Show Starring Jimmy Fallon | Late Night With Seth Meyers | KTVB News at Ten
US: NBC 7 (KTVB) BOISE (D) ᴿᴬᵂ	NBC 7 (KTVB) Boise RAW [US]	callsign	US_LOCALS1	KTVB-DT.us_locals1	102	9f72351220	The Tonight Show Starring Jimmy Fallon | Late Night With Seth Meyers | KTVB News at Ten
US: NBC 7 (KWWL) CEDAR RAPIDS (A) ᴿᴬᵂ	NBC 7 (KWWL) Cedar Rapids RAW [US]	callsign	US_LOCALS1	KWWL-DT.us_locals1	105	83772c14d5	Late Night With Seth Meyers | America's Court With Judge Ross | Top Story With Tom Llamas
US: NBC 7 (KWWL) WATERLOO (H) ᴿᴬᵂ	NBC 7 (KWWL) Waterloo RAW [US]	callsign	US_LOCALS1	KWWL-DT.us_locals1	105	83772c14d5	Late Night With Seth Meyers | America's Court With Judge Ross | Top Story With Tom Llamas
US: NBC 7 (WDAM) HATTIESBURG (A) ᴿᴬᵂ	NBC 7 (WDAM) Hattiesburg RAW [US]	callsign	US_LOCALS1	WDAM-DT.us_locals1	107	d67830d804	Late Night With Seth Meyers | WDAM News 7 at 10 | Today All Night
US: NBC 7 (WITN) GREENVILLE (H) ᴿᴬᵂ	NBC 7 (WITN) Greenville RAW [US]	callsign	US_LOCALS1	WITN-DT.us_locals1	101	b3488721bf	Late Night With Seth Meyers | WITN 7 News at 11pm | Top Story With Tom Llamas
US: NBC 7 (WJHG) PANAMA CITY (D) ᴿᴬᵂ	NBC 7 (WJHG) Panama City RAW [US]	callsign	US_LOCALS1	WJHG-DT.us_locals1	105	0d044e1f9d	Late Night With Seth Meyers | NewsChannel 7 at Ten | InvestigateTV+
US: NBC 8 (KAIT) JONESBORO (H) ᴿᴬᵂ	NBC 8 (KAIT) Jonesboro RAW [US]	callsign	US_LOCALS1	KAIT-DT2.us_locals1	106	da33e08452	Late Night With Seth Meyers | K8 News at 10 | Top Story With Tom Llamas
US: NBC 8 (KGNS) LAREDO (D) ᴿᴬᵂ	NBC 8 (KGNS) Laredo RAW [US]	callsign	US_LOCALS1	KGNS-DT2.us_locals1	135	db3884d219	Nightline | Seinfeld | The Conners
US: NBC 8 (KGW) PORTLAND (A) ᴿᴬᵂ	NBC 8 (KGW) Portland RAW [US]	callsign	US_LOCALS1	KGW-DT.us_locals1	102	faa1bfd5bd	Password | KGW News at 11 | The Tonight Show Starring Jimmy Fallon
US: NBC 8 (KOMU) JEFFERSON CITY (D) ᴿᴬᵂ	NBC 8 (KOMU) Jefferson City RAW [US]	callsign	US_LOCALS1	KOMU-DT.us_locals1	110	3bd9b5d4ba	Late Night With Seth Meyers | NBC Nightly News With Tom Llamas | The Jennifer Hudson Show
US: NBC 8 (KSBW) SALINAS (D) ᴿᴬᵂ	NBC 8 (KSBW) Salinas RAW [US]	callsign	US_LOCALS1	KSBW-DT.us_locals1	103	a80901ba98	Password | KSBW Action News 8 at 11 | The Tonight Show Starring Jimmy Fallon
US: NBC 8 (KULR) BILLINGS (D) ᴿᴬᵂ	NBC 8 (KULR) Billings RAW [US]	callsign	US_LOCALS1	KULR-DT.us_locals1	99	16175a3df7	The Tonight Show Starring Jimmy Fallon | Late Night With Seth Meyers | NonStop Local @ 10
US: NBC 8 (WFLA) TAMPA (H) ᴿᴬᵂ	NBC 8 (WFLA) Tampa RAW [US]	callsign	US_LOCALS1	WFLA-DT.us_locals1	106	93edacec07	Late Night With Seth Meyers | Entertainment Tonight | Top Story With Tom Llamas
US: NBC 8 (WGAL) LANCASTER (H) ᴿᴬᵂ	NBC 8 (WGAL) Lancaster RAW [US]	callsign	US_LOCALS1	WGAL-LD.us_locals1	97	2b5b6b445d	Late Night With Seth Meyers | News 8 at 11:00 | Access Daily With Mario & Kit
US: NBC 8 (WLIO) LIMA (D) ᴿᴬᵂ	NBC 8 (WLIO) Lima RAW [US]	callsign	US_LOCALS1	WLIO-DT.us_locals1	108	8de0b74493	Late Night With Seth Meyers | Your News Now at 11 | Top Story With Tom Llamas
US: NBC 8 (WOOD) GRAND RAPIDS (H) ᴿᴬᵂ	NBC 8 (WOOD) Grand Rapids RAW [US]	callsign	US_LOCALS1	WOOD-DT.us_locals1	97	2cd6cdf0dd	Late Night With Seth Meyers | TMZ | Top Story With Tom Llamas
US: NBC 9 (KRBC) ABILENE (H) ᴿᴬᵂ	NBC 9 (KRBC) Abilene RAW [US]	callsign	US_LOCALS1	KRBC-DT.us_locals1	113	b986d6dff0	Late Night With Seth Meyers | Family Feud Favorites | Top Story With Tom Llamas
US: NBC 9 (KTSM) EL PASO (H) ᴿᴬᵂ	NBC 9 (KTSM) El Paso RAW [US]	callsign	US_LOCALS1	KTSM-DT.us_locals1	94	63aae0ca64	The Tonight Show Starring Jimmy Fallon | Late Night With Seth Meyers | Friends
US: NBC 9 (KUSA) DENVER (H) ᴿᴬᵂ	NBC 9 (KUSA) Denver RAW [US]	callsign	US_LOCALS1	KUSA-DT.us_locals1	104	144f773946	The Tonight Show Starring Jimmy Fallon | Late Night With Seth Meyers | 9News at 10PM
US: NBC 9 (KWES) ODESSA/MIDLAND (H) ᴿᴬᵂ	NBC 9 (KWES) Odessa/Midland RAW [US]	callsign	US_LOCALS1	KWES-DT.us_locals1	97	95851a2159	Late Night With Seth Meyers | Newswest 9 at 10P | Top Story With Tom Llamas
US: NBC 9 (WNBW) GAINESVILLE (D) ᴿᴬᵂ	NBC 9 (WNBW) Gainesville RAW [US]	callsign	US_LOCALS1	WNBW-DT.us_locals1	133	216187a153	Saturday Night Live | Key & Peele | Accident Compensation: Get Help Now!
US: NBC 9 (WTOV) STEUBENVILLE (A) ᴿᴬᵂ	NBC 9 (WTOV) Steubenville RAW [US]	callsign	US_LOCALS1	WTOV-DT.us_locals1	97	73b5769d8f	Late Night With Seth Meyers | News 9 Tonight | Top Story With Tom Llamas
US: NBC 9 (WTVA) TUPELO (D) ᴿᴬᵂ	NBC 9 (WTVA) Tupelo RAW [US]	callsign	US_LOCALS1	WTVA-DT.us_locals1	109	f7f41d1033	Late Night With Seth Meyers | Funny You Should Ask | Top Story With Tom Llamas
US: NBC BOSTON NEWS (PC) ᴿᴬᵂ	NBC Boston News RAW [US]	dummy			0		
US: NBC BRAVO (EAST) (D) ᴿᴬᵂ	NBC Bravo (East) RAW [US]	dummy			0		
US: NBC BRAVO (WEST) (D) ᴿᴬᵂ	NBC Bravo (WEST) RAW [US]	rescue-token	provider_13	Bravo.us	45	62d1f80f05	The Valley | Las Culturistas Culture Awards | Watch What Happens Live
US: NBC CHICAGO NEWS (PC) ᴿᴬᵂ	NBC Chicago News RAW [US]	dummy			0		
US: NBC CNBC ᴿᴬᵂ	NBC Cnbc RAW [US]	dummy			0		
US: NBC E! (EAST) ᴿᴬᵂ	NBC E! (East) RAW [US]	dummy			0		
US: NBC E! (WEST) ᴿᴬᵂ	NBC E! (WEST) RAW [US]	dummy			0		
US: NBC GOLF	NBC Golf [US]	dummy			0		
US: NBC GOLF CHANNEL (H) ᴿᴬᵂ	NBC Golf Channel RAW [US]	dummy			0		
US: NBC GOLF ᴿᴬᵂ	NBC Golf RAW [US]	dummy			0		
US: NBC KOMU (A) ᴿᴬᵂ	NBC Komu RAW [US]	dummy			0		
US: NBC KSHB (A) ᴿᴬᵂ	NBC Kshb RAW [US]	dummy			0		
US: NBC LOS ANGELES	NBC Los Angeles [US]	dummy			0		
US: NBC LOS ANGELES NEWS (PC) ᴿᴬᵂ	NBC Los Angeles News RAW [US]	dummy			0		
US: NBC LX HOME (PC) ᴿᴬᵂ	NBC Lx Home RAW [US]	dummy			0		
US: NBC MS NOW ᴿᴬᵂ	NBC Ms Now RAW [US]	token	provider_3	84ab9eb1-aa33-4a2f-96f6-feba0ce713a4	84	1ea498f3e0	Morning Joe | Money, Power, Politics With Stephanie Ruhle | On the Line With Alicia Menendez
US: NBC NEW ENGLAND CABLE NEWS (NECN) (D) ᴿᴬᵂ	NBC New England Cable News (Necn) RAW [US]	rescue-token	US2	NECN.New.England.Cable.News.us2	141	10e739518e	NBC 10 Boston News | NECN News 7 am | NECN News 8 am
US: NBC NEW YORK NEWS (PC) ᴿᴬᵂ	NBC New York News RAW [US]	dummy			0		
US: NBC NEWS NOW (A) ᴿᴬᵂ	NBC News Now RAW [US]	norm-name	provider_3	13037afa-9397-4f2a-b015-069621319ced	116	7fe25d00c8	Morning News NOW | NBC News Daily With Morgan Radford and Vicky Nguyen | NBC News Daily With Kate Snow and Zinhle Essamuah
US: NBC OXYGEN (WEST) ᴿᴬᵂ	NBC Oxygen (WEST) RAW [US]	rescue-token	provider_13	Oxygen.us	35	6eb3c50fec	The Killer Among Us | A Plan to Kill | Dateline: Secrets Uncovered
US: NBC PHILADELPHIA HD	NBC Philadelphia HD [US]	dummy			0		
US: NBC PHILADELPHIA NEWS (PC) ᴿᴬᵂ	NBC Philadelphia News RAW [US]	dummy			0		
US: NBC SN HD	NBC Sn HD [US]	dummy			0		
US: NBC SOUTH FLORIDA NEWS (PC) ᴿᴬᵂ	NBC South Florida News RAW [US]	dummy			0		
US: NBC SPORTS BAY AREA (A) ᴿᴬᵂ	NBC Sports Bay Area RAW [US]	norm-name	provider_3	b0b06816-dd9f-41be-8004-4b2c39065d19	134	0955810246	Paid Programming | MLB Baseball | Protect Your Family From Identity Theft
US: NBC SPORTS BAY AREA PLUS (A) ᴿᴬᵂ	NBC Sports Bay Area Plus RAW [US]	norm-name	US2	NBC.Sports.Bay.Area.Plus.us2	21	46d35e9b55	SIGN OFF | Live: Minor League Baseball
US: NBC SPORTS BAY AREA PLUS ALTERNATE (A) ᴿᴬᵂ	NBC Sports Bay Area Plus Alternate RAW [US]	norm-name	provider_3	737ccfce-e1c3-4d1c-a731-7905e0035c8f	28	29ea102355	SIGN OFF | Minor League Baseball
US: NBC SPORTS BOSTON (A) ᴿᴬᵂ	NBC Sports Boston RAW [US]	norm-name	provider_3	0a0b9eee-e635-4d0c-a901-4b9d20cc3f14	151	60a266f457	Boston Sports Tonight With Felger and Holley | Zolak and Bertrand | Felger & Mazz Radio
US: NBC SPORTS CALIFORNIA (A) ᴿᴬᵂ	NBC Sports California RAW [US]	norm-name	provider_3	1d6aba71-5282-4f56-8acf-2a2aff938b0f	139	297e947214	Offshore Velocity | Spanish Fly | MLB Baseball
US: NBC SPORTS CALIFORNIA PLUS (A) ᴿᴬᵂ	NBC Sports California Plus RAW [US]	dup-feed-scrub	provider_3	1dc41f1c-7380-4bf8-a4b5-13f688b48fd6	0		
US: NBC SPORTS CALIFORNIA PLUS 2 (A) ᴿᴬᵂ	NBC Sports California Plus 2 RAW [US]	dup-feed-scrub	provider_3	16e41d2f-f7e1-4a11-b655-a71de3b6d027	0		
US: NBC SPORTS CHICAGO (A) ᴿᴬᵂ	NBC Sports Chicago RAW [US]	rescue-token	US2	NBC.Sports.4K.us2	21	0e367c28ed	SIGN OFF | Live: 2026 U.S. Open Golf Championship
US: NBC SPORTS CHICAGO PLUS (A) ᴿᴬᵂ	NBC Sports Chicago Plus RAW [US]	rescue-token	US2	NBC.Sports.4K.us2	21	0e367c28ed	SIGN OFF | Live: 2026 U.S. Open Golf Championship
US: NBC SPORTS NETWORK	NBC Sports Network [US]	rescue-token	US2	NBC.Sports.4K.us2	21	0e367c28ed	SIGN OFF | Live: 2026 U.S. Open Golf Championship
US: NBC SPORTS NORTHWEST	NBC Sports Northwest [US]	dummy			0		
US: NBC SPORTS NOW (A) ᴿᴬᵂ	NBC Sports Now RAW [US]	norm-name	provider_3	b9a635df-c9a1-459a-b714-a6ca56d137a3	121	26f5a824d2	PFT Live | The Dan Patrick Show | The Dan Le Batard Show With Stugotz
US: NBC SPORTS PHILADELPHIA (D) ᴿᴬᵂ	NBC Sports Philadelphia RAW [US]	rescue-token	US2	NBC.Sports.Philadelphia.HD.us2	94	01010b5c82	MLB Baseball | Phillies Postgame Live | Paid Programming
US: NBC SPORTS PHILADELPHIA PLUS (D) ᴿᴬᵂ	NBC Sports Philadelphia Plus RAW [US]	norm-name	US2	NBC.Sports.Philadelphia.Plus.us2	76	3f2400195d	MLB Baseball | The Aging Brain | Best Mattress I've Ever Had!
US: NBC SYFY (EAST) ᴿᴬᵂ	NBC Syfy (East) RAW [US]	dummy			0		
US: NBC SYFY (WEST) ᴿᴬᵂ	NBC Syfy (WEST) RAW [US]	rescue-token	provider_13	Syfy.us	20	6548bf6896	The Marsh King's Daughter | The Strangers: Chapter 1 | Edward Scissorhands
US: NBC UNIVERSO (EAST) (D) ᴿᴬᵂ	NBC Universo (East) RAW [US]	norm-name	provider_11	NBCUniverso.us@East	0		
US: NBC USA NETWORK (EAST) ᴿᴬᵂ	NBC USA Network (East) RAW [US]	token	provider_3	00fe3c8a-dade-497c-ba7a-67b32bcddbfa	109	0262540b2c	2026 U.S. Open Golf Championship | Law & Order: Special Victims Unit | Spider-Man: Homecoming
US: NBC WNDU (A) ᴿᴬᵂ	NBC Wndu RAW [US]	dummy			0		
US: NBC WPTV (A) ᴿᴬᵂ	NBC Wptv RAW [US]	dummy			0		
US: NEW JERSEY 12 NEWS	New Jersey 12 News [US]	rescue-token	US2	News.12.New.Jersey.us2	192	7d3b1cd36f	News 12 New Jersey | Be Well | Made In
US: NEWS 12 LONG ISLAND 4K	News 12 Long Island 4K [US]	norm-name	provider_11	News12LongIsland.us@SD	0		
US: NEWS 12 WESTCHESTER HD	News 12 Westchester HD [US]	norm-name	provider_11	News12Westchester.us@SD	0		
US: NEWS NATION HD	News Nation HD [US]	dup-feed-scrub	provider_3	5576b285-b115-44e1-9789-1803ab7091fd	0		
US: NEWS Y HD	News Y HD [US]	norm-name	provider_11	Newsy.us@SD	0		
US: NFL NETWORK ᴴᴰ	NFL Network HD [US]	norm-name	provider_3	8c6223d2-9bf7-4449-8ee6-a9f1cc2cc880	68	d52fc6a6d5	Good Morning Football | NFL Classic Games | America's Game
US: ONE AMERICAN NEWS NETWORK HD	One American News Network HD [US]	dummy			0		
US: OVATION	Ovation [US]	norm-name	provider_3	9e44efca-a796-4d96-a15f-25c0e75f90ce	123	95f4539803	Death in Paradise | Midsomer Murders | Whitstable Pearl
US: OWN HD	Own HD [US]	dummy			0		
US: PAC 12 ARIZONA HD	Pac 12 Arizona HD [US]	norm-name	provider_11	Pac12Arizona.us@SD	0		
US: PAC 12 BAY AREA HD	Pac 12 Bay Area HD [US]	norm-name	provider_11	Pac12BayArea.us@SD	0		
US: PAC 12 LOS ANGELES HD	Pac 12 Los Angeles HD [US]	norm-name	provider_11	Pac12LosAngeles.us@SD	0		
US: PAC 12 MOUNTAIN HD	Pac 12 Mountain HD [US]	norm-name	provider_11	Pac12Mountain.us@SD	0		
US: PAC 12 NATIONAL HD	Pac 12 National HD [US]	dummy			0		
US: PAC 12 OREGON HD	Pac 12 Oregon HD [US]	norm-name	provider_11	Pac12Oregon.us@SD	0		
US: PAC 12 WASHINGTON HD	Pac 12 Washington HD [US]	norm-name	provider_11	Pac12Washington.us@SD	0		
US: PADELTIME TV	Padeltime TV [US]	dummy			0		
US: PBS HD	Pbs HD [US]	dummy			0		
US: PICKLEBALL (PBTV) HD	Pickleball (Pbtv) HD [US]	dummy			0		
US: PREMIER LEAGUE ᴿᴬᵂ	Premier League RAW [US]	dummy			0		
US: REAL AMERICA'S VOICE HD	Real America'S Voice HD [US]	norm-name	US2	Real.Americas.Voice.us2	72	2dca9686b2	Live: Daybreak | Live: American Sunrise | Live: The War Room
US: RED BULL TV HD	Red Bull TV HD [US]	dummy			0		
US: RIDE TV HD	Ride TV HD [US]	dummy			0		
US: RT DOCUMENTARY HD	Rt Documentary HD [US]	dummy			0		
US: RT NEWS HD	Rt News HD [US]	dummy			0		
US: SBC FRESNO (KGPE)	Sbc Fresno (KGPE) [US]	callsign	provider_13	KGPE.us	63	3463895877	CBS Mornings | The Perfect Line | The Price Is Right
US: SHOP LC 4K	Shop Lc 4K [US]	dup-feed-scrub	provider_3	2f0d7833-e695-43a7-8432-82812cdfc532	0		
US: SHOWTIME BET HD	Showtime Bet HD [US]	dummy			0		
US: SPACE CITY HD	Space City HD [US]	dummy			0		
US: SPECTRUM BAY NEWS 9 HD	Spectrum Bay News 9 HD [US]	dummy			0		
US: SPECTRUM BAY NEWS 9 ᴴᴰ	Spectrum Bay News 9 HD [US]	dummy			0		
US: SPECTRUM NEWS - (NEW YORK) ROCHESTER ᴴᴰ	Spectrum News - (New York) Rochester HD [US]	rescue-token	US2	Spectrum.News+.us2	98	9848488ead	Live: Your News on Spectrum News Plus | Live: Your Morning on Spectrum News | Live: Your News All Morning on Spectrum News Plus
US: SPECTRUM NEWS - ALBANY CAPITAL REGION ᴴᴰ	Spectrum News - Albany Capital Region HD [US]	rescue-token	US2	Spectrum.News+.us2	98	9848488ead	Live: Your News on Spectrum News Plus | Live: Your Morning on Spectrum News | Live: Your News All Morning on Spectrum News Plus
US: SPECTRUM NEWS - AUSTIN ᴴᴰ	Spectrum News - Austin HD [US]	rescue-token	US2	Spectrum.News+.us2	98	9848488ead	Live: Your News on Spectrum News Plus | Live: Your Morning on Spectrum News | Live: Your News All Morning on Spectrum News Plus
US: SPECTRUM NEWS - BUFFALO ᴴᴰ	Spectrum News - Buffalo HD [US]	rescue-token	US2	Spectrum.News+.us2	98	9848488ead	Live: Your News on Spectrum News Plus | Live: Your Morning on Spectrum News | Live: Your News All Morning on Spectrum News Plus
US: SPECTRUM NEWS - CENTRAL NY ᴴᴰ	Spectrum News - Central Ny HD [US]	dummy			0		
US: SPECTRUM NEWS - NY1 ᴴᴰ	Spectrum News - NY1 HD [US]	dummy			0		
US: SPECTRUM NEWS 1 (CAROLINAS) - CHARLOTTE ᴴᴰ	Spectrum News 1 (Carolinas) - Charlotte HD [US]	dummy			0		
US: SPECTRUM NEWS 1 (CAROLINAS) - COASTAL ᴴᴰ	Spectrum News 1 (Carolinas) - Coastal HD [US]	dummy			0		
US: SPECTRUM NEWS 1 (CAROLINAS) - GREENSBORO ᴴᴰ	Spectrum News 1 (Carolinas) - Greensboro HD [US]	dummy			0		
US: SPECTRUM NEWS 1 (CAROLINAS) - MOUNTAIN ᴴᴰ	Spectrum News 1 (Carolinas) - Mountain HD [US]	dummy			0		
US: SPECTRUM NEWS 1 (CAROLINAS) - RALEIGH ᴴᴰ	Spectrum News 1 (Carolinas) - Raleigh HD [US]	dummy			0		
US: SPECTRUM NEWS 1 - (KENTUCKY) - COVINGTON ᴴᴰ	Spectrum News 1 - (Kentucky) - Covington HD [US]	norm-name	US2	Spectrum.News.1.(Kentucky).Covington.us2	52	3d8a51ede7	Spectrum News 1 News and Weather Overnight - Kentucky | Your Morning News on Spectrum News 1 - Kentucky | Spectrum News 1 Midday News and Weather - Kentucky
US: SPECTRUM NEWS 1 - (KENTUCKY) - EVANSVILLE ᴴᴰ	Spectrum News 1 - (Kentucky) - Evansville HD [US]	norm-name	US2	Spectrum.News.1.-.(Kentucky).-.Evansville.us2	52	3d8a51ede7	Spectrum News 1 News and Weather Overnight - Kentucky | Your Morning News on Spectrum News 1 - Kentucky | Spectrum News 1 Midday News and Weather - Kentucky
US: SPECTRUM NEWS 1 - (KENTUCKY) LEXINGTON ᴴᴰ	Spectrum News 1 - (Kentucky) Lexington HD [US]	norm-name	US2	Spectrum.News.1.-.(Kentucky).Lexington.us2	52	3d8a51ede7	Spectrum News 1 News and Weather Overnight - Kentucky | Your Morning News on Spectrum News 1 - Kentucky | Spectrum News 1 Midday News and Weather - Kentucky
US: SPECTRUM NEWS 1 - (KENTUCKY) LOUISVILLE ᴴᴰ	Spectrum News 1 - (Kentucky) Louisville HD [US]	norm-name	US2	Spectrum.News.1.-.(Kentucky).Louisville.us2	52	3d8a51ede7	Spectrum News 1 News and Weather Overnight - Kentucky | Your Morning News on Spectrum News 1 - Kentucky | Spectrum News 1 Midday News and Weather - Kentucky
US: SPECTRUM NEWS 1 - (MA) PITTSFIELD ᴴᴰ	Spectrum News 1 - Pittsfield HD [US]	dummy			0		
US: SPECTRUM NEWS 1 - (MA) SPRINGFIELD ᴴᴰ	Spectrum News 1 - Springfield HD [US]	dummy			0		
US: SPECTRUM NEWS 1 - (MA) WORCESTER ᴴᴰ	Spectrum News 1 - Worcester HD [US]	dummy			0		
US: SPECTRUM NEWS 1 - CINCINNATI ᴴᴰ	Spectrum News 1 - Cincinnati HD [US]	dummy			0		
US: SPECTRUM NEWS 1 - CLEVELAND/AKRON ᴴᴰ	Spectrum News 1 - Cleveland/Akron HD [US]	dummy			0		
US: SPECTRUM NEWS 1 - COLUMBUS ᴴᴰ	Spectrum News 1 - Columbus HD [US]	dummy			0		
US: SPECTRUM NEWS 1 - DALLAS -FT WORTH ᴴᴰ	Spectrum News 1 - Dallas -Ft Worth HD [US]	dummy			0		
US: SPECTRUM NEWS 1 - DAYTON ᴴᴰ	Spectrum News 1 - Dayton HD [US]	dummy			0		
US: SPECTRUM NEWS 1 - EL PASO TEXAS ᴴᴰ	Spectrum News 1 - El Paso Texas HD [US]	dummy			0		
US: SPECTRUM NEWS 1 - SO CAL ᴴᴰ	Spectrum News 1 - So Cal HD [US]	dummy			0		
US: SPECTRUM NEWS 1 - TOLEDO/LIMA ᴴᴰ	Spectrum News 1 - Toledo/Lima HD [US]	dummy			0		
US: SPECTRUM NEWS 1 ALBANY ᴴᴰ	Spectrum News 1 Albany HD [US]	dummy			0		
US: SPECTRUM NEWS 1 BUFFALO ᴴᴰ	Spectrum News 1 Buffalo HD [US]	dummy			0		
US: SPECTRUM NEWS 1 CAROLINAS MOUNTAIN ᴴᴰ	Spectrum News 1 Carolinas Mountain HD [US]	dummy			0		
US: SPECTRUM NEWS 1 CENTRAL NY ᴴᴰ	Spectrum News 1 Central Ny HD [US]	dummy			0		
US: SPECTRUM NEWS 1 CHARLOTTE ᴴᴰ	Spectrum News 1 Charlotte HD [US]	dummy			0		
US: SPECTRUM NEWS 1 DALLAS ᴴᴰ	Spectrum News 1 Dallas HD [US]	dummy			0		
US: SPECTRUM NEWS 1 GREENSBORO ᴴᴰ	Spectrum News 1 Greensboro HD [US]	dummy			0		
US: SPECTRUM NEWS 1 HUDSON VALLEY ᴴᴰ	Spectrum News 1 Hudson Valley HD [US]	dummy			0		
US: SPECTRUM NEWS 1 KANSAS CITY ᴴᴰ	Spectrum News 1 Kansas City HD [US]	dummy			0		
US: SPECTRUM NEWS 1 KENTUCKY ᴴᴰ	Spectrum News 1 Kentucky HD [US]	dummy			0		
US: SPECTRUM NEWS 1 OHIO ᴴᴰ	Spectrum News 1 Ohio HD [US]	dummy			0		
US: SPECTRUM NEWS 1 PITTSFIELD ᴴᴰ	Spectrum News 1 Pittsfield HD [US]	dummy			0		
US: SPECTRUM NEWS 1 RALEIGH ᴴᴰ	Spectrum News 1 Raleigh HD [US]	dummy			0		
US: SPECTRUM NEWS 1 ROCHESTER ᴴᴰ	Spectrum News 1 Rochester HD [US]	dummy			0		
US: SPECTRUM NEWS 1 ROTX ᴴᴰ	Spectrum News 1 Rotx HD [US]	token	provider_13	SpectrumNews13.us	54	76cf1f0f72	Live: News All Day on News 13 | Live: News 13 Your Evening News at 5 | Live: News 13 Your Evening News at 6
US: SPECTRUM NEWS 1 SOUTHERN TIER ᴴᴰ	Spectrum News 1 Southern Tier HD [US]	token	provider_13	SpectrumNews13.us	54	76cf1f0f72	Live: News All Day on News 13 | Live: News 13 Your Evening News at 5 | Live: News 13 Your Evening News at 6
US: SPECTRUM NEWS 1 SPRINGFIELD ᴴᴰ	Spectrum News 1 Springfield HD [US]	token	provider_13	SpectrumNews13.us	54	76cf1f0f72	Live: News All Day on News 13 | Live: News 13 Your Evening News at 5 | Live: News 13 Your Evening News at 6
US: SPECTRUM NEWS 1 WORCESTER ᴴᴰ	Spectrum News 1 Worcester HD [US]	token	provider_13	SpectrumNews13.us	54	76cf1f0f72	Live: News All Day on News 13 | Live: News 13 Your Evening News at 5 | Live: News 13 Your Evening News at 6
US: SPECTRUM NEWS 1 ᴴᴰ	Spectrum News 1 HD [US]	dummy			0		
US: SPECTRUM NEWS 13 ᴴᴰ	Spectrum News 13 HD [US]	dummy			0		
US: SPECTRUM NEWS AUSTIN ᴴᴰ	Spectrum News Austin HD [US]	rescue-token	US2	Spectrum.News+.us2	98	9848488ead	Live: Your News on Spectrum News Plus | Live: Your Morning on Spectrum News | Live: Your News All Morning on Spectrum News Plus
US: SPECTRUM NEWS MO ST LOUIS- IP ᴴᴰ	Spectrum News Mo St Louis- Ip HD [US]	dummy			0		
US: SPECTRUM NEWS NY1 HD	Spectrum News NY1 HD [US]	dummy			0		
US: SPECTRUM NEWS NY1 ᴴᴰ	Spectrum News NY1 HD [US]	dummy			0		
US: SPECTRUM NEWS SAN ANTONIO ᴴᴰ	Spectrum News San Antonio HD [US]	dummy			0		
US: SPECTRUM OC16 ᴴᴰ	Spectrum OC16 HD [US]	rescue-token	US_LOCALS1	Spectrum.OC16.us_locals1	189	c5b4d315bb	Cooking Hawaiian Style | Hawaii Skin Diver | Sports People Hawaii
US: SPECTRUM SPORTS 1 ᴴᴰ	Spectrum Sports 1 HD [US]	dummy			0		
US: SPECTRUM SPORTS 2 ᴴᴰ	Spectrum Sports 2 HD [US]	dummy			0		
US: SPECTRUM XCAST 2 ᴴᴰ	Spectrum Xcast 2 HD [US]	dummy			0		
US: SPECTRUM XCAST 3 ᴴᴰ	Spectrum Xcast 3 HD [US]	dummy			0		
US: SPECTRUM XCAST ᴴᴰ	Spectrum Xcast HD [US]	dummy			0		
US: SPIKE HD	Spike HD [US]	dummy			0		
US: SPORTSMAN CHANNEL HD	Sportsman Channel HD [US]	norm-name	provider_3	35c1ba7e-1007-4171-a7a1-a04912e8149f	241	b000226689	Realtree's Monster Bucks | Night Crew | Canada in the Rough
US: SPORTSNET LA LAKERS HD	Sportsnet La Lakers HD [US]	dummy			0		
US: STADIUM 1 HD	Stadium 1 HD [US]	dummy			0		
US: STADIUM 2 HD	Stadium 2 HD [US]	dummy			0		
US: STADIUM 3 HD	Stadium 3 HD [US]	dummy			0		
US: STADIUM HD	Stadium HD [US]	norm-name	provider_11	Stadium.us@SD	0		
US: Sport Stak	Sport Stak [US]	dummy			0		
US: TBS HD	Tbs HD [US]	dummy			0		
US: TBS WEST	Tbs West [US]	norm-name	provider_3	385801f7-606a-457d-8116-e1a73cf77484	190	1f6a752f47	The Office | Modern Family | Young Sheldon
US: TCM HD	Tcm HD [US]	dummy			0		
US: TEEN NICK	Teen Nick [US]	norm-name	provider_3	d920e05c-e03f-449c-962a-a16bea9fb5a3	276	6ff13b116e	The Loud House | Henry Danger
US: TENNIS CHANNEL PLUS 1	Tennis Channel Plus 1 [US]	dummy			0		
US: TENNIS CHANNEL PLUS 10	Tennis Channel Plus 10 [US]	dummy			0		
US: TENNIS CHANNEL PLUS 11	Tennis Channel Plus 11 [US]	dummy			0		
US: TENNIS CHANNEL PLUS 12	Tennis Channel Plus 12 [US]	dummy			0		
US: TENNIS CHANNEL PLUS 2	Tennis Channel Plus 2 [US]	token	provider_3	2ad8b4d0-8c6f-4360-84e5-79f5f1874aee	40	8d83c384ff	2026 HSBC Championships Tennis | ATP Tour This Week | ATP Encore
US: TENNIS CHANNEL PLUS 3	Tennis Channel Plus 3 [US]	dummy			0		
US: TENNIS CHANNEL PLUS 4	Tennis Channel Plus 4 [US]	dummy-forced			0		
US: TENNIS CHANNEL PLUS 5	Tennis Channel Plus 5 [US]	dummy			0		
US: TENNIS CHANNEL PLUS 6	Tennis Channel Plus 6 [US]	dummy			0		
US: TENNIS CHANNEL PLUS 7	Tennis Channel Plus 7 [US]	dummy			0		
US: TENNIS CHANNEL PLUS 8	Tennis Channel Plus 8 [US]	dummy-forced			0		
US: THE FIRST HD	The First HD [US]	norm-name	provider_3	80c25768-273c-4298-a307-a6255e60cf7f	121	a137026c43	Keeping It Real W/jillian Michaels & Blaire White | I'm Right...With Jesse Kelly | The Sean Spicer Show
US: THE MASTERS - AMEN CORNER (FIRST ROUND)	The Masters - Amen Corner (First Round) [US]	token	provider_3	80c25768-273c-4298-a307-a6255e60cf7f	121	a137026c43	Keeping It Real W/jillian Michaels & Blaire White | I'm Right...With Jesse Kelly | The Sean Spicer Show
US: THE MASTERS - CBS COVERAGE	The Masters - CBS Coverage [US]	dummy			0		
US: THE MASTERS - FEATURED GROUPS (FIRST ROUND)	The Masters - Featured Groups (First Round) [US]	token	provider_3	80c25768-273c-4298-a307-a6255e60cf7f	121	a137026c43	Keeping It Real W/jillian Michaels & Blaire White | I'm Right...With Jesse Kelly | The Sean Spicer Show
US: THE MASTERS - HOLES 15 & 16 (FIRST ROUND)	The Masters - Holes 15 & 16 (First Round) [US]	dummy			0		
US: THE MASTERS - SKY GOLF	The Masters - Sky Golf [US]	dummy			0		
US: THE MASTERS - SKY NEW ZEALAND	The Masters - Sky New Zealand [US]	dummy			0		
US: THE VICTORY CHANNEL HD	The Victory Channel HD [US]	rescue-token	US2	Victory.Channel.us2	180	d7cabd63d1	Victory News | Unclassified | Bill Winston: Believers Walk of Faith
US: TLC HD	TLC HD [US]	rescue-token	US2	TLC.HD.(US).us2	101	054dbeb507	Baylen Out Loud | Welcome to Plathville | Little Singles
US: TLC WEST	TLC West [US]	rescue-token	US2	TLC.HD.(US).us2	101	054dbeb507	Baylen Out Loud | Welcome to Plathville | Little Singles
US: TNT 4K	TNT 4K [US]	dummy			0		
US: TNT EAST 4K	TNT East 4K [US]	norm-name	provider_11	TNT.us@East	0		
US: TRT WORLD HD	Trt World HD [US]	token	UK1	TRT.World.HD.uk	186	c19ded4ca0	News | Africa Matters | Newsfeed
US: TSN SPORT 2 HD	Tsn Sport 2 HD [US]	dummy			0		
US: TSN SPORT 3 HD	Tsn Sport 3 HD [US]	dummy			0		
US: TSN SPORT 4 HD	Tsn Sport 4 HD [US]	dummy			0		
US: TSN SPORT 5 HD	Tsn Sport 5 HD [US]	dummy			0		
US: TUDN EXTRA 1 ᴿᴬᵂ	Tudn Extra 1 RAW [US]	dummy			0		
US: TUDN EXTRA 10 ᴿᴬᵂ	Tudn Extra 10 RAW [US]	dummy			0		
US: TUDN EXTRA 11 ᴿᴬᵂ	Tudn Extra 11 RAW [US]	dummy			0		
US: TUDN EXTRA 2 ᴿᴬᵂ	Tudn Extra 2 RAW [US]	dummy			0		
US: TUDN EXTRA 3 ᴿᴬᵂ	Tudn Extra 3 RAW [US]	dummy			0		
US: TUDN EXTRA 4 ᴿᴬᵂ	Tudn Extra 4 RAW [US]	dummy			0		
US: TUDN EXTRA 5 ᴿᴬᵂ	Tudn Extra 5 RAW [US]	dummy			0		
US: TUDN EXTRA 6 ᴿᴬᵂ	Tudn Extra 6 RAW [US]	dummy			0		
US: TUDN EXTRA 7 ᴿᴬᵂ	Tudn Extra 7 RAW [US]	dummy			0		
US: TUDN EXTRA 8 ᴿᴬᵂ	Tudn Extra 8 RAW [US]	dummy			0		
US: TUDN EXTRA 9 ᴿᴬᵂ	Tudn Extra 9 RAW [US]	dummy			0		
US: TVG NETWORK	Tvg Network [US]	dummy			0		
US: TVG NETWORK 2	Tvg Network 2 [US]	dummy			0		
US: UFC HD	UFC HD [US]	dummy			0		
US: US ABC 12 (WJRT) FLINT / SAGINAW/BAY CITY HD	Us ABC 12 (WJRT) Flint / Saginaw/Bay City HD [US]	callsign	US_LOCALS1	WJRT-DT.us_locals1	119	2dd8767a9a	Nightline | Justice With Judge Mablean | Comics Unleashed With Byron Allen
US: VICELAND HD	Viceland HD [US]	norm-name	provider_7	au#3016/viceland-hd	0		
US: WORLD FISHING NETWORK HD	World Fishing Network HD [US]	norm-name	US2	World.Fishing.Network.HD.(US).us2	186	50bd626ee7	Texas Team Trail | Power-Pole National Redfish Tour | Legends of Rod & Reel
US: WTRF Wheeling WV 7 HD	Wtrf Wheeling Wv 7 HD [US]	dummy			0		
US: YAHOO SPORTS NETWORK ᴿᴬᵂ	Yahoo Sports Network RAW [US]	dummy			0		
US: Z CLASSIC	Z Classic [US]	dummy			0		
US:CBS 19 CLEVELAND OH (WOIO)	CBS 19 Cleveland Oh (WOIO) [US]	callsign	US_LOCALS1	WOIO-LD.us_locals1	124	b489c79b86	Funny You Should Ask | Aging Untold | CBS News Roundup
USANetwork.us	USA Network 4K [US]	direct	provider_13	USANetwork.us	34	35b39d2c60	Chicago P.D. | 9-1-1 | Live: WNBA Wednesdays on USA - Pregame
UTV.uk	Utv 4K [UK]	direct	provider_13	UTV.uk	67	d94260cfe0	Good Morning Britain | Lorraine | This Morning
Uk: ITV Channel Islands 4K ◉	ITV Channel Islands 4K [UK]	dummy			0		
UpliftingEntertainment.us	Up TV HD [US]	direct	provider_13	UpliftingEntertainment.us	68	5f9af9974b	Heartland | The Mary Tyler Moore Show | Reba
VH1.us	English: VH1 HD	direct	provider_13	VH1.us	70	daddc83c09	Nick Cannon Presents: Wild 'n Out | Flip Side | Basketball Wives
VIP: LALIGA TV ᴿᴬᵂ	Laliga TV RAW [VIP]	dummy			0		
VIP: LFC TV ᴴᴰ	Lfc TV HD [VIP]	norm-name	provider_5	1618/lfc-tv	0		
VIP: LFC TV ᴿᴬᵂ	Lfc TV RAW [VIP]	norm-name	provider_5	1618/lfc-tv	0		
VIP: MUTV ᴴᴰ	Mutv HD [VIP]	norm-name	provider_5	MUTV.uk@SD	0		
VIP: PREMIER SPORT 1 ᴿᴬᵂ	Premier Sport 1 RAW [VIP]	norm-name	provider_13	premiersports1.uk	42	a821bf221b	NHL Tonight | Sporting Greats | Mass Participation
VIP: SKY SPORTS + ᴿᴬᵂ	Sky Sports + RAW [VIP]	rescue-token	provider_13	skysportsplus.uk	34	e04342cc68	ICC Women's T20 World Cup | World Cup Matchday | World Cup Report
VIP: SKY SPORTS + ᴿᴬᵂ ʰᵉᵛᶜ	Sky Sports + RAW HEVC [VIP]	rescue-token	provider_13	skysportsplus.uk	34	e04342cc68	ICC Women's T20 World Cup | World Cup Matchday | World Cup Report
VIP: SKY SPORTS + ᴿᴬᵂ ᴿᴬᵂ	Sky Sports + RAW RAW [VIP]	rescue-token	provider_13	skysportsplus.uk	34	e04342cc68	ICC Women's T20 World Cup | World Cup Matchday | World Cup Report
VIP: SKY SPORTS 1 ⁴ᵏ & ³⁸⁴⁰ᴾ	Sky Sports 1 4K & 3840p [VIP]	dummy-forced			0		
VIP: SKY SPORTS 2 ⁴ᵏ & ³⁸⁴⁰ᴾ	Sky Sports 2 4K & 3840p [VIP]	dummy-forced			0		
VIP: TNT SPORTS ULTIMATE ⁴ᵏ & ³⁸⁴⁰ᴾ	TNT Sports Ultimate 4K & 3840p [VIP]	rescue-token	UK1	TNT.Sports.Ultimate.HD.uk	10	2c98ff12c5	This Is TNT Sports Ultimate | Live: The Gallagher PREM | TNT Sports Ultimate Reload
ViaplaySports1.uk	Viaplay Sports 1 HD [UK]	dummy			0		
ViaplaySports2.uk	Viaplay Sport 2 HD [UK]	dummy			0		
W.uk	Quest Red +1 [UK]	rescue-token	UK1	Quest.Red+1.uk	107	cfffc070da	Murder On CCTV | Forensic Detectives | Teleshopping
WACH.us	FOX 57 (WACH) Columbia HD [US]	direct	provider_13	WACH.us	55	bb333a7a42	Judge Mathis | The People's Court | Maury
WAFB.us	CBS (WAFB) Baton Rouge HD [US]	direct	provider_13	WAFB.us	61	d858c35537	WAFB 9 News at 9 | The Price Is Right | The Young and the Restless
WALA.us	FOX 10 HD [Mobile] [US]	direct	provider_13	WALA.us	63	37e5fa1dcf	FOX 10 News at 8AM | Studio Ten | Live: FIFA World Cup Live
WBKI.us	CW 58 HD [Louisville] [US]	direct	provider_13	WBKI.us	78	110f6fd6e1	Crime Exposé With Nancy O'Dell | The 700 Club | Good Morning Football: Overtime
WBND.us	ABC 57 (WBND) South Bend [US]	direct	provider_13	WBND.us	64	72d624624b	Live with Kelly and Mark | The Drew Barrymore Show | The View
WCAX.us	CBS 3 (WCAX) Burlington HD [US]	direct	provider_13	WCAX.us	67	6c18150640	Aging Untold | InvestigateTV+ | The Perfect Line
WCBS.us	CBS News [US]	direct	provider_13	WCBS.us	71	054c9a348d	The Drew Barrymore Show | Let's Make a Deal | The Price Is Right
WCHSDT2.us	FOX 11 (WVAH) Charleston HD [US]	direct	provider_13	WCHSDT2.us	58	eaee4e037f	Live: The National News Desk | Cutlers Court | The People's Court
WDAF.us	FOX 4 (WDAF) Kansas City HD [US]	direct	provider_13	WDAF.us	54	3af5aa6677	FOX 4 News at 9AM | Live with Kelly and Mark | Live: FIFA World Cup Live
WDBD.us	FOX 40 (WDBD) Jackson HD [US]	direct	provider_13	WDBD.us	57	96ac212628	Fox 40 Morning News | The Jennifer Hudson Show | Judge Mathis
WDEF.us	CBS 12 (WDEF) Chattanooga HD [US]	direct	provider_13	WDEF.us	67	30cc2cf024	The 700 Club | Let's Chatt | The Allon Exchange
WDRB.us	FOX 41 (WDRB) Louisville HD [US]	direct	provider_13	WDRB.us	52	59a1a8f909	WDRB Mornings at 9 | Live with Kelly and Mark | Tamron Hall
WEVV.us	CBS 44 (WEVV) Evansville HD [US]	direct	provider_13	WEVV.us	61	9856caeb6e	The Perfect Line | The Price Is Right | The Young and the Restless
WFAA.us	ABC 8 (WFAA) Dallas HD [US]	direct	provider_13	WFAA.us	62	490299e39f	Good Morning Texas | The View | Midday News
WFFF.us	FOX 44 (WFFF) Burlington HD [US]	direct	provider_13	WFFF.us	59	472ca2caa5	The People's Court | Judge Mathis | Natural Blood Pressure Management
WFLD.us	FOX 32 (WFLD) Chicago HD [US]	direct	provider_13	WFLD.us	49	c33d73aae7	Good Day Chicago | Live: FIFA World Cup Live | Live: FIFA World Cup 2026
WFLX.us	FOX 29 (WFLX) West Palm Beach HD [US]	direct	provider_13	WFLX.us	70	0ed0524a31	FOX 29 Morning News at 8:30 | South Florida Daily | Aging Untold
WFMY.us	CBS 2 (WFMY) Greensboro HD [US]	direct	provider_13	WFMY.us	59	a9f070cdc2	WFMY News 2 Mornings at 9am | Let's Make a Deal | The Price Is Right
WFOX.us	FOX 30 (WFOX) Jacksonville HD [US]	direct	provider_13	WFOX.us	65	09aa389c3b	Family Feud Favorites | Hearts of Heroes | Crime Exposé With Nancy O'Dell
WFSB.us	CBS Hartford (WFSB) [US]	direct	provider_13	WFSB.us	71	5fc5ebde77	Great Day at 9 | InvestigateTV+ | Let's Make a Deal
WFXT.us	FOX 25 (WFXT) Boston HD [US]	direct	provider_13	WFXT.us	51	187a451096	Live: Boston 25 Morning News at 9AM | Live: Boston 25 Morning News at 10AM | Live: Boston 25 Morning News at 11AM
WGN.us	WGN9 [US]	direct	provider_13	WGN.us	62	c40321360e	Live: WGN Morning News | Daytime Chicago | Live: WGN Midday News
WHAM.us	ABC 13 (WHAM) Rochester [US]	direct	provider_13	WHAM.us	58	8e37397607	The Jennifer Hudson Show | The Drew Barrymore Show | The View
WHAS.us	ABC 11 Louisville Ky (WHAS) HD [US]	direct	provider_13	WHAS.us	56	322b5b29de	Great Day Live! | Access Daily With Mario & Kit | The View
WHBQ.us	FOX 13 (WHBQ) Memphis HD [US]	direct	provider_13	WHBQ.us	60	85e5ae1db0	Good Morning Memphis 8am LIVE | Good Morning Memphis 9am LIVE | Sherri
WHIO.us	CBS 7 (WHIO) Dayton HD [US]	direct	provider_13	WHIO.us	69	ae6bd24254	Live with Kelly and Mark | Flip Side | The Perfect Line
WIAT.us	CBS 42 Birmingham Al (WIAT) HD [US]	direct	provider_13	WIAT.us	63	1834be863e	The Perfect Line | The Price Is Right | The Young and the Restless
WILLX.us	Willow Cricket Extra HD [US]	direct	provider_13	WILLX.us	49	3f0c976906	Cricket Highlights | Live: Cricket Preview | Live: 2026 ICC Women's T20 Cricket World Cup
WISC.us	CBS 3 (WISC) Madison HD [US]	direct	provider_13	WISC.us	63	683f08ad5d	News 3 Now This Morning | The Price Is Right | The Young and the Restless
WIVB.us	CBS 4 (#) Buffalo HD [US]	direct	provider_13	WIVB.us	67	3083f0a1cf	The Drew Barrymore Show | Let's Make a Deal | The Price Is Right
WJAX.us	CBS 47 (WJAX) Jacksonville HD [US]	direct	provider_13	WJAX.us	69	b68590ba28	The Drew Barrymore Show | Let's Make a Deal | The Price Is Right
WJBK.us	FOX 2 (WJBK) Detroit HD [US]	direct	provider_13	WJBK.us	41	08e92d55e6	FOX 2 News Morning: Good Morning Detroit | Live: FIFA World Cup Live | Live: FIFA World Cup 2026
WJW.us	FOX 8 (WJW) Cleveland HD [US]	direct	provider_13	WJW.us	52	de05ce5c62	Fox 8 News at 9:00am | New Day Cleveland | Live: FIFA World Cup Live
WKMGDT2.us	Dabl [US]	direct	provider_13	WKMGDT2.us	51	206e7615d9	Paid Programming | Dateline | Unsolved Mysteries
WLKY.us	CBS 32 (WLKY) Louisville HD [US]	direct	provider_13	WLKY.us	61	69e880aa2c	WLKY News at 9:00AM | Let's Make a Deal | The Price Is Right
WLNS.us	CBS 6 (WLNS) Lansing HD [US]	direct	provider_13	WLNS.us	67	09be77706c	Paid Programming | Flip Side | Let's Make a Deal
WLS.us	ABC 7 (WLS) Chicago HD [US]	direct	provider_13	WLS.us	60	670c4419a3	Live with Kelly and Mark | The View | ABC7 Eyewitness News at 11am
WLUK.us	FOX 11 (WLUK) Green Bay HD [US]	direct	provider_13	WLUK.us	44	caf44fab3c	Live with Kelly and Mark | Fox 11 Living | Live: FIFA World Cup Live
WLVI.us	CW 56 HD [Boston] [US]	direct	provider_13	WLVI.us	72	d0ea56759a	The Steve Wilkos Show | Good Morning Football: Overtime | In Depth With Graham Bensinger
WMC.us	NBC 5 Memphis Tn (WMC) HD [US]	direct	provider_13	WMC.us	66	574ee03cb8	Today 3rd Hour | Today With Jenna & Sheinelle | Action News 5 Midday
WNJU.us	Telemundo 47 Ny (WNJU) [US]	scrubbed-lang	provider_13	WNJU.us	0		
WNLO.us	CW 23 Buffalo Ny (WNLO) [US]	direct	provider_13	WNLO.us	66	b8f1291b82	Wake Up 9am | Daytime Buffalo | Tribunal Justice
WNUV.us	CW 54 HD [Baltimore] [US]	direct	provider_13	WNUV.us	80	a270ebef88	Ready for a safer shower? Enjoy a one-day bath remodel with Jacuzzi. | Hot Bench | Judy Justice
WPCW.us	CW Pittsburgh [US]	direct	provider_13	WPCW.us	76	3bf1b343a2	Cutlers Court | The 700 Club | Hot Bench
WPEC.us	CBS 12 (WPEC) West Palm Beach HD [US]	direct	provider_13	WPEC.us	69	b7b4e6b5fc	ARC Florida at 9am | ARC Florida at 9:30am | Let's Make a Deal
WPRI.us	CBS 12 (WPRI) Providence HD [US]	direct	provider_13	WPRI.us	65	4d13c3daa4	Live: The Rhode Show | Let's Make a Deal | The Price Is Right
WPSG.us	CW 57 [Philadelphia] [US]	direct	provider_13	WPSG.us	90	952655c6cd	Crime Exposé With Nancy O'Dell | Hot Bench | America's Court With Judge Ross
WREG.us	CBS 3 (WREG) Memphis HD [US]	direct	provider_13	WREG.us	67	67fb00756c	WREG News Channel 3 Live at 9 | The Price Is Right | The Young and the Restless
WRLH.us	FOX 35 (WRLH) Richmond HD [US]	direct	provider_13	WRLH.us	60	f66dac5d28	The National News Desk | Live with Kelly and Mark | 25 Words or Less
WROC.us	CBS 8 (WROC) Rochester HD [US]	direct	provider_13	WROC.us	67	bbc3e74b4f	The Perfect Line | Let's Make a Deal | The Price Is Right
WSCV.us	Telemundo 51 Miami (WSCV) [US]	scrubbed-lang	provider_13	WSCV.us	0		
WSFL.us	CW 39 HD [Miami] [US]	direct	provider_13	WSFL.us	88	8d8c621086	Justice for All With Judge Cristina Pérez | News Features | Judge Mathis
WSYM.us	FOX 47 (WSYM) Lansing HD [US]	direct	provider_13	WSYM.us	57	5d4d8992d3	Live with Kelly and Mark | The Kelly Clarkson Show | The Drew Barrymore Show
WTAT.us	FOX 24 (WTAT) Charleston HD [US]	direct	provider_13	WTAT.us	62	23b94e509e	Judge Judy | America's Court With Judge Ross | Justice With Judge Mablean
WTIC.us	FOX 61 Hartford (WTIC) HD [US]	direct	provider_13	WTIC.us	51	9c12de5c7d	FOX 61 Morning News | Good Morning Football: Overtime | Live: FIFA World Cup Live
WTNZ.us	FOX 43 (WTNZ) Knoxville HD [US]	direct	provider_13	WTNZ.us	54	13f97a6aa8	The 700 Club | Sherri | The Jennifer Hudson Show
WTOC.us	CBS 11 Savannah Ga (WTOC) HD [US]	direct	provider_13	WTOC.us	63	d5dca40398	WTOC Morning Break | Let's Make a Deal | The Price Is Right
WTOL.us	CBS 11 (WTOL) Toledo HD [US]	direct	provider_13	WTOL.us	61	79323273fb	WTOL 11 Good Day | Let's Make a Deal | The Price Is Right
WTTE.us	FOX 28 (WTTE) Columbhd [US]	direct	provider_13	WTTE.us	59	db8e2fa86b	Live: Good Day Columbus 9AM | Live: Good Day Extra | Judge Judy
WTTV.us	CBS 4 (WTTV) Indianapolis HD [US]	direct	provider_13	WTTV.us	63	e8dbe131ad	Indy Now | Let's Make a Deal | The Price Is Right
WTVA.us	ABC Good Morning America [US]	dummy-forced			0		
WUPW.us	FOX 36 (WUPW) Toledo HD [US]	direct	provider_13	WUPW.us	55	22a72521c6	Live with Kelly and Mark | Access Daily With Mario & Kit | Justice for the People With Judge Milian
WUTV.us	FOX 29 [US]	direct	provider_13	WUTV.us	64	5a6f718670	Mathis Court With Judge Mathis | The 700 Club | Judge Mathis
WVBT.us	FOX 43 (WVBT) Virginia Beach HD [US]	direct	provider_13	WVBT.us	56	fa805f33dc	The 700 Club | People Puzzler | Scrambled Up
WVLT.us	CBS 8 (WVLT) Knoxville HD [US]	direct	provider_13	WVLT.us	63	6227d2164b	WVLT News at 9a | Let's Make a Deal | The Price Is Right
WVNY.us	ABC 22 Burlington HD [US]	direct	provider_13	WVNY.us	64	06c06469aa	The Drew Barrymore Show | Ready for a safer shower? Enjoy a one-day bath remodel with Jacuzzi. | Paid Programming
WVTM.us	NBC 13 Birmingham Al (WVTM) HD [US]	direct	provider_13	WVTM.us	58	352762500a	Today 3rd Hour | Today With Jenna & Sheinelle | WVTM 13 News at 11a
WWBT.us	NBC 12 Richmond Va (WWBT) HD [US]	direct	provider_13	WWBT.us	64	506a89c254	Today 3rd Hour | Today With Jenna & Sheinelle | 12 News Midday
WWE.us	Wwe Live HD [UK]	dummy			0		
WWHO.us	CW 53 HD [Columbus] [US]	direct	provider_13	WWHO.us	75	c7e4c4add5	The National News Desk | Divorce Court | Cutlers Court
WWJ.us	CBS 62 (WWJ) Detroit HD [US]	direct	provider_13	WWJ.us	67	edcbbaff1f	CBS News Detroit at 9am | Let's Make a Deal | The Price Is Right
WWL.us	CBS 4 (WWL) New Orleans HD [US]	direct	provider_13	WWL.us	67	fb435f083d	Great Day Louisiana | The Price Is Right | The Young and the Restless
WWMT.us	CBS 3 (WWMT) Kalamazoo HD [US]	direct	provider_13	WWMT.us	63	611ad53e26	Live with Kelly and Mark | Let's Make a Deal | The Price Is Right
WWTV.us	CBS 9 (WWTV) Cadillac HD [US]	direct	provider_13	WWTV.us	67	fe97587787	Good Day Northern Michigan | Live with Kelly and Mark | The Price Is Right
WXCW.us	CW 46 HD [Fort Myers] [US]	direct	provider_13	WXCW.us	64	8ebb27bb4f	Modern Family | Young Sheldon | Good Morning Football: Overtime
WXMI.us	FOX 17 (WXMI) Grand Rapids HD [US]	direct	provider_13	WXMI.us	48	fcfd370862	FOX 17 Morning News | FOX 17 Morning Mix | The Drew Barrymore Show
WXTX.us	FOX 54 (WXTX) Columbus Ga HD [US]	direct	provider_13	WXTX.us	65	d6e9f6acaf	Equal Justice With Judge Eboni K. Williams | Judge Judy | Tribunal Justice
WXXA.us	FOX 23 (WXXA) Albany HD [US]	direct	provider_13	WXXA.us	63	7f72b92cff	The People's Court | Tribunal Justice | Judge Mathis
WZDX.us	FOX 54 (WZDX) Huntsville HD [US]	direct	provider_13	WZDX.us	60	c908b5b829	Scrambled Up | TMZ | Extra
WZTVDT2.us	CW 58 [Nashville] [US]	direct	provider_13	WZTVDT2.us	78	88be585a74	Natural Blood Pressure Management | Paid Programming | Scrambled Up
WeTV.us	We TV HD [US]	direct	provider_13	WeTV.us	56	b10eea2dd4	Overwhelmed with IRS Debt? Keys to Resolving Tax Debt | Blue Bloods | NCIS
WillowCricket.us	Willow Cricket [US]	direct	provider_13	WillowCricket.us	43	26a6f51f98	Live: Cricket Review | Live: 2026 ICC Women's T20 Cricket World Cup | Live: Cricket Preview
YESNetwork.us	Yes Network HD [US]	direct	provider_13	YESNetwork.us	47	37ce8d1552	MLB Baseball | Yankees Classics | Yankeeography: Moments of Glory
Yesterday.uk	Yesterday [UK]	alias	UK1	U.and.YESTERDAY.uk	89	24274c381d	Find It, Fix It, Flog It | Our Guy in Japan | Teleshopping
abc26wgno.us	ABC 26 HD [New Orleans] [US]	direct	provider_13	abc26wgno.us	60	e969a91abf	Live with Kelly and Mark | The View | WGNO News at 11AM
alibi.uk	Alibi RAW [NOW]	direct	provider_13	alibi.uk	46	27d801e7f8	Murdoch Mysteries | The Mentalist | Hudson & Rex
animalplanet.us	Animal Planet HD [US]	direct	provider_13	animalplanet.us	44	d79f76d92c	The Vet Life | My Cat From Hell | Naked and Afraid
arenaesport.rs	Arena Esport RAW [SR]	dummy			0		
arenafight.rs	Arena Fight RAW [SR]	dummy			0		
arenapremium1.rs	Arena Premium 1 RAW [SR]	dummy			0		
arenapremium2.rs	Arena Premium 2 RAW [SR]	dummy			0		
arenapremium3.rs	Arena Premium 3 RAW [SR]	dummy			0		
arenasport1.ba	Arena Sport 1 RAW [BH]	scrubbed-lang	provider_13	arenasport1.ba	0		
arenasport10.rs	Arena Sport 10 RAW [SR]	dummy			0		
arenasport1x2.rs	Arena Sport 1 RAW [SR]	dummy			0		
arenasport2.ba	Arena Sport 2 RAW [BH]	direct	provider_13	arenasport2.ba	30	f90f6135f0	Autoshop magazin | Playoff
arenasport3.ba	Arena Sport 3 RAW [BH]	direct	provider_13	arenasport3.ba	24	452b47a765	Lokomotiva - Dinamo | Hajduk - Rijeka | Vojvodina - Partizan
arenasport4.ba	Arena Sport 4 RAW [BH]	direct	provider_13	arenasport4.ba	24	4500b48ef2	Lyon - Lille | Marseille - Lens | PSG - Monaco
arenasport5.ba	Arena Sport 5 RAW [BH]	direct	provider_13	arenasport5.ba	49	e53eef66c8	Japan Live stage 5 | Saudijska Arabija Live stage 1 | Japan Live stage 1
arenasport6.ba	Arena Sport 6 RAW [BH]	direct	provider_13	arenasport6.ba	42	dce362a8d7	Playoff | Sporting Rivalries | Boston Red Sox - Toronto Blue Jays
arenasport6.rs	Arena Sport 6 RAW [SR]	dummy			0		
arenasport7.rs	Arena Sport 7 RAW [SR]	dummy			0		
arenasport8.rs	Arena Sport 8 RAW [SR]	dummy			0		
arenasport9.rs	Arena Sport 9 RAW [SR]	dummy			0		
arenasportpremium1.ba	Arena Premium 1 RAW [BH]	scrubbed-lang	provider_13	arenasportpremium1.ba	0		
arenasportpremium2.ba	Arena Premium 2 RAW [BH]	direct	provider_13	arenasportpremium2.ba	32	6ce71846a4	Sportske igre mladih | Uživo: Francuska - Brazil | Atalanta - Napoli
arenasportpremium3.ba	Arena Premium 3 RAW [BH]	scrubbed-lang	provider_13	arenasportpremium3.ba	0		
bbc1.uk	BBC 1 HD [UK]	direct	provider_13	bbc1.uk	53	5e2cdd7dcc	BBC London News | BBC News at One | Policing Paradise
beINSports.qa	beIN Sports Global HD [8K]	direct	provider_13	beINSports.qa	28	340a42bf16	Paris vs Aix - LNH Division 1 - French Handball Starligue | T100 Triathlon Aspin 2026 – San Francisco Round | Poitiers vs Ajaccio - Marmara Spike ligue Volleyball - 2026
beINSports.us	beIN Sports HD [US]	bein-override	bein-epg	beINSports.qa@MENA	57	6a1b2da642	Al Duhail vs Al Wakrah  -  Qatar Stars League 2025/26 | Nimes vs Saint - Raphael | Paris vs Aix  -  LNH Division 1
beINSports1.qa	beIN Sports 1 HD [8K]	bein-override	bein-epg	beINSports1.qa@MENA	61	ae467e621a	Ligue 1  -  Film of the Season : Destiny | Paris Saint - Germain vs Arsenal | PSG Arrival To Paris After Won UCL 2026
beINSports1En.qa	beIN Sports 1 English HD [UK]	bein-override	bein-epg	beINSports1En.qa@MENA	121	8f22f4b6a0	EN French Ligue 1 Highlights 2025/26 Season Review | This is Paris 2025/26 Ep.40 | 🔴 LIVE: TOR vs BOS  -  MLB
beINSports2.qa	beIN Sports 2 HD [8K]	bein-override	bein-epg	beINSports2.qa@MENA	60	3acf758643	Brentford vs Manchester United  -  English Premier League 2025/2026 Week 6 | Manchester City vs Burnley  -  English Premier League 2025/2026 Week 6 | Crystal Palace vs Liverpool  -  English Premier League 2025/2026 Week 6
beINSports2En.qa	beIN Sports 2 English HD [UK]	bein-override	bein-epg	beINSports2.qa@MENA	60	b50ff308ba	Brentford vs Manchester United  -  English Premier League 2025/2026 Week 6 | Manchester City vs Burnley  -  English Premier League 2025/2026 Week 6 | Crystal Palace vs Liverpool  -  English Premier League 2025/2026 Week 6
beINSports3.qa	beIN Sports 3 HD [8K]	bein-override	bein-epg	beINSports3.qa@MENA	51	2f76910d0a	Atlético de Madrid vs Rayo Vallecano  -  Spanish LaLiga 2025/26 | Blooming (BOL) vs River Plate (ARG)  -  Conmebol Sudamericana Group Stage | Barcelona (ECU) vs Argentinos Juniors (ARG)  -  Copa Libertadores 2026
beINSports3En.qa	beIN Sports 3 HD	bein-override	bein-epg	beINSports3.qa@MENA	51	2f76910d0a	Atlético de Madrid vs Rayo Vallecano  -  Spanish LaLiga 2025/26 | Blooming (BOL) vs River Plate (ARG)  -  Conmebol Sudamericana Group Stage | Barcelona (ECU) vs Argentinos Juniors (ARG)  -  Copa Libertadores 2026
beINSports4.qa	beIN Sports 4 HD [8K]	bein-override	bein-epg	beINSports4.qa@MENA	73	9f6e31d7d9	Strasbourg vs Brest  -  French Ligue 1 2025/2026 Week 14 | Lorient vs Nice  -  French Ligue 1 2025/2026 Week 14 | World Cup 2026 Amazing Facts  -  Group C (#3)
beINSports4En.qa	beIN Sports 4 HD [US]	bein-override	bein-epg	beINSports4.qa@MENA	73	c83339e867	Strasbourg vs Brest  -  French Ligue 1 2025/2026 Week 14 | Lorient vs Nice  -  French Ligue 1 2025/2026 Week 14 | World Cup 2026 Amazing Facts  -  Group C (#3)
beINSports5.qa	beIN Sports 5 HD [8K]	bein-override	bein-epg	beINSports5.qa@MENA	64	30a8fc3454	Gamba Osaka (JPN) vs Eastern FC (HKG)  -  AFC Champions League Two 2025/2026 | Nam Dinh FC (VIE) vs Ratchaburi FC (THA)  -  AFC Champions League Two 2025/2026 | Al Muharraq SC (BHR) vs Al Wehdat (JOR)  -  AFC Champions League Two 2025/2026
beINSports5En.qa	beIN Sports 5 HD [US]	bein-override	bein-epg	beINSports5.qa@MENA	64	78b9720954	Gamba Osaka (JPN) vs Eastern FC (HKG)  -  AFC Champions League Two 2025/2026 | Nam Dinh FC (VIE) vs Ratchaburi FC (THA)  -  AFC Champions League Two 2025/2026 | Al Muharraq SC (BHR) vs Al Wehdat (JOR)  -  AFC Champions League Two 2025/2026
beINSports6.qa	beIN Sports 6 HD [8K]	direct	provider_13	beINSports6.qa	24	51ed6d1299	Saint Eloi Lupopo vs MC Alger - CAF Champions League 2025/26 MD3 | RSB Berkane vs Pyramids - CAF Champions League 2025/26 MD3 | Espérance de Tunis (TUN) vs Simba SC (TAN) - CAF Champions League 2025/26 MD3
beINSports6En.qa	beIN Sports 6 HD [US]	rescue-token	provider_1	beINSports6.qa@MENA	62	055dbe8f31	🔴 LIVE: Al Hilal SC (SUD) vs Mamelodi Sundowns FC (RSA) - CAF Champions League 2025/26 MD4 | Young Africans (TAN) vs Al Ahly FC (EGY) - CAF Champions League 2025/26 MD4 | Atlético Petroleos (ANG) vs Stade Malien (MLI) - CAF Champions League 2025/26 MD4
beINSports7.qa	beIN Sports 7 HD [8K]	bein-override	bein-epg	beINSports7.qa@MENA	55	7032fbc95a	Alex De Minaur (AUS) vs Denis Shapovalov (CAN)  -  ATP 500 HSBC Championships 2026 | Adrian Mannarino (FRA) vs Arthur Fery (GBR)  -  ATP 500 HSBC Championships 2026 | Jenson Brooksby (USA) vs Francisco Cerundolo (ARG)  -  ATP 500 HSBC Championships 2026
beINSports7En.qa	beIN Sports 7 HD [US]	bein-override	bein-epg	beINSports7.qa@MENA	55	7032fbc95a	Alex De Minaur (AUS) vs Denis Shapovalov (CAN)  -  ATP 500 HSBC Championships 2026 | Adrian Mannarino (FRA) vs Arthur Fery (GBR)  -  ATP 500 HSBC Championships 2026 | Jenson Brooksby (USA) vs Francisco Cerundolo (ARG)  -  ATP 500 HSBC Championships 2026
beINSports8.qa	beIN Sports 8 HD [8K]	direct	provider_13	beINSports8.qa	19	763901c226	Main Race - F1 Barcelona - Catalunya Grand Prix - 2026 | Katerina Siniakova (CZE) Taylor Townsend (USA) vs Anna Danilina (KAZ) Aleksandra Krunic (SRB) - Wome | New York vs San Antonio - NBA Season 2025 - 2026 - Finals 6
beINSports8En.qa	beIN Sports 8 HD	rescue-token	provider_1	beINSports8.qa@MENA	69	9d1dc91cde	Race - Session 7 - 2026 FIA World Endurance Championship - 24H Le Mans Round | Race - Session 8 - 2026 FIA World Endurance Championship - 24H Le Mans Round | Main Race - F1 Barcelona - Catalunya Grand Prix - 2026
beINSports9.qa	beIN Sports 9 HD [8K]	direct	provider_13	beINSports9.qa	3	4579842b61	Longines Global Champions Tour - Cannes  Jumping - Round 1 Competition Team | Longines Global Champions Tour - St Tropez  Jumping - Against The Clock With Jump Off | Longines Global Champions Tour - St Tropez  Jumping - Grand Prix
beINSports9En.qa	beIN Sports 9 HD	rescue-token	provider_1	5C08D9D3-C713-4F1F-947E-87C761428B9B	66	7525048932	Longines Global Champions Tour - St Tropez Jumping - Against The Clock With Jump Off | Longines Global Champions Tour - St Tropez Jumping - Grand Prix | Longines Global Champions Tour - Cannes Jumping - Round 1 Competition Team
beINSportsGlobal.qa	beIN Sports Global SD [8K]	rescue-token	provider_13	beINSports.qa	29	2fc7c2de2e	Paris vs Aix - LNH Division 1 - French Handball Starligue | T100 Triathlon Aspin 2026 – San Francisco Round | Poitiers vs Ajaccio - Marmara Spike ligue Volleyball - 2026
beINSportsNBA.qa	beIN Sports NBA HD	dummy			0		
beINSportsNews.qa	beIN Sports News HD [8K]	direct	provider_13	beINSportsNews.qa	68	3c2b4ee9bc	News Bulletin - Live Studio @10:00 | Al Hassila   - 17/06/26 | World Cup 2026 Review Show
beINSportsXtra1.qa	beIN Sports 1 Xtra HD [8K]	bein-override	bein-epg	beINSportsXtra1.qa@MENA	96	567f14bb15	beIN SPORTS XTRA For Live And Exclusive Coverage of Premium Sporting Events  -  JUN
beINSportsXtra2.qa	beIN Sports 2 Xtra HD [8K]	bein-override	bein-epg	beINSportsXtra2.qa@MENA	96	567f14bb15	beIN SPORTS XTRA For Live And Exclusive Coverage of Premium Sporting Events  -  JUN
beINSportsXtra3.qa	beIN Sports 3 Xtra HD [8K]	direct	provider_13	beINSportsXtra3.qa	48	f30a4a8977	beIN SPORTS XTRA For Live And Exclusive Coverage of Premium Sporting Events - JUN - 2026
beinsports.sg	Hub beIN Sports 1 RAW [SG]	bein-override	bein-epg	beINSports1.qa@MENA	61	7bdbcac730	Ligue 1  -  Film of the Season : Destiny | Paris Saint - Germain vs Arsenal | PSG Arrival To Paris After Won UCL 2026
beinsports2.sg	Hub beIN Sports 2 RAW [SG]	bein-override	bein-epg	beINSports2.qa@MENA	60	b50ff308ba	Brentford vs Manchester United  -  English Premier League 2025/2026 Week 6 | Manchester City vs Burnley  -  English Premier League 2025/2026 Week 6 | Crystal Palace vs Liverpool  -  English Premier League 2025/2026 Week 6
beinsports3.sg	Hub beIN Sports 3 RAW [SG]	bein-override	bein-epg	beINSports3.qa@MENA	51	b460b160fa	Atlético de Madrid vs Rayo Vallecano  -  Spanish LaLiga 2025/26 | Blooming (BOL) vs River Plate (ARG)  -  Conmebol Sudamericana Group Stage | Barcelona (ECU) vs Argentinos Juniors (ARG)  -  Copa Libertadores 2026
beinsports4.sg	Hub beIN Sports 4 RAW [SG]	bein-override	bein-epg	beINSports4.qa@MENA	73	c83339e867	Strasbourg vs Brest  -  French Ligue 1 2025/2026 Week 14 | Lorient vs Nice  -  French Ligue 1 2025/2026 Week 14 | World Cup 2026 Amazing Facts  -  Group C (#3)
beinsports5.sg	Hub beIN Sports 5 RAW [SG]	bein-override	bein-epg	beINSports5.qa@MENA	64	78b9720954	Gamba Osaka (JPN) vs Eastern FC (HKG)  -  AFC Champions League Two 2025/2026 | Nam Dinh FC (VIE) vs Ratchaburi FC (THA)  -  AFC Champions League Two 2025/2026 | Al Muharraq SC (BHR) vs Al Wehdat (JOR)  -  AFC Champions League Two 2025/2026
best4sportlattelecom.lv	BEST4 Sport TV RAW [LV]	scrubbed-lang	provider_13	best4sportlattelecom.lv	0		
best4sporttv2.lv	BEST4 Sport TV-2 RAW [LV]	scrubbed-lang	provider_13	best4sporttv2.lv	0		
boomerang.uk	Boomerang RAW [NOW]	direct	provider_13	boomerang.uk	65	d1f4432983	Baby Lemmings | Grizzy and The Lemmings | Mr Bean: The Animated Series
cartoonnetwork.uk	Cartoon Network RAW [NOW]	rescue-token	provider_8	CartoonNetworkMENA.uk@SD	615	5f8d270310	The Amazing World Of Gumball | Tom and Jerry | The Tom and Jerry Show
cnn.us	Cnn HD [US]	direct	provider_13	cnn.us	45	6dedfc721f	CNN News Central | The Situation Room | Inside Politics With Dana Bash
comedycentral.uk	Comedy Central RAW [NOW]	direct	provider_13	comedycentral.uk	89	8fde200fa2	Friends | Michael McIntyre's Big Show | 8 Out of 10 Cats
espn.nz	Sky ESPN 1 RAW [NZ]	direct	provider_13	espn.nz	41	1fda6f3801	Live: First Take | Live: The Pat McAfee Show | Live: SportsCenter
espn2.nz	Sky ESPN 2 RAW [NZ]	direct	provider_13	espn2.nz	37	be9ea81b3a	Quick Pitch | ESPN FC: World Cup Special | First Take
eurosport.fi	Eurosport 1 RAW [FL]	scrubbed-lang	provider_13	eurosport.fi	0		
eurosport1.rs	Eurosport 1 RAW [SR]	scrubbed-lang	provider_13	eurosport1.rs	0		
eurosport2.fi	Eurosport 2 RAW [FL]	direct	provider_13	eurosport2.fi	32	1bd88a7b32	Golf: PGA Tour, Kanadan Avoimet | EM-kisat - Antony | PTO Tour - San Francisco
eurosport2.rs	Eurosport 2 RAW [SR]	scrubbed-lang	provider_13	eurosport2.rs	0		
fox7wsvn.us	FOX 7 (WSVN) Miami HD [US]	direct	provider_13	fox7wsvn.us	61	5f8ead22a3	Today in Florida News | Sherri | FIFA World Cup Live
foxbusiness.us	FOX Business Network HD [US]	direct	provider_13	foxbusiness.us	60	cc6f5538eb	Varney & Company | The Big Money Show | Making Money With Charles Payne
foxnews.us	FOX News HD [US]	direct	provider_13	foxnews.us	48	c1183698a1	America's Newsroom | The Faulkner Focus | Outnumbered
fyi.us	Fyi HD [US]	direct	provider_13	fyi.us	70	11f08f7ef6	Flipping Vegas | Tiny House Nation | The Aging Brain
gold.uk	Gold RAW [NOW]	direct	provider_13	gold.uk	66	efdc91a581	Dad's Army: The Animations | Ever Decreasing Circles | Are You Being Served?
hgtv.us	Hgtv HD [US]	direct	provider_13	hgtv.us	58	620877559b	Crashers | Renovation Island: The Adventure Continues | Home Town
hubpremier1.sg	Hub Premier 1 RAW [SG]	direct	provider_13	hubpremier1.sg	69	3737adf155	PL STORIES | PL WORLD BEATERS | PL BEST OF... PREMIER LEAGUE SCANDINAVIAN STARS
hubpremier2.sg	Hub Premier 2 UHD 3840p [SG]	direct	provider_13	hubpremier2.sg	8	569de84589	End of Transmission
hubpremier3.sg	Hub Premier 3 RAW [SG]	direct	provider_13	hubpremier3.sg	8	569de84589	End of Transmission
hubpremier4.sg	Hub Premier 4 RAW [SG]	direct	provider_13	hubpremier4.sg	8	569de84589	End of Transmission
hubpremier5.sg	Hub Premier 5 RAW [SG]	dummy			0		
hubpremier6.sg	Hub Premier 6 RAW [SG]	dummy			0		
hubpremier7.sg	Hub Premier 7 RAW [SG]	dummy			0		
hubpremier8.sg	Hub Premier 8 RAW [SG]	dummy			0		
hubsports1.sg	Hub Sports 1 RAW [SG]	direct	provider_13	hubsports1.sg	25	730ffd22e4	ATP Tour Review Show 2026 Rolex Monte-Carlo Masters:Rolex Monte-Carlo Masters | WTA All Access 2026:Episode 3 | World Snooker C'ship 2026 Day 17 Afternoon Session: Final (8):Day 17 Afternoon Session: Final (8)
hubsports2.sg	Hub Sports 2 RAW [SG]	direct	provider_13	hubsports2.sg	21	d51f8d9eed	UFC 2026 UFC 328: Chimaev vs Strickland:UFC 328: Chimaev vs Strickland | HSBC BWF World Tour 2026 TOYOTA Thailand Open p/b VICTOR (S500) QF Session 2:TOYOTA Thailand Open p/b VICTOR (S500) QF Session 2 | The Football Review 2026:#1364
hubsports3.sg	Hub Sports 3 RAW [SG]	direct	provider_13	hubsports3.sg	10	210732ab1c	PGA Tour 2026:RBC Canadian Open Round 4 | End of Transmission | Asian Tour 2026:International Series Morocco p/b Visit Morocco Round 3
hubsports4.sg	Hub Sports 4 RAW [SG]	direct	provider_13	hubsports4.sg	20	ef840eeb50	ICC Women's T20 World Cup 2026:M10: India vs Netherlands | End of Transmission | ICC Men's T20 World Cup 2026 HLs:M42: Super 8 - Sri Lanka vs England HLs
hubsports5.sg	Hub Sports 5 RAW [SG]	direct	provider_13	hubsports5.sg	10	bd120203c9	End of Transmission | ICC Women's T20 World Cup 2026 M11: South Africa vs Pakistan:M11: South Africa vs Pakistan
hubsports6.sg	Hub Sports 6 RAW [SG]	direct	provider_13	hubsports6.sg	10	5c1a2b013d	ATP Tour 2026 Terra Wortmann Open (500) Day 3 R2 Session 2:Terra Wortmann Open (500) Day 3 R2 Session 2 | End of Transmission | ATP Tour 2026 Terra Wortmann Open (500) Day 4 R2 Session 1:Terra Wortmann Open (500) Day 4 R2 Session 1
hubsports7.sg	Hub Sports 7 RAW [SG]	dummy			0		
hubsports8.sg	Hub Sports 8 RAW [SG]	dummy			0		
i24newsinEnglish.il	I24 News TV 4K [UK]	dummy			0		
itv3.uk	ITV 3 HD [UK]	direct	provider_13	itv3.uk	44	b3470df9bc	Midsomer Murders | Classic Emmerdale | Classic Coronation Street
itvquiz.uk	ITV Quiz 4K [UK]	direct	provider_13	itvquiz.uk	52	a00dbcccd7	Tenable | The Chase: Celebrity Special | Riddiculous
msnbc.us	Msnbc HD [US]	direct	provider_13	msnbc.us	36	42ae10ec48	Money, Power, Politics With Stephanie Ruhle | MS NOW Reports | On the Line With Alicia Menendez
mtv.uk	Mtv RAW [NOW]	direct	provider_13	mtv.uk	60	c3bc04710e	Catfish: The TV Show | Judge Judy | Help! I'm in a Secret Relationship
mtvurheilu2.fi	Mtv Urheilu 1 RAW [FL]	rescue-token	provider_13	MTV2.ca	12	f542034d68	SIGN OFF
news7whdh.us	7NEWS Boston (WHDH) HD [US]	direct	provider_13	news7whdh.us	74	53ba378b01	7 News Today in New England | Sherri | 7 News at Noon
nickelodeon.uk	Nickelodeon RAW [NOW]	direct	provider_13	nickelodeon.uk	104	7102021b20	The Patrick Star Show | SpongeBob SquarePants | The Boss Baby: Back in Business
nickjunior.uk	Nick Jr RAW [NOW]	direct	provider_13	nickjunior.uk	220	0c656cb291	Ben & Holly's Little Kingdom | Mr. Crocodile | Odo
nicktoons.uk	Nicktoons RAW [NOW]	direct	provider_13	nicktoons.uk	104	3f85874809	SpongeBob SquarePants | Wylde Pak | Alvinnn!!! and the Chipmunks
premiersports1.uk	Premier Sport 1 RAW [UK]	direct	provider_13	premiersports1.uk	42	a821bf221b	NHL Tonight | Sporting Greats | Mass Participation
premiersports2.uk	Premier Sport 2 RAW [UK]	direct	provider_13	premiersports2.uk	30	ee0f748e84	Temples of Sport | NASCAR O'Reilly Series | Bike World
reelzchannel.us	Reelz Famus HD [US]	direct	provider_13	reelzchannel.us	70	555ba756e7	Car Repair Secrets! | On Patrol: Live | Donald Sterling: Fortune Fight
showcase.uk	Sky Showcase HD [NOW]	dummy			0		
skyaction.uk	Sky Cinema Action HEVC 4K [UK]	direct	provider_13	skyaction.uk	25	89ac42fc2e	Gladiator II (2024) | Bad Boys (1995) | Fuze (2025)
skyarts.uk	Sky Arts 1 RAW [NOW]	direct	provider_13	skyarts.uk	56	f9cd0df994	Tales of the Unexpected | Alfred Hitchcock Hour | Discovering Lennon
skyatlantic.uk	Sky Atlantic RAW [NOW]	direct	provider_13	skyatlantic.uk	49	bebb62a4fe	Deadwood | Mussolini: Son Of The Century | House of the Dragon
skycomedy.uk	Sky Comedy RAW [NOW]	direct	provider_13	skycomedy.uk	78	05a7d714a7	The Reluctant Landlord | Based On A True Story | Will & Grace
skycrime.uk	Sky Crime RAW [NOW]	direct	provider_13	skycrime.uk	53	86f7ef074a	World's Most Evil Killers | How I Caught the Killer | What The Killer Did Next
skydocumentaries.uk	Sky Documentaries RAW [NOW]	direct	provider_13	skydocumentaries.uk	32	47fcccc831	Bobby Robson: More Than a Manager (2018) | Bobby (2016) | The Alien Autopsy Scandal
skydrama.uk	Sky Drama RAW [NOW]	direct	provider_13	skydrama.uk	24	c3271ffdb6	Drift (2023) | Grease (1978) | Grease 2 (1982)
skygreats.uk	Sky Greats RAW [NOW]	direct	provider_13	skygreats.uk	26	bb3705eccd	E.T. the Extra-Terrestrial (1982) | Birdy (1984) | Jerry Maguire (1996)
skyhistory.uk	Sky History RAW [NOW]	direct	provider_13	skyhistory.uk	56	c58753ca62	Mysteries Unearthed With Danny Trejo | Junk & Disorderly: Henry's Wreck-Trospective | American Pickers
skykids.uk	Sky Kids RAW [NOW]	rescue-token	UK1	Sky.Kids.HD.uk	431	de18d4fa52	Clifford | Tickety Toc | 64 Zoo Lane
skymax.uk	Sky MAX RAW [NOW]	direct	provider_13	skymax.uk	61	cb92f9db06	NCIS: Los Angeles | S.W.A.T | The Simpsons
skynature.uk	Sky Nature RAW [NOW]	direct	provider_13	skynature.uk	54	d1c416995e	Monkey Life | Orangutan Jungle School | Arctic Secrets
skyscifihorror.uk	Sky Scfi/Hor RAW [NOW]	direct	provider_13	skyscifihorror.uk	26	6e24782cbe	I Know What You Did Last Summer (2025) | Zombieland (2009) | The Nun (2018)
skyshowcase.uk	Sky Showcase RAW [NOW]	dummy			0		
skysport1.nz	Sky Sport 1 RAW [NZ]	direct	provider_13	skysport1.nz	32	b4c7f4b6eb	The Breakdown | England v BLACKCAPS | Gallagher Premiership
skysport2.nz	Sky Sport 2 RAW [NZ]	direct	provider_13	skysport2.nz	37	17d3ffd43f	ICC Women's T20 World Cup | NRL Premiership | Super Rugby Pacific
skysport3.nz	Sky Sport 3 RAW [NZ]	direct	provider_13	skysport3.nz	32	20c331c453	NRL Premiership | The Breakdown | Game of 2 Halves
skysport4.nz	Sky Sport 4 RAW [NZ]	direct	provider_13	skysport4.nz	34	0c8e782364	Late Braking | Porsche Supercup | The Outdoor Sports Show
skysport5.nz	Sky Sport 5 RAW [NZ]	direct	provider_13	skysport5.nz	35	fe4cbd1b6e	PGA Tour | LPGA | The Crowd Goes Wild
skysport6.nz	Sky Sport 6 RAW [NZ]	direct	provider_13	skysport6.nz	20	4707432d7d	Golf: Curtis Cup | PGA Tour | LPGA
skysport7.nz	Sky Sport 7 RAW [NZ]	direct	provider_13	skysport7.nz	25	48931d04ff	Major League Rugby | Between Two Posts | FIA Formula One World Championship
skysport9.nz	Sky Sport 9 RAW [NZ]	direct	provider_13	skysport9.nz	29	6245b801e7	AFL | AFL 360 | AFL First Crack Preview
skysportpremierleague.nz	Sky Sport Premier League RAW [NZ]	direct	provider_13	skysportpremierleague.nz	69	e2825cbe57	PL STORIES | PL WORLD BEATERS | PL BEST OF...
skysportsaction.uk	Sky Sport Action RAW [UK]	direct	provider_13	skysportsaction.uk	51	184c7fed30	NFL Football | Super League Rugby | World Club Challenge
skysportscricket.uk	Sky Sport Ckreckt RAW [UK]	direct	provider_13	skysportscricket.uk	41	acaa1616a9	Live Women's ICC World T20 Cricket | Test Cricket | Lauren Bell Masterclass
skysportselect.nz	Sky Sport Select RAW [NZ]	direct	provider_13	skysportselect.nz	50	288106bab6	UCI BMX Racing World Cup | Super Rugby Pacific | Super Rugby Aupiki
skysportsf1.uk	Sky Sport F1 RAW [UK]	direct	provider_13	skysportsf1.uk	51	8d6fb7f2d1	FIA Formula 2 Championship | Cirque De Soleil Feature | Ted's Notebook
skysportsfootball.uk	Sky Sport Football RAW [UK]	direct	provider_13	skysportsfootball.uk	63	3ba303adb3	World Cup Matchday | World Cup Report | EFL Cup Retro
skysportsgolf.uk	Sky Sport Golf RAW [UK]	direct	provider_13	skysportsgolf.uk	29	b1b864a3e4	US Open, PGA Tour Golf | Rose Ladies Series Golf | Principal Charity Classic, Champions Tour Golf
skysportsmainevent.uk	Sky Sport Main Event RAW [UK]	direct	provider_13	skysportsmainevent.uk	21	3d37f73128	ICC Women's T20 World Cup | World Cup Report | WNBA Basketball
skysportsmix.uk	Sky Sport Mix RAW [UK]	direct	provider_13	skysportsmix.uk	45	817abacd1d	The Premier League's Greatest Games | RBC Canadian Open, PGA Tour Golf | Formula 1
skysportsnews.uk	Sky Sport News RAW [UK]	direct	provider_13	skysportsnews.uk	50	e12f253170	World Cup Matchday | World Cup Report | World Cup Breakfast
skysportsplus.uk	Sky Sports+ RAW [NOW]	direct	provider_13	skysportsplus.uk	34	e04342cc68	ICC Women's T20 World Cup | World Cup Matchday | World Cup Report
skysportspremiereleague.uk	Sky Sport Prime Lige RAW [UK]	direct	provider_13	skysportspremiereleague.uk	70	21bf697659	Premier League Highlights | SNF | MNF Hlts
skysportsracing.uk	Sky Sport Racing RAW [UK]	direct	provider_13	skysportsracing.uk	20	207a4efbc9	Raceday | Stateside | Racing Specials
skysportstennis.uk	Sky Sport Tennis RAW [UK]	direct	provider_13	skysportstennis.uk	32	6235c2032a	ATP Tour: This Week | Tennis: ATP & WTA Libema Open 2026 | Tennis: Day Highlights
skythriller.uk	Sky Thriller RAW [NOW]	direct	provider_13	skythriller.uk	22	9883e41e6c	Detroit (2017) | Snatch (2000) | Ocean's Thirteen (2007)
skywitness.uk	Sky Witness RAW [UK]	direct	provider_13	skywitness.uk	65	b62c0f0d4f	The Rookie | Law & Order: Criminal Intent | Nothing to Declare
supersport1.al	Super Sport 1 RAW [AL]	direct	provider_13	supersport1.al	8	19eb42671a	Sport News | PASO
supersport2.al	Super Sport 2 RAW [AL]	direct	provider_13	supersport2.al	26	e435146820	Argjentine-Algjeri | Portugali-Kongo | Kapitenet e botes Ep.1
supersport3.al	Super Sport 3 RAW [AL]	direct	provider_13	supersport3.al	5	c2b8893f51	UFC: Topuria-Gaethje | INFO | Premier League Channel
supersport4.al	Super Sport 4 RAW [AL]	direct	provider_13	supersport4.al	26	4b629c1e6f	France-Brazil | SuperSport 4 - Program Sportiv | Turqi-Belgjike
supersport5.al	Super Sport 5 RAW [AL]	direct	provider_13	supersport5.al	6	45138ffced	INFO | Tenis: ATP Halle
supersport6.al	Super Sport 6 RAW [AL]	direct	provider_13	supersport6.al	4	b8a8dcea67	INFO
supersport7.al	Super Sport 7 RAW [AL]	direct	provider_13	supersport7.al	4	b8a8dcea67	INFO
talksport.uk	Talk Sport RAW [UK]	direct	provider_13	talksport.uk	16	ea64792865	World Cup GameDay Drive | World Cup GameDay Live England v Croatia | World Cup Sports Bar
tntsports1.uk	TNT Sport 1 RAW [UK]	direct	provider_13	tntsports1.uk	33	2564480b23	Major League Baseball | UEFA Europa League Goals Reload | UEFA Champions League Goals Reload
tntsports2.uk	TNT Sport 2 RAW [UK]	direct	provider_13	tntsports2.uk	41	d4fad5ec0c	Tour de Suisse | The Cycling Show | Ultimate Pool Champions League
tntsports3.uk	TNT Sport 3 RAW [UK]	direct	provider_13	tntsports3.uk	44	135c3793ac	Premier League Stories | Tour de Suisse | It's a Number's Game
tntsports4.uk	TNT Sport 4 RAW [UK]	direct	provider_13	tntsports4.uk	44	78cf63c195	Endurance Uncovered: Racing for Excellence | Belgium Tour | FIM Superbike World Championship Motorcycle Racing
truTV.us	Trutv 4K [US]	direct	provider_13	truTV.us	71	5e1a329655	Impractical Jokers | The DAZN Boxing Show | Super Bowl LIX Champions: 2024 Philadelphia Eagles
tv3life.lv	TV3 Life RAW [LV]	scrubbed-lang	provider_13	tv3life.lv	0		
vsportfootball.fi	V Sport Football RAW [FL]	direct	provider_13	vsportfootball.fi	18	988a4b5272	Ligue 1 | FA Cup: Review Show | Valioliiga: PL Stories
vsportgolf.fi	V Sport Golf RAW [FL]	direct	provider_13	vsportgolf.fi	12	74c8354c67	Golf: LPGA Tour | USGA Championship | G4D Open Highlights
vsportplus.fi	V Sport + Suomi RAW [FL]	direct	provider_13	vsportplus.fi	9	196343a80b	NHL | IndyCar Highlights | GP Confidential
vsportvinter.fi	V Sport Vinter RAW [FL]	direct	provider_13	vsportvinter.fi	12	7dbb4e6ff5	NHL | NHL Tonight
ᵁᴴᴰ: beIN Sp⚽rts 01 EN ᴿᴬᵂ	beIN Sports 01 English RAW [UHD]	dummy			0		
ᵁᴴᴰ: beIN Sp⚽rts 02 EN ᴿᴬᵂ	beIN Sports 02 English RAW [UHD]	dummy			0		
ᵁᴴᴰ: beIN Sp⚽rts 1 EN ʰᵉᵛᶜ	beIN Sports 1 English HEVC [UHD]	bein-override	bein-epg	beINSports1En.qa@MENA	121	8f22f4b6a0	EN French Ligue 1 Highlights 2025/26 Season Review | This is Paris 2025/26 Ep.40 | 🔴 LIVE: TOR vs BOS  -  MLB
ᵁᴴᴰ: beIN Sp⚽rts 1 EN ᴴᴰ	beIN Sports 1 English HD [UHD]	bein-override	bein-epg	beINSports1En.qa@MENA	121	8f22f4b6a0	EN French Ligue 1 Highlights 2025/26 Season Review | This is Paris 2025/26 Ep.40 | 🔴 LIVE: TOR vs BOS  -  MLB
ᵁᴴᴰ: beIN Sp⚽rts 1 ʰᵉᵛᶜ	beIN Sports 1 HEVC [UHD]	bein-override	bein-epg	beINSports1.qa@MENA	61	ae467e621a	Ligue 1  -  Film of the Season : Destiny | Paris Saint - Germain vs Arsenal | PSG Arrival To Paris After Won UCL 2026
ᵁᴴᴰ: beIN Sp⚽rts 1 ᴴᴰ	beIN Sports 1 HD [UHD]	bein-override	bein-epg	beINSports1.qa@MENA	61	ae467e621a	Ligue 1  -  Film of the Season : Destiny | Paris Saint - Germain vs Arsenal | PSG Arrival To Paris After Won UCL 2026
ᵁᴴᴰ: beIN Sp⚽rts 1 ᴿᴬᵂ	beIN Sports 1 RAW [UHD]	bein-override	bein-epg	beINSports1.qa@MENA	61	ae467e621a	Ligue 1  -  Film of the Season : Destiny | Paris Saint - Germain vs Arsenal | PSG Arrival To Paris After Won UCL 2026
ᵁᴴᴰ: beIN Sp⚽rts 2 EN ʰᵉᵛᶜ	beIN Sports 2 English HEVC [UHD]	bein-override	bein-epg	beINSports2En.qa@MENA	78	c0661a58dc	Zizou Bergs (BEL) vs Taylor Fritz (USA)  -  ATP 500 Terra Wortmann Open 2026 | Ben Shelton (USA) vs Lorenzo Sonego (ITA)  -  ATP 500 Terra Wortmann Open 2026 | Learner Tien (USA) vs Félix Auger - Aliassime (CAN)
ᵁᴴᴰ: beIN Sp⚽rts 2 EN ᴴᴰ	beIN Sports 2 English HD [UHD]	bein-override	bein-epg	beINSports2En.qa@MENA	78	c0661a58dc	Zizou Bergs (BEL) vs Taylor Fritz (USA)  -  ATP 500 Terra Wortmann Open 2026 | Ben Shelton (USA) vs Lorenzo Sonego (ITA)  -  ATP 500 Terra Wortmann Open 2026 | Learner Tien (USA) vs Félix Auger - Aliassime (CAN)
ᵁᴴᴰ: beIN Sp⚽rts 2 ʰᵉᵛᶜ	beIN Sports 2 HEVC [UHD]	bein-override	bein-epg	beINSports2.qa@MENA	60	3acf758643	Brentford vs Manchester United  -  English Premier League 2025/2026 Week 6 | Manchester City vs Burnley  -  English Premier League 2025/2026 Week 6 | Crystal Palace vs Liverpool  -  English Premier League 2025/2026 Week 6
ᵁᴴᴰ: beIN Sp⚽rts 2 ᴴᴰ	beIN Sports 2 HD [UHD]	bein-override	bein-epg	beINSports2.qa@MENA	60	3acf758643	Brentford vs Manchester United  -  English Premier League 2025/2026 Week 6 | Manchester City vs Burnley  -  English Premier League 2025/2026 Week 6 | Crystal Palace vs Liverpool  -  English Premier League 2025/2026 Week 6
ᵁᴴᴰ: beIN Sp⚽rts 2 ᴿᴬᵂ	beIN Sports 2 RAW [UHD]	bein-override	bein-epg	beINSports2.qa@MENA	60	3acf758643	Brentford vs Manchester United  -  English Premier League 2025/2026 Week 6 | Manchester City vs Burnley  -  English Premier League 2025/2026 Week 6 | Crystal Palace vs Liverpool  -  English Premier League 2025/2026 Week 6
ᵁᴴᴰ: beIN Sp⚽rts 3 ʰᵉᵛᶜ	beIN Sports 3 HEVC [UHD]	bein-override	bein-epg	beINSports3.qa@MENA	51	2f76910d0a	Atlético de Madrid vs Rayo Vallecano  -  Spanish LaLiga 2025/26 | Blooming (BOL) vs River Plate (ARG)  -  Conmebol Sudamericana Group Stage | Barcelona (ECU) vs Argentinos Juniors (ARG)  -  Copa Libertadores 2026
ᵁᴴᴰ: beIN Sp⚽rts 3 ᴴᴰ	beIN Sports 3 HD [UHD]	bein-override	bein-epg	beINSports3.qa@MENA	51	2f76910d0a	Atlético de Madrid vs Rayo Vallecano  -  Spanish LaLiga 2025/26 | Blooming (BOL) vs River Plate (ARG)  -  Conmebol Sudamericana Group Stage | Barcelona (ECU) vs Argentinos Juniors (ARG)  -  Copa Libertadores 2026
ᵁᴴᴰ: beIN Sp⚽rts 3 ᴿᴬᵂ	beIN Sports 3 RAW [UHD]	bein-override	bein-epg	beINSports3.qa@MENA	51	2f76910d0a	Atlético de Madrid vs Rayo Vallecano  -  Spanish LaLiga 2025/26 | Blooming (BOL) vs River Plate (ARG)  -  Conmebol Sudamericana Group Stage | Barcelona (ECU) vs Argentinos Juniors (ARG)  -  Copa Libertadores 2026
ᵁᴴᴰ: beIN Sp⚽rts 4 ʰᵉᵛᶜ	beIN Sports 4 HEVC [UHD]	bein-override	bein-epg	beINSports4.qa@MENA	73	9f6e31d7d9	Strasbourg vs Brest  -  French Ligue 1 2025/2026 Week 14 | Lorient vs Nice  -  French Ligue 1 2025/2026 Week 14 | World Cup 2026 Amazing Facts  -  Group C (#3)
ᵁᴴᴰ: beIN Sp⚽rts 4 ᴴᴰ	beIN Sports 4 HD [UHD]	bein-override	bein-epg	beINSports4.qa@MENA	73	9f6e31d7d9	Strasbourg vs Brest  -  French Ligue 1 2025/2026 Week 14 | Lorient vs Nice  -  French Ligue 1 2025/2026 Week 14 | World Cup 2026 Amazing Facts  -  Group C (#3)
ᵁᴴᴰ: beIN Sp⚽rts 4 ᴿᴬᵂ	beIN Sports 4 RAW [UHD]	bein-override	bein-epg	beINSports4.qa@MENA	73	9f6e31d7d9	Strasbourg vs Brest  -  French Ligue 1 2025/2026 Week 14 | Lorient vs Nice  -  French Ligue 1 2025/2026 Week 14 | World Cup 2026 Amazing Facts  -  Group C (#3)
ᵁᴴᴰ: beIN Sp⚽rts 5 ʰᵉᵛᶜ	beIN Sports 5 HEVC [UHD]	bein-override	bein-epg	beINSports5.qa@MENA	64	30a8fc3454	Gamba Osaka (JPN) vs Eastern FC (HKG)  -  AFC Champions League Two 2025/2026 | Nam Dinh FC (VIE) vs Ratchaburi FC (THA)  -  AFC Champions League Two 2025/2026 | Al Muharraq SC (BHR) vs Al Wehdat (JOR)  -  AFC Champions League Two 2025/2026
ᵁᴴᴰ: beIN Sp⚽rts 5 ᴴᴰ	beIN Sports 5 HD [UHD]	bein-override	bein-epg	beINSports5.qa@MENA	64	30a8fc3454	Gamba Osaka (JPN) vs Eastern FC (HKG)  -  AFC Champions League Two 2025/2026 | Nam Dinh FC (VIE) vs Ratchaburi FC (THA)  -  AFC Champions League Two 2025/2026 | Al Muharraq SC (BHR) vs Al Wehdat (JOR)  -  AFC Champions League Two 2025/2026
ᵁᴴᴰ: beIN Sp⚽rts 5 ᴿᴬᵂ	beIN Sports 5 RAW [UHD]	bein-override	bein-epg	beINSports5.qa@MENA	64	30a8fc3454	Gamba Osaka (JPN) vs Eastern FC (HKG)  -  AFC Champions League Two 2025/2026 | Nam Dinh FC (VIE) vs Ratchaburi FC (THA)  -  AFC Champions League Two 2025/2026 | Al Muharraq SC (BHR) vs Al Wehdat (JOR)  -  AFC Champions League Two 2025/2026
ᵁᴴᴰ: beIN Sp⚽rts 6 ʰᵉᵛᶜ	beIN Sports 6 HEVC [UHD]	norm-name	provider_1	beINSports6.qa@MENA	62	efeb0041ed	Al Hilal SC (SUD) vs Mamelodi Sundowns FC (RSA) - CAF Champions League 2025/26 MD4 | Young Africans (TAN) vs Al Ahly FC (EGY) - CAF Champions League 2025/26 MD4 | Atlético Petroleos (ANG) vs Stade Malien (MLI) - CAF Champions League 2025/26 MD4
ᵁᴴᴰ: beIN Sp⚽rts 6 ᴴᴰ	beIN Sports 6 HD [UHD]	norm-name	provider_1	beINSports6.qa@MENA	62	efeb0041ed	Al Hilal SC (SUD) vs Mamelodi Sundowns FC (RSA) - CAF Champions League 2025/26 MD4 | Young Africans (TAN) vs Al Ahly FC (EGY) - CAF Champions League 2025/26 MD4 | Atlético Petroleos (ANG) vs Stade Malien (MLI) - CAF Champions League 2025/26 MD4
ᵁᴴᴰ: beIN Sp⚽rts 6 ᴿᴬᵂ	beIN Sports 6 RAW [UHD]	norm-name	provider_1	beINSports6.qa@MENA	62	efeb0041ed	Al Hilal SC (SUD) vs Mamelodi Sundowns FC (RSA) - CAF Champions League 2025/26 MD4 | Young Africans (TAN) vs Al Ahly FC (EGY) - CAF Champions League 2025/26 MD4 | Atlético Petroleos (ANG) vs Stade Malien (MLI) - CAF Champions League 2025/26 MD4
ᵁᴴᴰ: beIN Sp⚽rts 7 ʰᵉᵛᶜ	beIN Sports 7 HEVC [UHD]	bein-override	bein-epg	beINSports7.qa@MENA	55	7032fbc95a	Alex De Minaur (AUS) vs Denis Shapovalov (CAN)  -  ATP 500 HSBC Championships 2026 | Adrian Mannarino (FRA) vs Arthur Fery (GBR)  -  ATP 500 HSBC Championships 2026 | Jenson Brooksby (USA) vs Francisco Cerundolo (ARG)  -  ATP 500 HSBC Championships 2026
ᵁᴴᴰ: beIN Sp⚽rts 7 ᴴᴰ	beIN Sports 7 HD [UHD]	bein-override	bein-epg	beINSports7.qa@MENA	55	7032fbc95a	Alex De Minaur (AUS) vs Denis Shapovalov (CAN)  -  ATP 500 HSBC Championships 2026 | Adrian Mannarino (FRA) vs Arthur Fery (GBR)  -  ATP 500 HSBC Championships 2026 | Jenson Brooksby (USA) vs Francisco Cerundolo (ARG)  -  ATP 500 HSBC Championships 2026
ᵁᴴᴰ: beIN Sp⚽rts 7 ᴿᴬᵂ	beIN Sports 7 RAW [UHD]	bein-override	bein-epg	beINSports7.qa@MENA	55	7032fbc95a	Alex De Minaur (AUS) vs Denis Shapovalov (CAN)  -  ATP 500 HSBC Championships 2026 | Adrian Mannarino (FRA) vs Arthur Fery (GBR)  -  ATP 500 HSBC Championships 2026 | Jenson Brooksby (USA) vs Francisco Cerundolo (ARG)  -  ATP 500 HSBC Championships 2026
ᵁᴴᴰ: beIN Sp⚽rts 8 ʰᵉᵛᶜ	beIN Sports 8 HEVC [UHD]	norm-name	provider_1	beINSports8.qa@MENA	69	9d1dc91cde	Race - Session 7 - 2026 FIA World Endurance Championship - 24H Le Mans Round | Race - Session 8 - 2026 FIA World Endurance Championship - 24H Le Mans Round | Main Race - F1 Barcelona - Catalunya Grand Prix - 2026
ᵁᴴᴰ: beIN Sp⚽rts 8 ᴴᴰ	beIN Sports 8 HD [UHD]	norm-name	provider_1	beINSports8.qa@MENA	69	9d1dc91cde	Race - Session 7 - 2026 FIA World Endurance Championship - 24H Le Mans Round | Race - Session 8 - 2026 FIA World Endurance Championship - 24H Le Mans Round | Main Race - F1 Barcelona - Catalunya Grand Prix - 2026
ᵁᴴᴰ: beIN Sp⚽rts 9 ʰᵉᵛᶜ	beIN Sports 9 HEVC [UHD]	norm-name	provider_1	5C08D9D3-C713-4F1F-947E-87C761428B9B	66	7525048932	Longines Global Champions Tour - St Tropez Jumping - Against The Clock With Jump Off | Longines Global Champions Tour - St Tropez Jumping - Grand Prix | Longines Global Champions Tour - Cannes Jumping - Round 1 Competition Team
ᵁᴴᴰ: beIN Sp⚽rts 9 ᴴᴰ	beIN Sports 9 HD [UHD]	norm-name	provider_1	5C08D9D3-C713-4F1F-947E-87C761428B9B	66	7525048932	Longines Global Champions Tour - St Tropez Jumping - Against The Clock With Jump Off | Longines Global Champions Tour - St Tropez Jumping - Grand Prix | Longines Global Champions Tour - Cannes Jumping - Round 1 Competition Team
ᵁᴴᴰ: beIN Sp⚽rts NBA ʰᵉᵛᶜ	beIN Sports NBA HEVC [UHD]	norm-name	provider_1	beINSportsNBA.qa@SD	0		
ᵁᴴᴰ: beIN Sp⚽rts NBA ᴴᴰ	beIN Sports NBA HD [UHD]	norm-name	provider_1	beINSportsNBA.qa@SD	0		
ᵁᴴᴰ: beIN Sp⚽rts NBA ᴿᴬᵂ	beIN Sports NBA RAW [UHD]	norm-name	provider_1	beINSportsNBA.qa@SD	0		
ᵁᴴᴰ: beIN Sp⚽rts XTRA 1 ʰᵉᵛᶜ	beIN Sports Xtra 1 HEVC [UHD]	bein-override	bein-epg	beINSportsXtra1.qa@MENA	96	567f14bb15	beIN SPORTS XTRA For Live And Exclusive Coverage of Premium Sporting Events  -  JUN
ᵁᴴᴰ: beIN Sp⚽rts XTRA 1 ᴴᴰ	beIN Sports Xtra 1 HD [UHD]	bein-override	bein-epg	beINSportsXtra1.qa@MENA	96	567f14bb15	beIN SPORTS XTRA For Live And Exclusive Coverage of Premium Sporting Events  -  JUN
ᵁᴴᴰ: beIN Sp⚽rts XTRA 1 ᴿᴬᵂ	beIN Sports Xtra 1 RAW [UHD]	bein-override	bein-epg	beINSportsXtra1.qa@MENA	96	567f14bb15	beIN SPORTS XTRA For Live And Exclusive Coverage of Premium Sporting Events  -  JUN
ᵁᴴᴰ: beIN Sp⚽rts XTRA 2 ʰᵉᵛᶜ	beIN Sports Xtra 2 HEVC [UHD]	bein-override	bein-epg	beINSportsXtra2.qa@MENA	96	567f14bb15	beIN SPORTS XTRA For Live And Exclusive Coverage of Premium Sporting Events  -  JUN
ᵁᴴᴰ: beIN Sp⚽rts XTRA 2 ᴴᴰ	beIN Sports Xtra 2 HD [UHD]	bein-override	bein-epg	beINSportsXtra2.qa@MENA	96	567f14bb15	beIN SPORTS XTRA For Live And Exclusive Coverage of Premium Sporting Events  -  JUN
ᵁᴴᴰ: beIN Sp⚽rts XTRA 2 ᴿᴬᵂ	beIN Sports Xtra 2 RAW [UHD]	bein-override	bein-epg	beINSportsXtra2.qa@MENA	96	567f14bb15	beIN SPORTS XTRA For Live And Exclusive Coverage of Premium Sporting Events  -  JUN
ᵁᴴᴰ: beIN Sp⚽rts XTRA 3 ʰᵉᵛᶜ	beIN Sports Xtra 3 HEVC [UHD]	dup-feed-scrub	provider_1	CDF1A4C8-26DD-4C33-A239-F729A3B09295	0		
ᵁᴴᴰ: beIN Sp⚽rts XTRA 3 ᴴᴰ	beIN Sports Xtra 3 HD [UHD]	dup-feed-scrub	provider_1	CDF1A4C8-26DD-4C33-A239-F729A3B09295	0		
ᵁᴴᴰ: beIN Sp⚽rts XTRA 3 ᴿᴬᵂ	beIN Sports Xtra 3 RAW [UHD]	dup-feed-scrub	provider_1	CDF1A4C8-26DD-4C33-A239-F729A3B09295	0		
